-- phpMyAdmin SQL Dump
-- version 5.2.1
-- https://www.phpmyadmin.net/
--
-- Máy chủ: 127.0.0.1
-- Thời gian đã tạo: Th5 26, 2025 lúc 06:16 PM
-- Phiên bản máy phục vụ: 10.4.32-MariaDB
-- Phiên bản PHP: 8.2.12

SET SQL_MODE = "NO_AUTO_VALUE_ON_ZERO";
START TRANSACTION;
SET time_zone = "+00:00";


/*!40101 SET @OLD_CHARACTER_SET_CLIENT=@@CHARACTER_SET_CLIENT */;
/*!40101 SET @OLD_CHARACTER_SET_RESULTS=@@CHARACTER_SET_RESULTS */;
/*!40101 SET @OLD_COLLATION_CONNECTION=@@COLLATION_CONNECTION */;
/*!40101 SET NAMES utf8mb4 */;

--
-- Cơ sở dữ liệu: `spy_agency`
--

-- --------------------------------------------------------

--
-- Cấu trúc bảng cho bảng `account`
--

CREATE TABLE `account` (
  `username` varchar(50) NOT NULL,
  `password` varchar(255) NOT NULL,
  `gmail` varchar(100) NOT NULL,
  `confirm` varchar(255) NOT NULL
) ENGINE=InnoDB DEFAULT CHARSET=utf8mb4 COLLATE=utf8mb4_general_ci;

--
-- Đang đổ dữ liệu cho bảng `account`
--

INSERT INTO `account` (`username`, `password`, `gmail`, `confirm`) VALUES
('admin123', '240be518fabd2724ddb6f04eeb1da5967448d7e831c08c8fa822809f74c720a9', 'admin123@gmail.com', 'admin123'),
('user123', 'e606e38b0d8c19b24cf0ee3808183162ea7cd63ff7912dbb22b5e803286b4446', 'admin@gmail.com', 'user123');

-- --------------------------------------------------------

--
-- Cấu trúc bảng cho bảng `affiliation`
--

CREATE TABLE `affiliation` (
  `affiliation_id` int(11) NOT NULL,
  `affiliation_name` varchar(255) DEFAULT NULL,
  `description` text DEFAULT NULL
) ENGINE=InnoDB DEFAULT CHARSET=utf8mb4 COLLATE=utf8mb4_general_ci;

--
-- Đang đổ dữ liệu cho bảng `affiliation`
--

INSERT INTO `affiliation` (`affiliation_id`, `affiliation_name`, `description`) VALUES
(1, 'Argus Global Security', 'Global private security and defense contractor specializing in high-risk operations'),
(2, 'Horizon Covert Affairs', 'Covert intelligence and secret operations for global stability'),
(3, 'Phoenix Foundation', 'Non-governmental organization providing covert operations to protect at-risk civilians'),
(4, 'Interpol', 'International criminal police organization'),
(5, 'GRU', 'Main foreign military intelligence agency of the Russian Federation'),
(6, 'Mossad', 'National intelligence agency of Israel, known for special operations'),
(7, 'Eclipse Tactical Operations', 'Tactical operations unit specializing in counter-terrorism'),
(8, 'Aegis Counterintelligence Unit', 'Counterintelligence unit focused on high-value security threats'),
(9, 'Quantum Intelligence Initiative', 'Elite intelligence initiative focusing on quantum-level data analysis'),
(10, 'Vector Strategic Intelligence', 'Strategic intelligence and risk assessment agency'),
(11, 'Omega Protocol', 'Elite protocol for covert and strategic military operations'),
(12, 'FBI', 'Federal Bureau of Investigation, specializing in domestic intelligence and law enforcement'),
(13, 'DGSE', 'Directorate-General for External Security, France'),
(14, 'Spectre Analytics', 'Analytics team specializing in threat detection and risk management'),
(15, 'Obelisk Data Acquisition Network', 'Network for clandestine data acquisition and analysis'),
(16, 'MI6', 'British foreign intelligence service'),
(17, 'Enigma Covert Solutions', 'Solutions provider for covert intelligence and espionage operations'),
(18, 'Cipher Security Solutions', 'Security firm specializing in encryption and data protection'),
(19, 'CNI', 'Centro Nacional de Inteligencia, Spain'),
(20, 'Axiom Confidential Operations', 'Confidential operations organization specializing in high-level secrecy'),
(21, 'Obsidian Order', 'Intelligence faction known for shadow operations'),
(22, 'RAW', 'Research and Analysis Wing, India'),
(23, 'Shadow Directive', 'Directive for covert and shadow intelligence activities'),
(24, 'CIA', 'Central Intelligence Agency, USA'),
(25, 'Nebula Tactical Division', 'Tactical division for clandestine operations'),
(26, 'ASIS', 'Australian Secret Intelligence Service'),
(27, 'Zenith Intelligence Consortium', 'Consortium of intelligence operatives focused on peak intelligence gathering'),
(28, 'Nexus Information Network', 'Information network for global intelligence exchange'),
(29, 'CSIS', 'Canadian Security Intelligence Service'),
(30, 'BND', 'Federal Intelligence Service, Germany'),
(31, 'KGB', 'Former main security agency for the Soviet Union'),
(32, 'Helios Reconnaissance Agency', 'Reconnaissance agency for high-level intelligence gathering'),
(33, 'DGFI', 'Directorate General of Forces Intelligence, Bangladesh'),
(34, 'NSA', 'National Security Agency, USA'),
(35, 'Pantheon Clandestine Services', 'Clandestine services specializing in highly classified missions'),
(36, 'Prism Intelligence Apparatus', 'Intelligence apparatus for advanced data processing and analysis'),
(37, 'Vortex Intelligence Collective', 'Collective focused on vortex intelligence gathering and analysis'),
(38, 'Sentinel Surveillance Systems', 'Surveillance systems providing monitoring services for intelligence'),
(39, 'GCHQ', 'Government Communications Headquarters, UK'),
(40, 'ISI', 'Inter-Services Intelligence, Pakistan'),
(41, 'Titan Information Logistics', 'Information logistics and secure data transfer operations'),
(42, 'Labyrinth Espionage Division', 'Division specializing in labyrinthine espionage strategies'),
(43, 'Hydra Counterespionage Group', 'Counterespionage group focused on internal security threats'),
(44, 'Secret Service', 'United States Secret Service'),
(45, 'Mirage Covert Technologies', 'Covert technologies firm specializing in stealth solutions'),
(46, 'SIS', 'Secret Intelligence Service, UK'),
(47, 'Chimera Intelligence Bureau', 'Bureau focused on chimera intelligence and deceptive operations'),
(48, 'SSB', 'Special Security Bureau, India'),
(49, 'Avalon Strategic Services', 'Strategic services provider specializing in operations on Avalon'),
(50, 'Polaris Clandestine Operations', 'Clandestine operations focusing on polar regions');

-- --------------------------------------------------------

--
-- Cấu trúc bảng cho bảng `affiliationrel`
--

CREATE TABLE `affiliationrel` (
  `agent_id` int(11) NOT NULL,
  `affiliation_id` int(11) NOT NULL,
  `affiliation_strength` varchar(20) DEFAULT NULL
) ENGINE=InnoDB DEFAULT CHARSET=utf8mb4 COLLATE=utf8mb4_general_ci;

--
-- Đang đổ dữ liệu cho bảng `affiliationrel`
--

INSERT INTO `affiliationrel` (`agent_id`, `affiliation_id`, `affiliation_strength`) VALUES
(1, 4, 'Unknown'),
(1, 7, 'Medium'),
(1, 16, 'Unknown'),
(1, 18, 'Low'),
(1, 19, 'Medium'),
(1, 22, 'High'),
(1, 26, 'Unknown'),
(1, 27, 'Unknown'),
(1, 36, 'Unknown'),
(1, 44, 'Low'),
(1, 46, 'Low'),
(1, 47, 'Medium'),
(1, 49, 'Unknown'),
(2, 4, 'Medium'),
(2, 5, 'Medium'),
(2, 8, 'Medium'),
(2, 10, 'High'),
(2, 15, 'Medium'),
(2, 17, 'High'),
(2, 25, 'Medium'),
(2, 26, 'Unknown'),
(2, 30, 'Low'),
(2, 31, 'Unknown'),
(2, 33, 'Low'),
(2, 34, 'Medium'),
(2, 35, 'High'),
(2, 44, 'Medium'),
(2, 47, 'Low'),
(2, 49, 'Unknown'),
(2, 50, 'Unknown'),
(3, 11, 'Medium'),
(3, 17, 'High'),
(3, 24, 'Medium'),
(3, 25, 'High'),
(3, 26, 'Low'),
(3, 32, 'Medium'),
(3, 33, 'High'),
(3, 34, 'Medium'),
(3, 35, 'High'),
(3, 37, 'Low'),
(3, 40, 'Low'),
(3, 41, 'Unknown'),
(3, 42, 'Unknown'),
(3, 43, 'Unknown'),
(3, 47, 'Low'),
(3, 48, 'Low'),
(3, 49, 'High'),
(3, 50, 'Low'),
(4, 4, 'Low'),
(4, 7, 'Low'),
(4, 9, 'Unknown'),
(4, 12, 'Medium'),
(4, 19, 'Low'),
(4, 22, 'Unknown'),
(4, 23, 'Low'),
(4, 24, 'Medium'),
(4, 26, 'Low'),
(4, 29, 'Unknown'),
(4, 35, 'Unknown'),
(4, 36, 'Low'),
(4, 37, 'Medium'),
(4, 39, 'Medium'),
(4, 40, 'Low'),
(4, 43, 'Low'),
(4, 45, 'Medium'),
(4, 46, 'Medium'),
(4, 48, 'Low'),
(5, 2, 'Medium'),
(5, 4, 'Unknown'),
(5, 12, 'Medium'),
(5, 18, 'Low'),
(5, 21, 'Low'),
(5, 25, 'High'),
(5, 26, 'Low'),
(5, 27, 'High'),
(5, 29, 'Medium'),
(5, 30, 'High'),
(5, 35, 'Low'),
(5, 36, 'Unknown'),
(5, 41, 'Medium'),
(6, 3, 'Medium'),
(6, 4, 'Low'),
(6, 7, 'Unknown'),
(6, 20, 'Medium'),
(6, 21, 'Medium'),
(6, 26, 'High'),
(6, 28, 'Low'),
(6, 30, 'Unknown'),
(6, 31, 'Medium'),
(6, 32, 'Medium'),
(6, 36, 'High'),
(6, 49, 'Low'),
(7, 3, 'Unknown'),
(7, 13, 'High'),
(7, 14, 'Medium'),
(7, 15, 'Low'),
(7, 21, 'Unknown'),
(7, 25, 'Medium'),
(7, 29, 'Medium'),
(7, 30, 'Low'),
(7, 32, 'Medium'),
(7, 39, 'Low'),
(7, 41, 'Low'),
(7, 47, 'High'),
(7, 48, 'Low'),
(7, 50, 'Low'),
(8, 2, 'Medium'),
(8, 3, 'Medium'),
(8, 7, 'Low'),
(8, 10, 'Low'),
(8, 17, 'Unknown'),
(8, 19, 'High'),
(8, 20, 'Low'),
(8, 21, 'Medium'),
(8, 24, 'Unknown'),
(8, 35, 'Low'),
(8, 41, 'Medium'),
(8, 44, 'High'),
(8, 49, 'High'),
(9, 3, 'High'),
(9, 4, 'Low'),
(9, 7, 'Low'),
(9, 9, 'Medium'),
(9, 10, 'Low'),
(9, 18, 'High'),
(9, 22, 'Low'),
(9, 27, 'Unknown'),
(9, 30, 'Low'),
(9, 31, 'Medium'),
(9, 32, 'Low'),
(9, 33, 'Medium'),
(9, 37, 'High'),
(9, 38, 'Medium'),
(9, 45, 'High'),
(9, 50, 'Unknown'),
(10, 3, 'Low'),
(10, 6, 'Medium'),
(10, 7, 'Medium'),
(10, 9, 'Unknown'),
(10, 10, 'Unknown'),
(10, 12, 'Low'),
(10, 14, 'High'),
(10, 16, 'Low'),
(10, 17, 'Low'),
(10, 24, 'High'),
(10, 25, 'Medium'),
(10, 27, 'Medium'),
(10, 28, 'Unknown'),
(10, 29, 'High'),
(10, 35, 'High'),
(10, 37, 'Low'),
(10, 38, 'Medium'),
(10, 41, 'Medium'),
(10, 42, 'High'),
(10, 46, 'Unknown'),
(10, 47, 'Unknown'),
(10, 48, 'Medium'),
(11, 4, 'Unknown'),
(11, 8, 'Medium'),
(11, 10, 'Medium'),
(11, 12, 'Medium'),
(11, 17, 'Medium'),
(11, 19, 'Medium'),
(11, 22, 'Low'),
(11, 27, 'High'),
(11, 29, 'Low'),
(11, 30, 'Medium'),
(11, 37, 'Medium'),
(11, 46, 'Low'),
(11, 48, 'Medium'),
(11, 49, 'High'),
(12, 1, 'Medium'),
(12, 3, 'Medium'),
(12, 14, 'Unknown'),
(12, 15, 'Low'),
(12, 17, 'High'),
(12, 19, 'Medium'),
(12, 22, 'Low'),
(12, 25, 'Medium'),
(12, 30, 'Medium'),
(12, 34, 'High'),
(12, 36, 'Low'),
(12, 37, 'Medium'),
(12, 40, 'Unknown'),
(12, 42, 'Low'),
(12, 44, 'High'),
(12, 45, 'Medium'),
(12, 46, 'Medium'),
(12, 47, 'Low'),
(13, 11, 'High'),
(13, 12, 'Unknown'),
(13, 13, 'High'),
(13, 19, 'Medium'),
(13, 20, 'High'),
(13, 22, 'Low'),
(13, 34, 'Medium'),
(13, 37, 'Low'),
(13, 38, 'Low'),
(13, 39, 'Low'),
(13, 46, 'Low'),
(14, 6, 'Unknown'),
(14, 13, 'Unknown'),
(14, 18, 'Medium'),
(14, 19, 'Unknown'),
(14, 20, 'Low'),
(14, 23, 'Low'),
(14, 25, 'Unknown'),
(14, 28, 'Medium'),
(14, 30, 'Low'),
(14, 31, 'Low'),
(14, 34, 'Low'),
(14, 36, 'High'),
(14, 42, 'Low'),
(14, 43, 'Medium'),
(14, 46, 'Unknown'),
(14, 49, 'Low'),
(15, 19, 'Medium'),
(15, 21, 'Medium'),
(15, 36, 'Unknown'),
(15, 42, 'High'),
(15, 43, 'Low'),
(15, 45, 'Low'),
(15, 47, 'Unknown'),
(16, 2, 'Low'),
(16, 3, 'Low'),
(16, 5, 'Low'),
(16, 13, 'Low'),
(16, 16, 'Low'),
(16, 19, 'Low'),
(16, 32, 'Medium'),
(16, 34, 'Low'),
(16, 38, 'High'),
(16, 40, 'High'),
(16, 41, 'Unknown'),
(16, 43, 'Low'),
(16, 48, 'Medium'),
(17, 3, 'Low'),
(17, 8, 'Unknown'),
(17, 17, 'Low'),
(17, 20, 'Unknown'),
(17, 23, 'Medium'),
(17, 27, 'Medium'),
(17, 29, 'Unknown'),
(17, 30, 'Medium'),
(17, 35, 'Low'),
(17, 36, 'Unknown'),
(17, 39, 'High'),
(17, 42, 'Low'),
(17, 43, 'Medium'),
(17, 47, 'High'),
(18, 4, 'Medium'),
(18, 6, 'Low'),
(18, 8, 'Medium'),
(18, 11, 'Unknown'),
(18, 12, 'Low'),
(18, 16, 'Low'),
(18, 18, 'Unknown'),
(18, 21, 'Medium'),
(18, 23, 'Unknown'),
(18, 24, 'Medium'),
(18, 26, 'Low'),
(18, 29, 'Unknown'),
(18, 31, 'Medium'),
(18, 32, 'Unknown'),
(18, 33, 'Medium'),
(18, 34, 'Medium'),
(18, 36, 'Medium'),
(18, 38, 'Medium'),
(18, 39, 'Low'),
(18, 40, 'Unknown'),
(18, 47, 'Medium'),
(18, 49, 'Low'),
(19, 4, 'Low'),
(19, 8, 'High'),
(19, 14, 'Medium'),
(19, 24, 'Low'),
(19, 26, 'Medium'),
(19, 27, 'Low'),
(19, 38, 'High'),
(19, 42, 'High'),
(19, 43, 'Medium'),
(19, 44, 'Medium'),
(19, 49, 'Unknown'),
(20, 5, 'Medium'),
(20, 8, 'Unknown'),
(20, 10, 'Medium'),
(20, 11, 'Medium'),
(20, 16, 'High'),
(20, 23, 'Low'),
(20, 25, 'High'),
(20, 26, 'High'),
(20, 28, 'Low'),
(20, 37, 'Low'),
(20, 42, 'Low'),
(20, 49, 'Unknown'),
(20, 50, 'Unknown'),
(21, 2, 'Low'),
(21, 3, 'Unknown'),
(21, 5, 'Low'),
(21, 6, 'Low'),
(21, 11, 'High'),
(21, 12, 'Unknown'),
(21, 13, 'Low'),
(21, 22, 'High'),
(21, 26, 'Low'),
(21, 33, 'High'),
(21, 34, 'Medium'),
(21, 38, 'Low'),
(21, 46, 'Medium'),
(21, 48, 'Medium'),
(22, 3, 'High'),
(22, 5, 'Low'),
(22, 6, 'Medium'),
(22, 9, 'Unknown'),
(22, 11, 'Unknown'),
(22, 13, 'High'),
(22, 14, 'High'),
(22, 15, 'Unknown'),
(22, 20, 'Unknown'),
(22, 24, 'Low'),
(22, 25, 'Low'),
(22, 27, 'Medium'),
(22, 30, 'Unknown'),
(22, 34, 'Medium'),
(22, 36, 'Low'),
(22, 37, 'High'),
(22, 38, 'Unknown'),
(22, 40, 'Medium'),
(22, 42, 'High'),
(22, 47, 'Low'),
(23, 1, 'Medium'),
(23, 11, 'Low'),
(23, 13, 'Unknown'),
(23, 14, 'Medium'),
(23, 16, 'High'),
(23, 19, 'Unknown'),
(23, 22, 'Low'),
(23, 30, 'Low'),
(23, 34, 'Low'),
(23, 37, 'Unknown'),
(23, 40, 'High'),
(23, 46, 'Low'),
(23, 49, 'Unknown'),
(23, 50, 'Medium'),
(24, 6, 'Low'),
(24, 12, 'Low'),
(24, 17, 'Medium'),
(24, 21, 'Medium'),
(24, 24, 'High'),
(24, 26, 'Low'),
(24, 34, 'Medium'),
(24, 37, 'Unknown'),
(24, 47, 'Medium'),
(24, 49, 'Unknown'),
(25, 4, 'Medium'),
(25, 7, 'Medium'),
(25, 13, 'Low'),
(25, 18, 'High'),
(25, 19, 'Medium'),
(25, 23, 'Low'),
(25, 24, 'Low'),
(25, 38, 'Low'),
(25, 41, 'Low'),
(25, 46, 'Unknown'),
(25, 47, 'Low'),
(25, 49, 'High'),
(25, 50, 'Low'),
(26, 6, 'Low'),
(26, 10, 'Unknown'),
(26, 12, 'Medium'),
(26, 16, 'Low'),
(26, 17, 'Unknown'),
(26, 18, 'Unknown'),
(26, 21, 'Low'),
(26, 22, 'High'),
(26, 23, 'Low'),
(26, 25, 'Medium'),
(26, 37, 'High'),
(26, 44, 'Medium'),
(26, 46, 'Medium'),
(26, 50, 'High'),
(27, 1, 'Low'),
(27, 3, 'Low'),
(27, 5, 'Unknown'),
(27, 7, 'Unknown'),
(27, 13, 'Low'),
(27, 15, 'Medium'),
(27, 17, 'Unknown'),
(27, 19, 'Medium'),
(27, 20, 'Low'),
(27, 23, 'Low'),
(27, 24, 'Low'),
(27, 29, 'Low'),
(27, 32, 'Low'),
(27, 37, 'Low'),
(27, 38, 'High'),
(27, 43, 'Low'),
(27, 48, 'Unknown'),
(28, 4, 'Medium'),
(28, 8, 'Low'),
(28, 9, 'Medium'),
(28, 12, 'Medium'),
(28, 13, 'High'),
(28, 23, 'High'),
(28, 29, 'Low'),
(28, 31, 'Medium'),
(28, 34, 'High'),
(28, 35, 'High'),
(28, 42, 'Low'),
(28, 47, 'Low'),
(28, 49, 'Unknown'),
(29, 3, 'Low'),
(29, 4, 'Low'),
(29, 6, 'Medium'),
(29, 8, 'Medium'),
(29, 13, 'Medium'),
(29, 15, 'Low'),
(29, 16, 'Low'),
(29, 17, 'Medium'),
(29, 20, 'High'),
(29, 21, 'Medium'),
(29, 24, 'Low'),
(29, 27, 'Unknown'),
(29, 31, 'Low'),
(29, 41, 'Low'),
(29, 42, 'High'),
(30, 1, 'Low'),
(30, 2, 'Low'),
(30, 5, 'Low'),
(30, 6, 'Medium'),
(30, 9, 'Low'),
(30, 11, 'Medium'),
(30, 12, 'Unknown'),
(30, 16, 'Medium'),
(30, 22, 'Medium'),
(30, 32, 'Low'),
(30, 37, 'Medium'),
(30, 43, 'Unknown'),
(30, 50, 'Medium'),
(31, 1, 'Unknown'),
(31, 2, 'Unknown'),
(31, 4, 'Low'),
(31, 5, 'Unknown'),
(31, 11, 'Medium'),
(31, 21, 'High'),
(31, 25, 'Medium'),
(31, 26, 'High'),
(31, 29, 'Medium'),
(31, 41, 'Unknown'),
(31, 44, 'Low'),
(31, 46, 'Low'),
(31, 49, 'Medium'),
(32, 2, 'Unknown'),
(32, 3, 'Low'),
(32, 5, 'High'),
(32, 9, 'Low'),
(32, 17, 'Low'),
(32, 19, 'Medium'),
(32, 23, 'Medium'),
(32, 27, 'Medium'),
(32, 28, 'Unknown'),
(32, 29, 'Medium'),
(32, 33, 'Unknown'),
(32, 36, 'Unknown'),
(32, 39, 'Unknown'),
(32, 41, 'Medium'),
(32, 42, 'High'),
(32, 47, 'Medium'),
(32, 48, 'Low'),
(33, 2, 'Low'),
(33, 3, 'Unknown'),
(33, 7, 'Low'),
(33, 15, 'Medium'),
(33, 16, 'Low'),
(33, 21, 'Low'),
(33, 22, 'Low'),
(33, 23, 'Low'),
(33, 24, 'Low'),
(33, 28, 'Unknown'),
(33, 35, 'Unknown'),
(33, 36, 'Medium'),
(33, 38, 'Medium'),
(33, 39, 'Low'),
(33, 41, 'Low'),
(33, 42, 'Medium'),
(33, 43, 'Low'),
(33, 45, 'Low'),
(34, 6, 'High'),
(34, 7, 'Medium'),
(34, 8, 'Medium'),
(34, 10, 'Medium'),
(34, 16, 'Unknown'),
(34, 27, 'Medium'),
(34, 29, 'Medium'),
(34, 35, 'Low'),
(34, 36, 'Unknown'),
(34, 37, 'Low'),
(34, 39, 'Medium'),
(34, 41, 'Low'),
(34, 42, 'High'),
(34, 47, 'Low'),
(35, 2, 'Medium'),
(35, 4, 'Low'),
(35, 7, 'Low'),
(35, 15, 'Low'),
(35, 17, 'Unknown'),
(35, 25, 'Unknown'),
(35, 38, 'High'),
(35, 40, 'High'),
(35, 41, 'Unknown'),
(35, 47, 'High'),
(36, 1, 'Medium'),
(36, 4, 'Medium'),
(36, 9, 'Low'),
(36, 14, 'Low'),
(36, 15, 'Medium'),
(36, 16, 'High'),
(36, 25, 'Medium'),
(36, 31, 'Low'),
(36, 39, 'Low'),
(36, 41, 'Medium'),
(36, 47, 'Medium'),
(36, 49, 'Medium'),
(37, 2, 'Low'),
(37, 30, 'Low'),
(37, 33, 'High'),
(37, 41, 'Unknown'),
(37, 42, 'Low'),
(37, 43, 'Low'),
(37, 45, 'Unknown'),
(37, 46, 'Unknown'),
(37, 50, 'Unknown'),
(38, 1, 'Unknown'),
(38, 8, 'Low'),
(38, 10, 'Medium'),
(38, 12, 'Low'),
(38, 14, 'Medium'),
(38, 15, 'High'),
(38, 22, 'Medium'),
(38, 28, 'Medium'),
(38, 29, 'Unknown'),
(38, 32, 'Medium'),
(38, 33, 'Low'),
(38, 34, 'Medium'),
(38, 39, 'Low'),
(38, 45, 'Unknown'),
(39, 4, 'Unknown'),
(39, 7, 'Medium'),
(39, 12, 'Medium'),
(39, 13, 'Low'),
(39, 20, 'Medium'),
(39, 22, 'Low'),
(39, 26, 'High'),
(39, 28, 'Low'),
(39, 29, 'Unknown'),
(39, 34, 'Low'),
(39, 37, 'High'),
(39, 41, 'Low'),
(39, 46, 'Medium'),
(39, 49, 'Low'),
(40, 10, 'Low'),
(40, 12, 'Low'),
(40, 14, 'Medium'),
(40, 23, 'Medium'),
(40, 28, 'Unknown'),
(40, 30, 'Medium'),
(40, 32, 'High'),
(40, 36, 'Medium'),
(40, 37, 'Low'),
(40, 40, 'Medium'),
(40, 41, 'Low'),
(40, 42, 'Medium'),
(40, 44, 'Medium'),
(41, 2, 'Medium'),
(41, 4, 'Medium'),
(41, 22, 'High'),
(41, 23, 'Low'),
(41, 24, 'Low'),
(41, 27, 'High'),
(41, 29, 'High'),
(41, 30, 'Unknown'),
(41, 32, 'Medium'),
(41, 38, 'High'),
(41, 42, 'Low'),
(41, 44, 'Medium'),
(41, 46, 'Low'),
(42, 3, 'Unknown'),
(42, 4, 'Unknown'),
(42, 7, 'High'),
(42, 8, 'Unknown'),
(42, 10, 'High'),
(42, 11, 'Low'),
(42, 15, 'Unknown'),
(42, 18, 'Low'),
(42, 23, 'Unknown'),
(42, 25, 'Low'),
(42, 28, 'Unknown'),
(42, 32, 'High'),
(42, 33, 'Medium'),
(42, 35, 'Low'),
(42, 40, 'Unknown'),
(42, 42, 'High'),
(42, 43, 'Medium'),
(42, 47, 'High'),
(42, 48, 'Medium'),
(42, 50, 'Medium'),
(43, 1, 'Low'),
(43, 2, 'High'),
(43, 5, 'Low'),
(43, 10, 'Medium'),
(43, 11, 'Medium'),
(43, 13, 'Low'),
(43, 22, 'Unknown'),
(43, 23, 'Low'),
(43, 29, 'Medium'),
(43, 30, 'Low'),
(43, 31, 'Medium'),
(43, 33, 'Medium'),
(43, 34, 'Unknown'),
(43, 38, 'Medium'),
(44, 2, 'Medium'),
(44, 4, 'Unknown'),
(44, 5, 'Medium'),
(44, 6, 'Medium'),
(44, 8, 'Unknown'),
(44, 9, 'Low'),
(44, 10, 'Low'),
(44, 11, 'Low'),
(44, 13, 'Low'),
(44, 17, 'Unknown'),
(44, 20, 'Low'),
(44, 23, 'Medium'),
(44, 26, 'Medium'),
(44, 32, 'Low'),
(44, 43, 'High'),
(44, 49, 'Medium'),
(44, 50, 'High'),
(45, 4, 'Medium'),
(45, 5, 'Unknown'),
(45, 12, 'Medium'),
(45, 13, 'Unknown'),
(45, 16, 'High'),
(45, 23, 'Low'),
(45, 28, 'Low'),
(45, 36, 'Unknown'),
(45, 44, 'High'),
(45, 49, 'Low'),
(45, 50, 'Medium'),
(46, 1, 'Medium'),
(46, 6, 'Low'),
(46, 11, 'Unknown'),
(46, 14, 'Medium'),
(46, 15, 'Unknown'),
(46, 17, 'Low'),
(46, 18, 'Medium'),
(46, 19, 'Low'),
(46, 22, 'Medium'),
(46, 23, 'Low'),
(46, 27, 'Medium'),
(46, 32, 'Medium'),
(46, 33, 'Medium'),
(46, 35, 'Unknown'),
(46, 39, 'Low'),
(46, 40, 'Low'),
(46, 41, 'High'),
(46, 43, 'Low'),
(46, 47, 'High'),
(47, 2, 'Medium'),
(47, 5, 'Low'),
(47, 6, 'Low'),
(47, 7, 'Medium'),
(47, 8, 'Unknown'),
(47, 14, 'Medium'),
(47, 17, 'Unknown'),
(47, 22, 'Medium'),
(47, 23, 'Low'),
(47, 26, 'Medium'),
(47, 30, 'Medium'),
(47, 32, 'Low'),
(47, 39, 'Low'),
(47, 46, 'Low'),
(47, 48, 'Low'),
(47, 49, 'Medium'),
(47, 50, 'Unknown'),
(48, 4, 'Unknown'),
(48, 7, 'High'),
(48, 13, 'Unknown'),
(48, 14, 'Unknown'),
(48, 16, 'Unknown'),
(48, 21, 'Low'),
(48, 25, 'High'),
(48, 27, 'Unknown'),
(48, 29, 'High'),
(48, 31, 'Low'),
(48, 35, 'Low'),
(48, 36, 'Medium'),
(48, 37, 'Medium'),
(48, 41, 'Unknown'),
(48, 45, 'Low'),
(48, 48, 'High'),
(49, 3, 'Unknown'),
(49, 4, 'Medium'),
(49, 6, 'Low'),
(49, 8, 'Unknown'),
(49, 11, 'Low'),
(49, 15, 'High'),
(49, 17, 'Unknown'),
(49, 18, 'Low'),
(49, 19, 'Unknown'),
(49, 36, 'Medium'),
(49, 37, 'Low'),
(49, 39, 'Low'),
(49, 41, 'Medium'),
(49, 45, 'Medium'),
(49, 49, 'High'),
(50, 1, 'Unknown'),
(50, 25, 'High'),
(50, 32, 'High'),
(50, 34, 'Low'),
(50, 38, 'Medium'),
(50, 39, 'Low'),
(50, 41, 'Low'),
(50, 48, 'Medium'),
(51, 3, 'Medium'),
(51, 10, 'Low'),
(51, 17, 'Medium'),
(51, 20, 'Low'),
(51, 23, 'Low'),
(51, 25, 'Medium'),
(51, 34, 'High'),
(51, 37, 'High'),
(51, 49, 'High'),
(52, 10, 'Low'),
(52, 11, 'Unknown'),
(52, 14, 'Medium'),
(52, 16, 'Low'),
(52, 17, 'Low'),
(52, 28, 'Low'),
(52, 29, 'Unknown'),
(52, 33, 'Medium'),
(52, 36, 'Low'),
(52, 39, 'Unknown'),
(52, 41, 'Medium'),
(53, 7, 'Low'),
(53, 21, 'Low'),
(53, 22, 'Medium'),
(53, 23, 'Medium'),
(53, 24, 'Low'),
(53, 31, 'Medium'),
(53, 34, 'Low'),
(53, 37, 'Low'),
(53, 41, 'Low'),
(53, 44, 'Medium'),
(54, 7, 'Unknown'),
(54, 9, 'Unknown'),
(54, 11, 'Medium'),
(54, 12, 'Unknown'),
(54, 16, 'High'),
(54, 20, 'Medium'),
(54, 22, 'High'),
(54, 29, 'Medium'),
(54, 31, 'Medium'),
(54, 34, 'Unknown'),
(54, 38, 'High'),
(54, 39, 'Unknown'),
(54, 42, 'Medium'),
(54, 44, 'High'),
(55, 2, 'Low'),
(55, 6, 'Medium'),
(55, 9, 'Medium'),
(55, 14, 'High'),
(55, 15, 'Low'),
(55, 22, 'Low'),
(55, 23, 'High'),
(55, 37, 'Low'),
(55, 42, 'High'),
(56, 2, 'High'),
(56, 5, 'High'),
(56, 9, 'Medium'),
(56, 12, 'Low'),
(56, 13, 'Medium'),
(56, 16, 'Unknown'),
(56, 21, 'Low'),
(56, 30, 'Medium'),
(56, 33, 'Unknown'),
(56, 39, 'Medium'),
(56, 41, 'High'),
(56, 43, 'High'),
(56, 44, 'Low'),
(56, 48, 'Low'),
(56, 50, 'Low'),
(57, 15, 'Low'),
(57, 18, 'Medium'),
(57, 22, 'High'),
(57, 24, 'Medium'),
(57, 25, 'Medium'),
(57, 29, 'Low'),
(57, 34, 'High'),
(57, 36, 'Unknown'),
(57, 37, 'Unknown'),
(57, 38, 'High'),
(57, 42, 'Medium'),
(57, 45, 'Medium'),
(57, 47, 'Medium'),
(58, 5, 'Unknown'),
(58, 22, 'Medium'),
(58, 25, 'Low'),
(58, 26, 'Low'),
(58, 27, 'Medium'),
(58, 31, 'Medium'),
(58, 32, 'Medium'),
(58, 35, 'Unknown'),
(58, 36, 'Low'),
(58, 38, 'Medium'),
(58, 40, 'High'),
(58, 41, 'Medium'),
(58, 42, 'Unknown'),
(58, 43, 'Unknown'),
(58, 50, 'Medium'),
(59, 5, 'Unknown'),
(59, 6, 'Unknown'),
(59, 7, 'High'),
(59, 14, 'Low'),
(59, 16, 'Unknown'),
(59, 17, 'Unknown'),
(59, 18, 'Low'),
(59, 21, 'High'),
(59, 23, 'Medium'),
(59, 25, 'Medium'),
(59, 26, 'Medium'),
(59, 35, 'Low'),
(59, 36, 'Unknown'),
(59, 37, 'Medium'),
(59, 38, 'Low'),
(59, 41, 'Low'),
(59, 46, 'Low'),
(59, 50, 'Low'),
(60, 2, 'Medium'),
(60, 4, 'Low'),
(60, 7, 'Low'),
(60, 8, 'Low'),
(60, 18, 'Low'),
(60, 19, 'Medium'),
(60, 21, 'Medium'),
(60, 23, 'Low'),
(60, 31, 'Medium'),
(60, 32, 'Medium'),
(60, 34, 'Low'),
(60, 37, 'Low'),
(60, 41, 'Medium'),
(60, 42, 'High'),
(60, 49, 'Medium'),
(61, 10, 'Low'),
(61, 12, 'Medium'),
(61, 13, 'Low'),
(61, 15, 'Medium'),
(61, 19, 'Medium'),
(61, 21, 'Medium'),
(61, 22, 'Low'),
(61, 24, 'Medium'),
(61, 26, 'Unknown'),
(61, 40, 'Low'),
(61, 46, 'Medium'),
(61, 49, 'Low'),
(61, 50, 'Unknown'),
(62, 5, 'High'),
(62, 12, 'Unknown'),
(62, 14, 'Low'),
(62, 17, 'Low'),
(62, 21, 'Low'),
(62, 28, 'Low'),
(62, 29, 'Low'),
(62, 36, 'Medium'),
(62, 45, 'Medium'),
(62, 47, 'Unknown'),
(62, 49, 'Low'),
(62, 50, 'High'),
(63, 1, 'High'),
(63, 6, 'Medium'),
(63, 8, 'High'),
(63, 11, 'Low'),
(63, 12, 'High'),
(63, 18, 'Medium'),
(63, 23, 'Low'),
(63, 24, 'Low'),
(63, 29, 'Medium'),
(63, 31, 'Medium'),
(63, 36, 'Unknown'),
(63, 37, 'Unknown'),
(63, 41, 'Medium'),
(63, 42, 'Unknown'),
(63, 45, 'Medium'),
(63, 48, 'Low'),
(64, 2, 'Unknown'),
(64, 9, 'Low'),
(64, 13, 'Unknown'),
(64, 17, 'Low'),
(64, 19, 'Medium'),
(64, 20, 'Medium'),
(64, 21, 'Low'),
(64, 26, 'Low'),
(64, 28, 'Unknown'),
(64, 34, 'Low'),
(64, 36, 'Unknown'),
(64, 37, 'Low'),
(64, 46, 'Medium'),
(65, 2, 'Medium'),
(65, 3, 'Medium'),
(65, 6, 'Low'),
(65, 7, 'Low'),
(65, 8, 'Medium'),
(65, 10, 'Medium'),
(65, 16, 'Low'),
(65, 17, 'Low'),
(65, 18, 'High'),
(65, 23, 'Medium'),
(65, 26, 'Medium'),
(65, 27, 'High'),
(65, 30, 'High'),
(65, 35, 'Low'),
(65, 36, 'High'),
(66, 7, 'Unknown'),
(66, 11, 'Medium'),
(66, 13, 'Medium'),
(66, 16, 'Unknown'),
(66, 17, 'Low'),
(66, 18, 'Medium'),
(66, 19, 'High'),
(66, 21, 'Low'),
(66, 23, 'Unknown'),
(66, 26, 'Unknown'),
(66, 32, 'High'),
(66, 33, 'Low'),
(66, 34, 'High'),
(66, 35, 'Unknown'),
(66, 36, 'High'),
(66, 38, 'Unknown'),
(66, 43, 'Low'),
(66, 45, 'High'),
(66, 50, 'Medium'),
(67, 3, 'Low'),
(67, 5, 'Unknown'),
(67, 6, 'High'),
(67, 8, 'Medium'),
(67, 12, 'Medium'),
(67, 14, 'Low'),
(67, 16, 'Medium'),
(67, 17, 'Unknown'),
(67, 21, 'High'),
(67, 22, 'Medium'),
(67, 23, 'Low'),
(67, 26, 'Medium'),
(67, 27, 'Low'),
(67, 46, 'High'),
(68, 1, 'Unknown'),
(68, 7, 'High'),
(68, 11, 'Medium'),
(68, 12, 'High'),
(68, 15, 'High'),
(68, 17, 'Medium'),
(68, 20, 'Medium'),
(68, 22, 'Medium'),
(68, 23, 'Low'),
(68, 25, 'Medium'),
(68, 26, 'Low'),
(68, 30, 'Unknown'),
(68, 31, 'Low'),
(68, 33, 'Low'),
(68, 36, 'High'),
(68, 43, 'Low'),
(68, 45, 'Unknown'),
(68, 47, 'Unknown'),
(68, 48, 'Low'),
(69, 1, 'Medium'),
(69, 8, 'Unknown'),
(69, 9, 'High'),
(69, 15, 'Medium'),
(69, 16, 'Low'),
(69, 19, 'Low'),
(69, 21, 'Unknown'),
(69, 22, 'Unknown'),
(69, 24, 'Medium'),
(69, 35, 'Unknown'),
(69, 45, 'Unknown'),
(70, 4, 'High'),
(70, 7, 'Unknown'),
(70, 9, 'Medium'),
(70, 12, 'Low'),
(70, 14, 'High'),
(70, 15, 'Low'),
(70, 17, 'High'),
(70, 18, 'Unknown'),
(70, 19, 'Unknown'),
(70, 24, 'High'),
(70, 28, 'Low'),
(70, 34, 'High'),
(70, 35, 'High'),
(70, 37, 'Medium'),
(70, 40, 'Medium'),
(70, 45, 'Unknown'),
(70, 47, 'Low'),
(70, 48, 'Medium'),
(70, 49, 'High'),
(71, 3, 'Medium'),
(71, 8, 'Low'),
(71, 13, 'Unknown'),
(71, 15, 'Unknown'),
(71, 20, 'Low'),
(71, 21, 'Medium'),
(71, 22, 'Unknown'),
(71, 23, 'Medium'),
(71, 25, 'Low'),
(71, 26, 'Medium'),
(71, 28, 'Medium'),
(71, 32, 'Medium'),
(71, 35, 'Medium'),
(71, 36, 'Low'),
(71, 37, 'Low'),
(71, 43, 'Medium'),
(71, 45, 'Low'),
(71, 50, 'Medium'),
(72, 2, 'High'),
(72, 4, 'Medium'),
(72, 7, 'Medium'),
(72, 10, 'High'),
(72, 15, 'High'),
(72, 16, 'Medium'),
(72, 17, 'Low'),
(72, 19, 'Low'),
(72, 20, 'Medium'),
(72, 23, 'Medium'),
(72, 24, 'Medium'),
(72, 25, 'Low'),
(72, 39, 'Medium'),
(72, 40, 'Unknown'),
(72, 48, 'Low'),
(72, 49, 'Medium'),
(73, 12, 'Low'),
(73, 13, 'High'),
(73, 21, 'Low'),
(73, 24, 'Unknown'),
(73, 31, 'Medium'),
(73, 36, 'Low'),
(73, 41, 'Medium'),
(73, 46, 'Low'),
(73, 49, 'Low'),
(73, 50, 'High'),
(74, 1, 'Low'),
(74, 4, 'Low'),
(74, 6, 'Low'),
(74, 10, 'Unknown'),
(74, 18, 'Medium'),
(74, 23, 'Medium'),
(74, 25, 'Low'),
(74, 26, 'High'),
(74, 28, 'Medium'),
(74, 30, 'Unknown'),
(74, 32, 'Low'),
(74, 40, 'Low'),
(74, 46, 'Unknown'),
(74, 50, 'Low'),
(75, 4, 'Unknown'),
(75, 5, 'Medium'),
(75, 13, 'Low'),
(75, 20, 'Medium'),
(75, 21, 'Medium'),
(75, 33, 'Low'),
(75, 37, 'High'),
(75, 39, 'Low'),
(75, 42, 'Low'),
(75, 44, 'Medium'),
(75, 49, 'Unknown'),
(76, 9, 'High'),
(76, 14, 'Low'),
(76, 15, 'Medium'),
(76, 17, 'Medium'),
(76, 20, 'Medium'),
(76, 23, 'Medium'),
(76, 26, 'Unknown'),
(76, 30, 'Medium'),
(76, 43, 'Medium'),
(77, 1, 'Medium'),
(77, 5, 'High'),
(77, 6, 'Low'),
(77, 11, 'Unknown'),
(77, 13, 'Medium'),
(77, 23, 'Low'),
(77, 25, 'Low'),
(77, 26, 'Low'),
(77, 34, 'High'),
(77, 35, 'Unknown'),
(77, 36, 'Low'),
(77, 39, 'Low'),
(77, 41, 'Low'),
(77, 43, 'High'),
(77, 47, 'Medium'),
(78, 5, 'Low'),
(78, 6, 'Low'),
(78, 12, 'Low'),
(78, 22, 'Medium'),
(78, 24, 'Medium'),
(78, 29, 'Medium'),
(78, 31, 'Low'),
(78, 32, 'Low'),
(78, 38, 'Medium'),
(78, 39, 'Medium'),
(78, 43, 'Low'),
(78, 45, 'Low'),
(78, 47, 'High'),
(79, 4, 'Low'),
(79, 7, 'High'),
(79, 10, 'High'),
(79, 11, 'Low'),
(79, 12, 'Low'),
(79, 15, 'Unknown'),
(79, 21, 'Low'),
(79, 28, 'Unknown'),
(79, 33, 'Medium'),
(79, 35, 'Medium'),
(79, 39, 'Medium'),
(79, 42, 'Low'),
(79, 50, 'Unknown'),
(80, 2, 'Low'),
(80, 6, 'Medium'),
(80, 11, 'Unknown'),
(80, 12, 'Medium'),
(80, 18, 'Low'),
(80, 19, 'Medium'),
(80, 23, 'Medium'),
(80, 27, 'Low'),
(80, 28, 'Low'),
(80, 31, 'High'),
(80, 32, 'Medium'),
(80, 38, 'Low'),
(80, 39, 'Low'),
(80, 40, 'Low'),
(80, 41, 'Low'),
(80, 42, 'Medium'),
(80, 43, 'Low'),
(80, 44, 'High'),
(80, 45, 'Medium'),
(80, 49, 'Low'),
(80, 50, 'Low'),
(81, 5, 'Medium'),
(81, 8, 'High'),
(81, 11, 'High'),
(81, 15, 'Low'),
(81, 16, 'High'),
(81, 25, 'Medium'),
(81, 26, 'Medium'),
(81, 30, 'Low'),
(81, 34, 'Low'),
(81, 47, 'Medium'),
(81, 49, 'Unknown'),
(81, 50, 'Low'),
(82, 3, 'Medium'),
(82, 5, 'Low'),
(82, 8, 'Medium'),
(82, 10, 'Low'),
(82, 13, 'High'),
(82, 20, 'Medium'),
(82, 21, 'Low'),
(82, 22, 'Medium'),
(82, 25, 'High'),
(82, 34, 'Unknown'),
(82, 38, 'Medium'),
(82, 40, 'Medium'),
(82, 49, 'High'),
(83, 7, 'Low'),
(83, 14, 'Low'),
(83, 16, 'Medium'),
(83, 19, 'Low'),
(83, 22, 'Medium'),
(83, 23, 'Low'),
(83, 24, 'High'),
(83, 26, 'Low'),
(83, 27, 'Low'),
(83, 33, 'Medium'),
(83, 40, 'Unknown'),
(83, 41, 'Low'),
(83, 46, 'Low'),
(83, 47, 'Low'),
(84, 2, 'Medium'),
(84, 4, 'Low'),
(84, 7, 'Low'),
(84, 9, 'Medium'),
(84, 10, 'High'),
(84, 13, 'Medium'),
(84, 14, 'Low'),
(84, 15, 'Low'),
(84, 22, 'Medium'),
(84, 25, 'Medium'),
(84, 29, 'Medium'),
(84, 33, 'Unknown'),
(84, 34, 'Unknown'),
(84, 45, 'Medium'),
(85, 3, 'High'),
(85, 4, 'Medium'),
(85, 10, 'High'),
(85, 24, 'Medium'),
(85, 29, 'Unknown'),
(85, 30, 'Unknown'),
(85, 37, 'Medium'),
(85, 41, 'Medium'),
(85, 44, 'Medium'),
(85, 46, 'Medium'),
(85, 49, 'High'),
(86, 1, 'Low'),
(86, 4, 'Medium'),
(86, 13, 'High'),
(86, 14, 'High'),
(86, 15, 'Low'),
(86, 19, 'Low'),
(86, 22, 'Unknown'),
(86, 28, 'High'),
(86, 32, 'Unknown'),
(86, 37, 'Medium'),
(86, 39, 'Medium'),
(86, 42, 'Low'),
(86, 44, 'Medium'),
(86, 46, 'Medium'),
(86, 47, 'Unknown'),
(86, 50, 'Low'),
(87, 2, 'High'),
(87, 5, 'Unknown'),
(87, 7, 'Medium'),
(87, 9, 'Unknown'),
(87, 15, 'Unknown'),
(87, 17, 'Unknown'),
(87, 19, 'Medium'),
(87, 21, 'High'),
(87, 24, 'High'),
(87, 29, 'Medium'),
(87, 38, 'Low'),
(87, 39, 'Medium'),
(87, 46, 'Medium'),
(87, 49, 'Low'),
(87, 50, 'Medium'),
(88, 4, 'Low'),
(88, 5, 'Low'),
(88, 9, 'Medium'),
(88, 12, 'Unknown'),
(88, 14, 'Low'),
(88, 15, 'Medium'),
(88, 24, 'Medium'),
(88, 26, 'Unknown'),
(88, 29, 'Medium'),
(88, 30, 'High'),
(88, 33, 'Medium'),
(88, 36, 'Medium'),
(88, 37, 'High'),
(88, 46, 'Low'),
(88, 49, 'Low'),
(88, 50, 'High'),
(89, 4, 'Low'),
(89, 13, 'Low'),
(89, 14, 'Unknown'),
(89, 22, 'Medium'),
(89, 23, 'Medium'),
(89, 25, 'Unknown'),
(89, 26, 'Unknown'),
(89, 31, 'Low'),
(89, 33, 'Unknown'),
(89, 34, 'Medium'),
(89, 36, 'Low'),
(89, 37, 'Low'),
(89, 38, 'Unknown'),
(89, 39, 'Low'),
(89, 43, 'High'),
(89, 46, 'High'),
(89, 47, 'Low'),
(89, 48, 'Low'),
(89, 49, 'Medium'),
(90, 9, 'Low'),
(90, 12, 'Low'),
(90, 13, 'Low'),
(90, 19, 'Low'),
(90, 27, 'Low'),
(90, 28, 'Low'),
(90, 34, 'Medium'),
(90, 35, 'Medium'),
(90, 36, 'Low'),
(90, 38, 'Low'),
(90, 43, 'Low'),
(90, 47, 'Low'),
(90, 49, 'High'),
(91, 2, 'Unknown'),
(91, 3, 'Low'),
(91, 4, 'Medium'),
(91, 6, 'Low'),
(91, 10, 'High'),
(91, 16, 'Low'),
(91, 17, 'Medium'),
(91, 19, 'Low'),
(91, 20, 'Medium'),
(91, 23, 'Medium'),
(91, 25, 'Medium'),
(91, 28, 'Medium'),
(91, 30, 'Medium'),
(91, 32, 'Low'),
(91, 36, 'Low'),
(91, 39, 'Medium'),
(91, 40, 'Low'),
(91, 42, 'Low'),
(91, 44, 'Unknown'),
(91, 45, 'Unknown'),
(92, 6, 'Medium'),
(92, 9, 'Medium'),
(92, 11, 'Medium'),
(92, 19, 'High'),
(92, 20, 'Unknown'),
(92, 22, 'Medium'),
(92, 25, 'Unknown'),
(92, 32, 'Low'),
(92, 34, 'Low'),
(92, 35, 'Low'),
(92, 39, 'Low'),
(92, 40, 'Unknown'),
(92, 41, 'Medium'),
(92, 46, 'Medium'),
(93, 2, 'Medium'),
(93, 4, 'Medium'),
(93, 8, 'Medium'),
(93, 9, 'Medium'),
(93, 14, 'Low'),
(93, 16, 'Low'),
(93, 17, 'Low'),
(93, 21, 'Medium'),
(93, 22, 'Low'),
(93, 24, 'Medium'),
(93, 25, 'Medium'),
(93, 26, 'High'),
(93, 27, 'Unknown'),
(93, 40, 'Low'),
(93, 42, 'Low'),
(93, 48, 'Medium'),
(93, 49, 'Medium'),
(93, 50, 'Medium'),
(94, 3, 'Medium'),
(94, 4, 'Medium'),
(94, 8, 'High'),
(94, 15, 'Unknown'),
(94, 20, 'Medium'),
(94, 22, 'High'),
(94, 23, 'Low'),
(94, 24, 'Unknown'),
(94, 28, 'Unknown'),
(94, 30, 'Low'),
(94, 34, 'High'),
(94, 35, 'Medium'),
(94, 40, 'Low'),
(94, 44, 'High'),
(94, 45, 'Unknown'),
(94, 49, 'Unknown'),
(95, 7, 'Low'),
(95, 11, 'High'),
(95, 12, 'Medium'),
(95, 20, 'Low'),
(95, 23, 'Low'),
(95, 25, 'Medium'),
(95, 28, 'Unknown'),
(95, 38, 'Low'),
(95, 40, 'Unknown'),
(95, 41, 'High'),
(95, 42, 'Low'),
(95, 43, 'Medium'),
(95, 44, 'High'),
(95, 47, 'Medium'),
(96, 1, 'Low'),
(96, 2, 'High'),
(96, 3, 'Low'),
(96, 7, 'Medium'),
(96, 9, 'Medium'),
(96, 12, 'Medium'),
(96, 14, 'Unknown'),
(96, 15, 'Medium'),
(96, 16, 'Medium'),
(96, 20, 'Medium'),
(96, 21, 'Medium'),
(96, 22, 'Unknown'),
(96, 25, 'Medium'),
(96, 26, 'Low'),
(96, 30, 'Medium'),
(96, 33, 'Unknown'),
(96, 39, 'Medium'),
(96, 40, 'Medium'),
(96, 42, 'Unknown'),
(96, 46, 'High'),
(96, 50, 'High'),
(97, 1, 'High'),
(97, 3, 'Medium'),
(97, 4, 'Medium'),
(97, 5, 'Low'),
(97, 8, 'Low'),
(97, 12, 'High'),
(97, 13, 'Low'),
(97, 14, 'Medium'),
(97, 17, 'Medium'),
(97, 19, 'High'),
(97, 21, 'Low'),
(97, 26, 'Medium'),
(97, 27, 'Low'),
(97, 29, 'Unknown'),
(97, 32, 'High'),
(97, 33, 'Medium'),
(97, 40, 'Unknown'),
(97, 41, 'Low'),
(97, 45, 'Medium'),
(97, 48, 'Unknown'),
(97, 49, 'Low'),
(98, 1, 'Medium'),
(98, 10, 'Medium'),
(98, 13, 'Unknown'),
(98, 16, 'Unknown'),
(98, 21, 'High'),
(98, 22, 'Low'),
(98, 25, 'Low'),
(98, 30, 'Low'),
(98, 31, 'Low'),
(98, 35, 'Medium'),
(98, 37, 'Low'),
(98, 39, 'Medium'),
(98, 40, 'Medium'),
(98, 44, 'High'),
(99, 1, 'Low'),
(99, 3, 'Medium'),
(99, 7, 'High'),
(99, 13, 'Medium'),
(99, 14, 'High'),
(99, 17, 'Medium'),
(99, 20, 'Medium'),
(99, 23, 'High'),
(99, 24, 'Medium'),
(99, 30, 'Medium'),
(99, 31, 'Medium'),
(99, 39, 'Medium'),
(99, 48, 'Low'),
(99, 49, 'Medium'),
(100, 2, 'Unknown'),
(100, 8, 'High'),
(100, 9, 'Medium'),
(100, 13, 'Low'),
(100, 20, 'Medium'),
(100, 24, 'Low'),
(100, 26, 'Low'),
(100, 28, 'Low'),
(100, 33, 'High'),
(100, 35, 'Low'),
(100, 41, 'Low'),
(100, 47, 'Low'),
(101, 1, 'High'),
(101, 5, 'High'),
(101, 7, 'Unknown'),
(101, 14, 'Medium'),
(101, 15, 'Low'),
(101, 19, 'Medium'),
(101, 30, 'Medium'),
(101, 32, 'Low'),
(101, 33, 'Unknown'),
(101, 35, 'Medium'),
(101, 36, 'High'),
(101, 42, 'Low'),
(101, 43, 'High'),
(101, 44, 'Medium'),
(101, 49, 'Unknown'),
(101, 50, 'High'),
(102, 2, 'Low'),
(102, 3, 'Low'),
(102, 5, 'High'),
(102, 6, 'Medium'),
(102, 7, 'High'),
(102, 9, 'Medium'),
(102, 11, 'Medium'),
(102, 18, 'Low'),
(102, 19, 'Low'),
(102, 21, 'Medium'),
(102, 22, 'Medium'),
(102, 31, 'Low'),
(102, 35, 'Low'),
(102, 36, 'High'),
(102, 44, 'Medium'),
(102, 46, 'Low'),
(103, 1, 'Low'),
(103, 2, 'Medium'),
(103, 6, 'Medium'),
(103, 7, 'High'),
(103, 8, 'High'),
(103, 13, 'Low'),
(103, 15, 'Low'),
(103, 17, 'Low'),
(103, 18, 'Low'),
(103, 21, 'High'),
(103, 28, 'High'),
(103, 31, 'Medium'),
(103, 35, 'High'),
(103, 36, 'Unknown'),
(103, 37, 'Medium'),
(103, 39, 'Medium'),
(104, 2, 'Low'),
(104, 3, 'Medium'),
(104, 4, 'Low'),
(104, 5, 'Medium'),
(104, 7, 'Unknown'),
(104, 12, 'High'),
(104, 18, 'Low'),
(104, 19, 'Medium'),
(104, 21, 'Low'),
(104, 22, 'Low'),
(104, 25, 'Low'),
(104, 41, 'Medium'),
(104, 43, 'High'),
(104, 45, 'High'),
(104, 48, 'Medium'),
(104, 50, 'High'),
(105, 6, 'Medium'),
(105, 14, 'Low'),
(105, 15, 'High'),
(105, 19, 'Unknown'),
(105, 20, 'High'),
(105, 26, 'Low'),
(105, 29, 'Low'),
(105, 31, 'Low'),
(105, 34, 'Medium'),
(105, 36, 'Medium'),
(105, 37, 'High'),
(105, 39, 'Medium'),
(105, 40, 'Low'),
(105, 41, 'Medium'),
(105, 45, 'Low'),
(105, 46, 'Medium'),
(106, 4, 'Unknown'),
(106, 9, 'Low'),
(106, 11, 'High'),
(106, 12, 'Medium'),
(106, 14, 'Low'),
(106, 16, 'Medium'),
(106, 21, 'Medium'),
(106, 22, 'Low'),
(106, 23, 'Unknown'),
(106, 28, 'Medium'),
(106, 31, 'High'),
(106, 33, 'High'),
(106, 38, 'High'),
(106, 41, 'High'),
(106, 45, 'Unknown'),
(107, 1, 'Low'),
(107, 24, 'Unknown'),
(107, 26, 'High'),
(107, 34, 'Low'),
(107, 40, 'Low'),
(107, 45, 'Medium'),
(107, 48, 'Low'),
(108, 2, 'High'),
(108, 3, 'Medium'),
(108, 4, 'Low'),
(108, 8, 'Unknown'),
(108, 16, 'Low'),
(108, 17, 'Low'),
(108, 23, 'High'),
(108, 25, 'Medium'),
(108, 27, 'Medium'),
(108, 28, 'Low'),
(108, 29, 'Medium'),
(108, 30, 'Low'),
(108, 31, 'High'),
(108, 34, 'High'),
(108, 37, 'Low'),
(108, 38, 'High'),
(108, 41, 'Low'),
(108, 45, 'Low'),
(108, 46, 'High'),
(109, 1, 'Medium'),
(109, 5, 'Low'),
(109, 6, 'Low'),
(109, 7, 'Medium'),
(109, 10, 'High'),
(109, 11, 'Medium'),
(109, 12, 'Low'),
(109, 13, 'Low'),
(109, 16, 'Unknown'),
(109, 18, 'Low'),
(109, 19, 'Low'),
(109, 26, 'Medium'),
(109, 33, 'Unknown'),
(109, 37, 'Medium'),
(109, 43, 'Medium'),
(109, 46, 'Medium'),
(109, 47, 'Unknown'),
(110, 2, 'High'),
(110, 4, 'Low'),
(110, 6, 'Low'),
(110, 16, 'Low'),
(110, 22, 'Medium'),
(110, 23, 'Medium'),
(110, 28, 'Low'),
(110, 29, 'Low'),
(110, 34, 'Low'),
(110, 35, 'Low'),
(110, 39, 'Unknown'),
(110, 42, 'Low'),
(110, 43, 'Medium'),
(110, 44, 'Low'),
(110, 50, 'Low'),
(111, 7, 'High'),
(111, 10, 'Unknown'),
(111, 20, 'Medium'),
(111, 30, 'Low'),
(111, 31, 'Low'),
(111, 32, 'Medium'),
(111, 36, 'Medium'),
(111, 39, 'High'),
(111, 45, 'Low'),
(111, 46, 'Unknown'),
(111, 47, 'Unknown'),
(112, 3, 'High'),
(112, 10, 'High'),
(112, 13, 'Medium'),
(112, 18, 'Low'),
(112, 23, 'Unknown'),
(112, 26, 'Unknown'),
(112, 30, 'Medium'),
(112, 31, 'Medium'),
(112, 33, 'Medium'),
(112, 44, 'Medium'),
(112, 45, 'High'),
(112, 46, 'Low'),
(112, 47, 'Medium'),
(112, 48, 'High'),
(112, 49, 'Low'),
(113, 3, 'Low'),
(113, 4, 'Low'),
(113, 5, 'Unknown'),
(113, 7, 'Low'),
(113, 9, 'Unknown'),
(113, 15, 'Low'),
(113, 19, 'Low'),
(113, 21, 'Unknown'),
(113, 23, 'Low'),
(113, 29, 'Medium'),
(113, 31, 'Low'),
(113, 32, 'Low'),
(113, 33, 'Low'),
(113, 36, 'Medium'),
(113, 37, 'Medium'),
(113, 38, 'High'),
(113, 40, 'High'),
(113, 44, 'Medium'),
(113, 49, 'Unknown'),
(114, 1, 'High'),
(114, 2, 'Low'),
(114, 5, 'Low'),
(114, 7, 'Medium'),
(114, 11, 'Unknown'),
(114, 12, 'Low'),
(114, 16, 'Medium'),
(114, 25, 'Medium'),
(114, 29, 'Low'),
(114, 31, 'Medium'),
(114, 33, 'Medium'),
(114, 41, 'Low'),
(114, 46, 'Medium'),
(114, 48, 'Low'),
(115, 2, 'Medium'),
(115, 8, 'High'),
(115, 9, 'High'),
(115, 16, 'Medium'),
(115, 20, 'Low'),
(115, 22, 'High'),
(115, 25, 'Unknown'),
(115, 26, 'Medium'),
(115, 28, 'Low'),
(115, 29, 'Unknown'),
(115, 30, 'Medium'),
(115, 31, 'Unknown'),
(115, 32, 'Low'),
(115, 39, 'Unknown'),
(115, 41, 'Medium'),
(115, 42, 'Medium'),
(115, 45, 'Medium'),
(116, 1, 'Low'),
(116, 7, 'Low'),
(116, 13, 'Medium'),
(116, 15, 'Low'),
(116, 18, 'Medium'),
(116, 27, 'Low'),
(116, 31, 'Low'),
(116, 32, 'Low'),
(116, 33, 'High'),
(116, 38, 'High'),
(116, 45, 'Medium'),
(116, 47, 'Unknown'),
(117, 1, 'High'),
(117, 3, 'High'),
(117, 5, 'Low'),
(117, 9, 'High'),
(117, 10, 'Low'),
(117, 12, 'Medium'),
(117, 13, 'Low'),
(117, 29, 'Low'),
(117, 48, 'High'),
(118, 2, 'Medium'),
(118, 3, 'Unknown'),
(118, 4, 'High'),
(118, 9, 'Unknown'),
(118, 15, 'Medium'),
(118, 16, 'Low'),
(118, 27, 'Low'),
(118, 29, 'Medium'),
(118, 31, 'High'),
(118, 33, 'Low'),
(118, 41, 'Medium'),
(118, 50, 'Medium'),
(119, 1, 'High'),
(119, 4, 'Medium'),
(119, 9, 'Medium'),
(119, 12, 'Unknown'),
(119, 13, 'High'),
(119, 17, 'Low'),
(119, 18, 'Medium'),
(119, 21, 'Medium'),
(119, 27, 'Medium'),
(119, 29, 'Medium'),
(119, 30, 'Low'),
(119, 31, 'Low'),
(119, 32, 'Low'),
(119, 36, 'Medium'),
(119, 37, 'Medium'),
(119, 41, 'Low'),
(119, 42, 'Low'),
(119, 43, 'Medium'),
(119, 44, 'Low'),
(119, 45, 'Medium'),
(119, 48, 'Medium'),
(119, 50, 'Unknown'),
(120, 4, 'Low'),
(120, 7, 'Unknown'),
(120, 9, 'Unknown'),
(120, 11, 'Medium'),
(120, 12, 'Medium'),
(120, 15, 'Low'),
(120, 16, 'Low'),
(120, 20, 'Low'),
(120, 30, 'High'),
(120, 31, 'Low'),
(120, 47, 'Medium'),
(120, 48, 'Medium'),
(121, 4, 'Low'),
(121, 5, 'Low'),
(121, 9, 'Medium'),
(121, 17, 'Medium'),
(121, 24, 'Unknown'),
(121, 32, 'Low'),
(121, 34, 'High'),
(121, 35, 'High'),
(121, 36, 'Unknown'),
(121, 38, 'Low'),
(121, 42, 'Unknown'),
(121, 45, 'Unknown'),
(121, 47, 'Medium'),
(122, 3, 'Medium'),
(122, 4, 'High'),
(122, 17, 'Unknown'),
(122, 18, 'Unknown'),
(122, 23, 'Unknown'),
(122, 26, 'Medium'),
(122, 32, 'Medium'),
(122, 33, 'Unknown'),
(122, 38, 'Medium'),
(122, 40, 'Low'),
(122, 42, 'Unknown'),
(123, 1, 'Unknown'),
(123, 5, 'Low'),
(123, 8, 'Low'),
(123, 9, 'Low'),
(123, 10, 'Low'),
(123, 14, 'Low'),
(123, 15, 'Medium'),
(123, 16, 'Unknown'),
(123, 17, 'Medium'),
(123, 19, 'Medium'),
(123, 24, 'Low'),
(123, 27, 'Medium'),
(123, 32, 'High'),
(123, 34, 'Medium'),
(123, 36, 'Low'),
(123, 37, 'Low'),
(123, 39, 'Low'),
(123, 40, 'Low'),
(123, 41, 'Unknown'),
(123, 44, 'Medium'),
(123, 48, 'Medium'),
(123, 49, 'Medium'),
(124, 1, 'Unknown'),
(124, 4, 'Medium'),
(124, 5, 'Medium'),
(124, 8, 'Medium'),
(124, 10, 'Low'),
(124, 13, 'Medium'),
(124, 18, 'Medium'),
(124, 23, 'Medium'),
(124, 26, 'High'),
(124, 27, 'High'),
(124, 29, 'Unknown'),
(124, 30, 'Low'),
(124, 31, 'Low'),
(124, 32, 'Medium'),
(124, 36, 'Medium'),
(124, 41, 'Medium'),
(124, 42, 'Medium'),
(124, 43, 'Medium'),
(124, 44, 'Low'),
(124, 45, 'Low'),
(124, 47, 'Low'),
(124, 49, 'Low'),
(125, 2, 'Unknown'),
(125, 6, 'Medium'),
(125, 11, 'Low'),
(125, 13, 'Medium'),
(125, 19, 'Low'),
(125, 21, 'Low'),
(125, 23, 'Low'),
(125, 24, 'Medium'),
(125, 28, 'Medium'),
(125, 29, 'Low'),
(125, 36, 'High'),
(125, 39, 'High'),
(125, 40, 'High'),
(125, 44, 'Low'),
(125, 47, 'Low'),
(126, 1, 'Low'),
(126, 6, 'Low'),
(126, 9, 'High'),
(126, 15, 'Low'),
(126, 18, 'Unknown'),
(126, 20, 'High'),
(126, 21, 'Medium'),
(126, 22, 'Low'),
(126, 23, 'Low'),
(126, 30, 'Medium'),
(126, 31, 'Unknown'),
(126, 33, 'Low'),
(126, 34, 'Low'),
(126, 35, 'Medium'),
(126, 41, 'Low'),
(126, 43, 'Low'),
(126, 44, 'Medium'),
(127, 5, 'Medium'),
(127, 6, 'Low'),
(127, 8, 'High'),
(127, 19, 'High'),
(127, 20, 'Unknown'),
(127, 24, 'Unknown'),
(127, 25, 'Medium'),
(127, 27, 'Low'),
(127, 28, 'Medium'),
(127, 36, 'Medium'),
(127, 41, 'Low'),
(127, 43, 'Medium'),
(127, 47, 'High'),
(127, 50, 'Medium'),
(128, 1, 'High'),
(128, 10, 'Unknown'),
(128, 11, 'High'),
(128, 12, 'Medium'),
(128, 13, 'Medium'),
(128, 15, 'Low'),
(128, 16, 'Low'),
(128, 17, 'Low'),
(128, 27, 'Low'),
(128, 28, 'Low'),
(128, 34, 'High'),
(128, 35, 'Medium'),
(128, 37, 'Medium'),
(128, 38, 'Medium'),
(128, 41, 'Medium'),
(128, 43, 'Medium'),
(129, 5, 'High'),
(129, 7, 'Medium'),
(129, 8, 'Medium'),
(129, 17, 'Low'),
(129, 22, 'Unknown'),
(129, 24, 'High'),
(129, 25, 'Unknown'),
(129, 35, 'Medium'),
(129, 36, 'Unknown'),
(129, 39, 'Low'),
(129, 48, 'Medium'),
(129, 50, 'Unknown'),
(130, 1, 'Low'),
(130, 6, 'Medium'),
(130, 9, 'Low'),
(130, 10, 'High'),
(130, 11, 'Medium'),
(130, 12, 'Low'),
(130, 14, 'High'),
(130, 17, 'Medium'),
(130, 20, 'Unknown'),
(130, 21, 'Low'),
(130, 22, 'Unknown'),
(130, 25, 'Medium'),
(130, 27, 'High'),
(130, 29, 'Low'),
(130, 31, 'Low'),
(131, 4, 'Low'),
(131, 6, 'Low'),
(131, 8, 'Unknown'),
(131, 10, 'Unknown'),
(131, 13, 'Medium'),
(131, 15, 'Medium'),
(131, 23, 'High'),
(131, 24, 'Medium'),
(131, 27, 'Medium'),
(131, 31, 'Low'),
(131, 32, 'High'),
(131, 34, 'Medium'),
(131, 38, 'Medium'),
(131, 45, 'Low'),
(131, 46, 'Low'),
(131, 47, 'Low'),
(131, 49, 'Unknown'),
(132, 4, 'Unknown'),
(132, 5, 'Low'),
(132, 6, 'Unknown'),
(132, 7, 'Medium'),
(132, 8, 'Low'),
(132, 10, 'Unknown'),
(132, 12, 'Low'),
(132, 20, 'Medium'),
(132, 25, 'Medium'),
(132, 28, 'Medium'),
(132, 30, 'Low'),
(132, 33, 'Low'),
(132, 41, 'Low'),
(133, 9, 'Medium'),
(133, 17, 'Medium'),
(133, 18, 'Unknown'),
(133, 21, 'Low'),
(133, 33, 'Medium'),
(133, 35, 'Low'),
(133, 36, 'Medium'),
(133, 47, 'Medium'),
(133, 48, 'Medium'),
(133, 50, 'Medium'),
(134, 4, 'Low'),
(134, 12, 'Low'),
(134, 21, 'Unknown'),
(134, 32, 'High'),
(134, 36, 'Unknown'),
(134, 45, 'Low'),
(134, 46, 'Low'),
(135, 7, 'Low'),
(135, 8, 'Unknown'),
(135, 11, 'Low'),
(135, 12, 'Medium'),
(135, 13, 'Unknown'),
(135, 19, 'Low'),
(135, 22, 'Low'),
(135, 25, 'Medium'),
(135, 27, 'Unknown'),
(135, 32, 'Low'),
(135, 33, 'Medium'),
(135, 34, 'High'),
(135, 35, 'Low'),
(135, 41, 'Low'),
(135, 46, 'High'),
(135, 49, 'Unknown'),
(136, 2, 'Medium'),
(136, 3, 'Medium'),
(136, 5, 'Medium'),
(136, 9, 'Medium'),
(136, 10, 'Low'),
(136, 13, 'Unknown'),
(136, 18, 'Medium'),
(136, 22, 'Medium'),
(136, 25, 'Low'),
(136, 29, 'Unknown'),
(136, 31, 'Low'),
(136, 33, 'High'),
(136, 35, 'Medium'),
(136, 48, 'Medium'),
(137, 3, 'Unknown'),
(137, 19, 'Medium'),
(137, 20, 'Low'),
(137, 26, 'Medium'),
(137, 28, 'Low'),
(137, 30, 'Medium'),
(137, 31, 'Unknown'),
(137, 33, 'High'),
(137, 38, 'High'),
(137, 40, 'High'),
(137, 41, 'Medium'),
(137, 43, 'Medium'),
(137, 45, 'Medium'),
(138, 7, 'Low'),
(138, 8, 'Low'),
(138, 13, 'Medium'),
(138, 16, 'Low'),
(138, 18, 'Medium'),
(138, 24, 'Medium'),
(138, 25, 'High'),
(138, 26, 'High'),
(138, 30, 'Unknown'),
(138, 31, 'Low'),
(138, 37, 'High'),
(138, 40, 'High'),
(138, 42, 'Low'),
(138, 47, 'Unknown'),
(139, 3, 'Medium'),
(139, 9, 'Low'),
(139, 11, 'Low'),
(139, 19, 'Low'),
(139, 21, 'Unknown'),
(139, 24, 'Unknown'),
(139, 27, 'Medium'),
(139, 31, 'Medium'),
(139, 32, 'Low'),
(139, 37, 'Medium'),
(139, 42, 'Medium'),
(139, 47, 'Low'),
(140, 6, 'Low'),
(140, 16, 'Low'),
(140, 17, 'Unknown'),
(140, 22, 'Medium'),
(140, 23, 'Medium'),
(140, 24, 'Low'),
(140, 25, 'Medium'),
(140, 26, 'High'),
(140, 34, 'Medium'),
(140, 37, 'Medium'),
(140, 41, 'Medium'),
(140, 43, 'Unknown'),
(140, 44, 'Unknown'),
(140, 45, 'Medium'),
(140, 50, 'Unknown'),
(141, 11, 'Medium'),
(141, 16, 'Low'),
(141, 18, 'Low'),
(141, 20, 'High'),
(141, 24, 'Unknown'),
(141, 25, 'High'),
(141, 31, 'Low'),
(141, 33, 'High'),
(141, 35, 'Medium'),
(141, 37, 'Low'),
(141, 38, 'Medium'),
(141, 45, 'Medium'),
(141, 47, 'High'),
(142, 2, 'Medium'),
(142, 3, 'Medium'),
(142, 6, 'Medium'),
(142, 11, 'Medium'),
(142, 12, 'Low'),
(142, 14, 'Low'),
(142, 18, 'Medium'),
(142, 19, 'Low'),
(142, 22, 'Low'),
(142, 31, 'Medium'),
(142, 32, 'Low'),
(142, 35, 'Medium'),
(142, 36, 'Unknown'),
(142, 40, 'Unknown'),
(142, 47, 'Low'),
(142, 49, 'Medium'),
(143, 2, 'Unknown'),
(143, 9, 'Low'),
(143, 10, 'Medium'),
(143, 12, 'Low'),
(143, 16, 'Low'),
(143, 18, 'Low'),
(143, 19, 'Medium'),
(143, 20, 'Medium'),
(143, 30, 'Medium'),
(143, 35, 'High'),
(143, 36, 'Low'),
(143, 40, 'Low'),
(143, 41, 'Medium'),
(143, 42, 'High'),
(143, 44, 'Medium'),
(143, 48, 'Medium'),
(144, 2, 'Low'),
(144, 3, 'High'),
(144, 5, 'Low'),
(144, 10, 'Medium'),
(144, 13, 'Medium'),
(144, 14, 'Low'),
(144, 19, 'Medium'),
(144, 22, 'High'),
(144, 25, 'Medium'),
(144, 27, 'Unknown'),
(144, 28, 'Low'),
(144, 30, 'Medium'),
(144, 32, 'High'),
(144, 33, 'Low'),
(144, 36, 'Medium'),
(144, 37, 'Low'),
(144, 39, 'Medium'),
(144, 41, 'Unknown'),
(144, 46, 'Low'),
(144, 47, 'High'),
(144, 50, 'Medium'),
(145, 3, 'Low'),
(145, 5, 'Low'),
(145, 20, 'High'),
(145, 21, 'Unknown'),
(145, 22, 'Low'),
(145, 23, 'Medium'),
(145, 24, 'Low'),
(145, 26, 'Low'),
(145, 46, 'Low'),
(145, 50, 'High'),
(146, 6, 'High'),
(146, 14, 'Medium'),
(146, 21, 'Medium'),
(146, 22, 'Medium'),
(146, 24, 'High'),
(146, 26, 'High'),
(146, 29, 'High'),
(146, 33, 'Unknown'),
(146, 40, 'Medium'),
(146, 41, 'High'),
(146, 42, 'Low'),
(146, 48, 'High'),
(146, 49, 'Medium'),
(146, 50, 'High'),
(147, 2, 'Unknown'),
(147, 10, 'Low'),
(147, 14, 'Unknown'),
(147, 15, 'Medium'),
(147, 18, 'Medium'),
(147, 20, 'Medium'),
(147, 22, 'Medium'),
(147, 29, 'Low'),
(147, 36, 'High'),
(147, 40, 'Low'),
(148, 3, 'High'),
(148, 7, 'Low'),
(148, 10, 'Low'),
(148, 19, 'High'),
(148, 22, 'Low'),
(148, 25, 'Medium'),
(148, 29, 'Unknown'),
(148, 30, 'Unknown'),
(148, 35, 'Low'),
(148, 37, 'Unknown'),
(148, 38, 'Low'),
(148, 49, 'High'),
(149, 6, 'Low'),
(149, 11, 'Medium'),
(149, 15, 'Medium'),
(149, 18, 'Low'),
(149, 21, 'Unknown'),
(149, 24, 'High'),
(149, 25, 'Medium'),
(149, 28, 'Medium'),
(149, 33, 'Low'),
(149, 35, 'High'),
(149, 37, 'Low'),
(149, 40, 'Low'),
(149, 42, 'Medium'),
(149, 48, 'Unknown'),
(149, 49, 'Unknown'),
(150, 2, 'Medium'),
(150, 6, 'Low'),
(150, 11, 'Low'),
(150, 12, 'Low'),
(150, 15, 'Low'),
(150, 24, 'Medium'),
(150, 28, 'Medium'),
(150, 29, 'High'),
(150, 31, 'Medium'),
(150, 32, 'Medium'),
(150, 33, 'Low'),
(150, 35, 'Low'),
(150, 43, 'Low'),
(150, 45, 'Medium'),
(150, 48, 'Low'),
(151, 4, 'Medium'),
(151, 8, 'Medium'),
(151, 13, 'High'),
(151, 14, 'Low'),
(151, 16, 'Low'),
(151, 18, 'Low'),
(151, 19, 'Unknown'),
(151, 25, 'High'),
(151, 27, 'High'),
(151, 36, 'High'),
(151, 39, 'Medium'),
(151, 43, 'Medium'),
(151, 49, 'Low'),
(152, 2, 'Low'),
(152, 4, 'Low'),
(152, 5, 'Low'),
(152, 7, 'Unknown'),
(152, 8, 'High'),
(152, 9, 'Medium'),
(152, 13, 'Medium'),
(152, 21, 'Medium'),
(152, 22, 'High'),
(152, 25, 'Medium'),
(152, 36, 'Low'),
(152, 37, 'Low'),
(152, 38, 'Low'),
(152, 42, 'Unknown'),
(152, 46, 'Medium'),
(152, 47, 'Medium'),
(152, 48, 'Medium'),
(153, 8, 'Low'),
(153, 9, 'Unknown'),
(153, 15, 'Low'),
(153, 17, 'Low'),
(153, 21, 'Medium'),
(153, 23, 'Unknown'),
(153, 28, 'High'),
(153, 31, 'Unknown'),
(153, 36, 'Medium'),
(153, 43, 'Low'),
(153, 45, 'Low'),
(153, 47, 'Unknown'),
(154, 1, 'Medium'),
(154, 2, 'High'),
(154, 3, 'High'),
(154, 6, 'Medium'),
(154, 7, 'Low'),
(154, 8, 'High'),
(154, 14, 'Medium'),
(154, 18, 'Medium'),
(154, 19, 'Medium'),
(154, 20, 'Medium'),
(154, 21, 'Medium'),
(154, 24, 'Medium'),
(154, 25, 'Unknown'),
(154, 26, 'Low'),
(154, 29, 'Unknown'),
(154, 30, 'Low'),
(154, 33, 'Low'),
(154, 34, 'Medium'),
(154, 36, 'Unknown'),
(154, 37, 'Low'),
(154, 46, 'High'),
(154, 48, 'Low'),
(154, 50, 'Medium'),
(155, 1, 'Medium'),
(155, 6, 'Medium'),
(155, 16, 'Medium'),
(155, 19, 'Unknown'),
(155, 25, 'Medium'),
(155, 28, 'Low'),
(155, 32, 'Medium'),
(155, 33, 'High'),
(155, 34, 'High'),
(155, 35, 'Low'),
(155, 39, 'Medium'),
(155, 41, 'Low'),
(155, 43, 'Medium'),
(155, 48, 'Low'),
(156, 1, 'Medium'),
(156, 3, 'Low'),
(156, 7, 'Unknown'),
(156, 14, 'Low'),
(156, 16, 'Low'),
(156, 21, 'Low'),
(156, 22, 'High'),
(156, 25, 'Low'),
(156, 30, 'Medium'),
(156, 37, 'Medium'),
(156, 38, 'Medium'),
(156, 39, 'Low'),
(156, 40, 'Medium'),
(156, 42, 'Unknown'),
(156, 44, 'Unknown'),
(156, 46, 'Medium'),
(157, 1, 'Unknown'),
(157, 2, 'Medium'),
(157, 8, 'Medium'),
(157, 14, 'Low'),
(157, 17, 'High'),
(157, 21, 'Medium'),
(157, 23, 'Unknown'),
(157, 29, 'Medium'),
(157, 35, 'Low'),
(157, 36, 'Medium'),
(157, 45, 'Low'),
(157, 47, 'Unknown'),
(158, 2, 'Low'),
(158, 3, 'Low'),
(158, 4, 'Medium'),
(158, 7, 'Medium'),
(158, 9, 'Medium'),
(158, 10, 'Medium'),
(158, 11, 'Medium'),
(158, 12, 'Low'),
(158, 23, 'Medium'),
(158, 25, 'Medium'),
(158, 28, 'High'),
(158, 36, 'High'),
(158, 37, 'Low'),
(158, 41, 'Medium'),
(158, 42, 'Low'),
(158, 43, 'Medium'),
(158, 44, 'Unknown'),
(158, 45, 'Unknown'),
(158, 48, 'Low'),
(159, 1, 'Medium'),
(159, 3, 'Medium'),
(159, 4, 'Low'),
(159, 5, 'Low'),
(159, 12, 'Low'),
(159, 13, 'Medium'),
(159, 16, 'High'),
(159, 17, 'Low'),
(159, 22, 'Medium'),
(159, 25, 'Medium'),
(159, 27, 'Unknown'),
(159, 32, 'Medium'),
(159, 33, 'High'),
(159, 39, 'Low'),
(160, 4, 'Low'),
(160, 9, 'Low'),
(160, 10, 'Low'),
(160, 12, 'High'),
(160, 17, 'High'),
(160, 19, 'Medium'),
(160, 22, 'Medium'),
(160, 23, 'Medium'),
(160, 25, 'Medium'),
(160, 27, 'Medium'),
(160, 31, 'Medium'),
(160, 32, 'High'),
(160, 33, 'Unknown'),
(160, 39, 'Unknown'),
(160, 40, 'Medium'),
(160, 44, 'High'),
(160, 47, 'Low'),
(160, 49, 'Medium'),
(161, 7, 'High'),
(161, 15, 'Medium'),
(161, 20, 'Medium'),
(161, 22, 'Low'),
(161, 29, 'Low'),
(161, 31, 'Low'),
(161, 36, 'High'),
(161, 40, 'Low'),
(161, 48, 'Medium'),
(161, 49, 'Medium'),
(161, 50, 'Low'),
(162, 1, 'Unknown'),
(162, 8, 'Low'),
(162, 10, 'Low'),
(162, 11, 'Medium'),
(162, 16, 'High'),
(162, 24, 'Medium'),
(162, 28, 'Medium'),
(162, 35, 'Low'),
(162, 36, 'High'),
(162, 37, 'High'),
(162, 38, 'Medium'),
(162, 42, 'Unknown'),
(162, 45, 'Low'),
(163, 6, 'Medium'),
(163, 7, 'Low'),
(163, 9, 'Medium'),
(163, 10, 'Medium'),
(163, 15, 'Medium'),
(163, 26, 'Medium'),
(163, 27, 'Unknown'),
(163, 30, 'Low'),
(163, 34, 'Low'),
(163, 38, 'Low'),
(163, 40, 'Medium'),
(164, 4, 'Unknown'),
(164, 11, 'Unknown'),
(164, 14, 'Low'),
(164, 19, 'Unknown'),
(164, 20, 'Low'),
(164, 22, 'Low'),
(164, 28, 'Low'),
(164, 33, 'Medium'),
(164, 37, 'Low'),
(164, 41, 'Medium'),
(164, 42, 'High'),
(165, 3, 'Unknown'),
(165, 4, 'High'),
(165, 7, 'Unknown'),
(165, 10, 'Unknown'),
(165, 17, 'Medium'),
(165, 18, 'Medium'),
(165, 21, 'Low'),
(165, 24, 'Low'),
(165, 27, 'Low'),
(165, 31, 'Low'),
(165, 33, 'Low'),
(165, 34, 'Medium'),
(165, 44, 'Medium'),
(165, 46, 'Medium'),
(165, 48, 'Unknown'),
(165, 50, 'Low'),
(166, 8, 'High'),
(166, 13, 'Medium'),
(166, 15, 'Low'),
(166, 16, 'Medium'),
(166, 20, 'High'),
(166, 24, 'Low'),
(166, 27, 'Medium'),
(166, 37, 'Medium'),
(166, 41, 'Unknown'),
(166, 42, 'Unknown'),
(166, 43, 'Medium'),
(166, 44, 'Medium'),
(166, 48, 'Medium'),
(167, 3, 'Medium'),
(167, 8, 'High'),
(167, 12, 'Medium'),
(167, 13, 'Low'),
(167, 14, 'Medium'),
(167, 16, 'Medium'),
(167, 17, 'Medium'),
(167, 22, 'Unknown'),
(167, 25, 'Unknown'),
(167, 28, 'Unknown'),
(167, 31, 'High'),
(167, 32, 'Low'),
(167, 37, 'Low'),
(167, 41, 'Medium'),
(167, 44, 'Low'),
(167, 45, 'Medium'),
(167, 48, 'Low'),
(167, 49, 'Unknown'),
(168, 1, 'High'),
(168, 2, 'Unknown'),
(168, 4, 'Unknown'),
(168, 5, 'Medium'),
(168, 11, 'Unknown'),
(168, 19, 'Low'),
(168, 28, 'High'),
(168, 30, 'Low'),
(168, 33, 'Low'),
(168, 36, 'Low'),
(168, 41, 'Medium'),
(168, 42, 'Low'),
(168, 45, 'High'),
(168, 48, 'Medium'),
(168, 49, 'Low'),
(169, 2, 'Low'),
(169, 3, 'Medium'),
(169, 4, 'Low'),
(169, 6, 'Medium'),
(169, 8, 'Unknown'),
(169, 10, 'High'),
(169, 11, 'Medium'),
(169, 12, 'Low'),
(169, 18, 'Low'),
(169, 22, 'Medium'),
(169, 27, 'Unknown'),
(169, 29, 'Medium'),
(169, 30, 'Unknown'),
(169, 33, 'Low'),
(169, 37, 'Medium'),
(169, 39, 'Unknown'),
(169, 41, 'Medium'),
(170, 6, 'Low'),
(170, 7, 'Low'),
(170, 17, 'Low'),
(170, 26, 'Medium'),
(170, 35, 'Low'),
(170, 36, 'Low'),
(170, 40, 'Medium'),
(170, 46, 'Medium'),
(170, 49, 'Low'),
(171, 2, 'Medium'),
(171, 7, 'High'),
(171, 14, 'Medium'),
(171, 15, 'High'),
(171, 16, 'High'),
(171, 17, 'Medium'),
(171, 19, 'Low'),
(171, 24, 'Medium'),
(171, 27, 'Unknown'),
(171, 36, 'High'),
(171, 50, 'Unknown'),
(172, 1, 'Medium'),
(172, 2, 'High'),
(172, 7, 'Medium'),
(172, 13, 'High'),
(172, 20, 'Medium'),
(172, 21, 'Unknown'),
(172, 30, 'Low'),
(172, 31, 'Unknown'),
(172, 34, 'Low'),
(172, 36, 'Low'),
(172, 37, 'High'),
(172, 38, 'Medium'),
(172, 40, 'Unknown'),
(172, 41, 'Low'),
(172, 42, 'Low'),
(173, 8, 'Medium'),
(173, 14, 'Medium'),
(173, 21, 'Low'),
(173, 25, 'Low'),
(173, 32, 'High'),
(173, 36, 'Low'),
(173, 39, 'Low'),
(173, 40, 'Unknown'),
(173, 43, 'High'),
(173, 50, 'Unknown'),
(174, 6, 'Unknown'),
(174, 9, 'Low'),
(174, 13, 'Low'),
(174, 14, 'High'),
(174, 20, 'Medium'),
(174, 25, 'Medium'),
(174, 27, 'Low'),
(174, 31, 'Low'),
(174, 33, 'Low'),
(174, 37, 'Medium'),
(174, 38, 'Unknown'),
(174, 39, 'High'),
(174, 42, 'Unknown'),
(174, 47, 'Unknown'),
(174, 48, 'Unknown'),
(175, 5, 'Low'),
(175, 11, 'Low'),
(175, 18, 'Low'),
(175, 19, 'High'),
(175, 20, 'Medium'),
(175, 23, 'Medium'),
(175, 28, 'Medium'),
(175, 32, 'Low'),
(175, 34, 'High'),
(175, 42, 'Medium'),
(175, 50, 'Medium'),
(176, 1, 'Low'),
(176, 8, 'Medium'),
(176, 9, 'Unknown'),
(176, 12, 'Low'),
(176, 15, 'Medium'),
(176, 17, 'High'),
(176, 19, 'Unknown'),
(176, 21, 'High'),
(176, 23, 'Low'),
(176, 26, 'Unknown'),
(176, 27, 'Unknown'),
(176, 29, 'Medium'),
(176, 30, 'High'),
(176, 34, 'High'),
(176, 36, 'Low'),
(176, 37, 'Medium'),
(176, 39, 'Low'),
(176, 40, 'Low'),
(176, 44, 'Medium'),
(176, 46, 'Low'),
(176, 50, 'Medium'),
(177, 1, 'Low'),
(177, 2, 'Medium'),
(177, 4, 'Low'),
(177, 7, 'Medium'),
(177, 10, 'Medium'),
(177, 12, 'Medium'),
(177, 17, 'Medium'),
(177, 18, 'Medium'),
(177, 21, 'Low'),
(177, 23, 'Unknown'),
(177, 25, 'Low'),
(177, 27, 'Low'),
(177, 28, 'Low'),
(177, 32, 'Unknown'),
(177, 39, 'High'),
(177, 40, 'Unknown'),
(177, 43, 'High'),
(177, 45, 'Medium'),
(177, 46, 'Medium'),
(178, 6, 'High'),
(178, 8, 'Medium'),
(178, 10, 'Low'),
(178, 11, 'Low'),
(178, 12, 'Medium'),
(178, 15, 'Low'),
(178, 19, 'Unknown'),
(178, 22, 'Unknown'),
(178, 26, 'High'),
(178, 27, 'Low'),
(178, 29, 'Unknown'),
(178, 30, 'Unknown'),
(178, 32, 'Low'),
(178, 33, 'Low'),
(178, 40, 'Unknown'),
(178, 41, 'High'),
(179, 10, 'Medium'),
(179, 11, 'Unknown'),
(179, 13, 'Medium'),
(179, 14, 'Medium'),
(179, 16, 'Low'),
(179, 17, 'Low'),
(179, 23, 'Low'),
(179, 25, 'High'),
(179, 29, 'Low'),
(179, 34, 'High'),
(179, 48, 'Low'),
(180, 8, 'Unknown'),
(180, 16, 'Medium'),
(180, 17, 'Low'),
(180, 20, 'Medium'),
(180, 24, 'Low'),
(180, 26, 'Medium'),
(180, 30, 'High'),
(180, 35, 'Unknown'),
(180, 42, 'Medium'),
(180, 44, 'Low'),
(180, 46, 'Unknown'),
(180, 49, 'Medium'),
(181, 1, 'High'),
(181, 2, 'Low'),
(181, 4, 'High'),
(181, 8, 'High'),
(181, 9, 'Low'),
(181, 10, 'Medium'),
(181, 13, 'Medium'),
(181, 14, 'Medium'),
(181, 21, 'Low'),
(181, 25, 'High'),
(181, 26, 'Unknown'),
(181, 28, 'Unknown'),
(181, 30, 'Low'),
(181, 34, 'Low'),
(181, 38, 'Medium'),
(181, 42, 'High'),
(181, 44, 'Medium'),
(181, 47, 'Medium'),
(182, 4, 'Low'),
(182, 7, 'Medium'),
(182, 8, 'Medium'),
(182, 10, 'Medium'),
(182, 12, 'High'),
(182, 16, 'Low'),
(182, 18, 'Low'),
(182, 19, 'Low'),
(182, 24, 'Medium'),
(182, 33, 'Medium'),
(182, 36, 'Low'),
(182, 43, 'Low'),
(182, 45, 'Low'),
(182, 48, 'Medium'),
(182, 49, 'Low'),
(183, 1, 'Unknown'),
(183, 3, 'Unknown'),
(183, 9, 'Low'),
(183, 12, 'Medium'),
(183, 15, 'Low'),
(183, 16, 'Medium'),
(183, 18, 'Low'),
(183, 19, 'Low'),
(183, 23, 'High'),
(183, 24, 'Medium'),
(183, 27, 'Low'),
(183, 40, 'Medium'),
(183, 41, 'Low'),
(183, 42, 'Low'),
(183, 47, 'Medium'),
(183, 48, 'High'),
(183, 50, 'Medium'),
(184, 6, 'Low'),
(184, 8, 'Medium'),
(184, 12, 'Unknown'),
(184, 17, 'High'),
(184, 22, 'Unknown'),
(184, 23, 'Low'),
(184, 25, 'High'),
(184, 29, 'Low'),
(184, 30, 'High'),
(184, 32, 'Unknown'),
(184, 34, 'High'),
(184, 35, 'Medium'),
(184, 36, 'Medium'),
(184, 37, 'Medium'),
(184, 39, 'Low'),
(184, 40, 'Low'),
(184, 43, 'Low'),
(184, 44, 'Low'),
(184, 46, 'Low'),
(184, 49, 'High'),
(185, 3, 'High'),
(185, 5, 'Unknown'),
(185, 19, 'Low'),
(185, 22, 'Low'),
(185, 28, 'Low'),
(185, 30, 'Medium'),
(185, 35, 'High'),
(185, 38, 'Low'),
(185, 41, 'Medium'),
(185, 43, 'High'),
(185, 44, 'Low'),
(185, 47, 'Unknown'),
(185, 50, 'High'),
(186, 2, 'High'),
(186, 3, 'Low'),
(186, 4, 'Medium'),
(186, 6, 'High'),
(186, 7, 'Low'),
(186, 11, 'Medium'),
(186, 12, 'Low'),
(186, 19, 'Low'),
(186, 21, 'Low'),
(186, 22, 'Low'),
(186, 23, 'Medium'),
(186, 29, 'High'),
(186, 32, 'Low'),
(186, 38, 'High'),
(186, 39, 'Low'),
(186, 41, 'Low'),
(186, 44, 'Unknown'),
(186, 45, 'Low'),
(186, 46, 'Low'),
(187, 1, 'Unknown');

-- --------------------------------------------------------

--
-- Cấu trúc bảng cho bảng `agent`
--

CREATE TABLE `agent` (
  `agent_id` int(11) NOT NULL,
  `first_name` varchar(50) DEFAULT NULL,
  `last_name` varchar(50) DEFAULT NULL,
  `address` varchar(100) DEFAULT NULL,
  `city` varchar(50) DEFAULT NULL,
  `country` varchar(50) DEFAULT NULL,
  `salary` decimal(10,2) DEFAULT NULL
) ENGINE=InnoDB DEFAULT CHARSET=utf8mb4 COLLATE=utf8mb4_general_ci;

--
-- Đang đổ dữ liệu cho bảng `agent`
--

INSERT INTO `agent` (`agent_id`, `first_name`, `last_name`, `address`, `city`, `country`, `salary`) VALUES
(1, 'Gabriel', 'Allon', '486 Princess Street', 'Vienna', 'United Arab Emirates', 118587.99),
(2, 'Oliver', 'Martinez', '486 Princess Street', 'Cape Town', 'Italy', 96308.65),
(3, 'Ethan', 'Westen', '562 Shadow Street', 'Madrid', 'France', 98011.87),
(4, 'Sydney', 'Westen', '448 Castle Street', 'Cape Town', 'France', 114366.74),
(5, 'Michael', 'Romanoff', '590 Dragon Street', 'Madrid', 'Spain', 125035.81),
(6, 'Derek', 'Stone', '562 Shadow Street', 'Buenos Aires', 'South Africa', 63882.25),
(7, 'Ifeanyi', 'Hart', '199 Duke Street', 'Toronto', 'Italy', 117803.63),
(8, 'John', 'Ryan', '562 Shadow Street', 'Istanbul', 'Italy', 96911.26),
(9, 'Isabelle', 'Vikander', '648 Tiger Street', 'Dubai', 'Austria', 111804.86),
(10, 'Oliver', 'Trevelyan', '648 Tiger Street', 'New York', 'Spain', 110090.44),
(11, 'John', 'Emekwo', '820 Bishop Street', 'Tokyo', 'Spain', 67972.81),
(12, 'James', 'Wexler', '407 Eagle Street', 'Beijing', 'Czech Republic', 105857.99),
(13, 'Victor', 'Croft', '562 Shadow Street', 'Moscow', 'Spain', 71216.60),
(14, 'Derek', 'Croft', '783 Ghost Street', 'Rome', 'Russia', 119470.47),
(15, 'Ethan', 'Wexler', '800 Lion Street', 'Chicago', 'China', 110858.46),
(16, 'Natasha', 'Queen', '198 Prince Street', 'Vienna', 'Spain', 142133.35),
(17, 'Martha', 'Bond', '246 Raven Street', 'Toronto', 'Italy', 86552.84),
(18, 'Jason', 'Ryan', '820 Bishop Street', 'Berlin', 'United Arab Emirates', 129564.79),
(19, 'Sarah', 'Stone', '783 Ghost Street', 'Prague', 'Czech Republic', 66116.28),
(20, 'Martha', 'Queen', '483 Duchess Street', 'Toronto', 'China', 92017.28),
(21, 'Marcus', 'Dixon', '562 Shadow Street', 'Toronto', 'Austria', 108024.96),
(22, 'Sydney', 'Allon', '666 King Street', 'Tokyo', 'Spain', 102900.28),
(23, 'Ethan', 'Emekwo', '666 King Street', 'Berlin', 'United Arab Emirates', 149190.96),
(24, 'Lara', 'Stone', '362 Phoenix Street', 'Paris', 'United States', 142503.49),
(25, 'Lara', 'Dixon', '666 King Street', 'Prague', 'Canada', 144800.85),
(26, 'Ifeanyi', 'Dixon', '407 Eagle Street', 'Buenos Aires', 'South Africa', 124448.48),
(27, 'Evelyn', 'Stone', '448 Castle Street', 'Cape Town', 'Austria', 68246.04),
(28, 'Alec', 'Salt', '783 Ghost Street', 'Rome', 'Germany', 109202.81),
(29, 'Sophia', 'Queen', '296 Falcon Street', 'Istanbul', 'Spain', 143664.88),
(30, 'Jack', 'Martinez', '483 Wolf Street', 'Toronto', 'Japan', 111935.96),
(31, 'Martha', 'Hunt', '183 Knight Street', 'London', 'Czech Republic', 122009.95),
(32, 'Isabelle', 'Croft', '246 Raven Street', 'Beijing', 'Turkey', 146772.99),
(33, 'Sydney', 'Salt', '783 Ghost Street', 'Rio de Janeiro', 'Czech Republic', 125038.76),
(34, 'Martha', 'Samuel', '590 Dragon Street', 'Prague', 'United Kingdom', 61964.03),
(35, 'Oliver', 'Dixon', '648 Tiger Street', 'New York', 'Canada', 62362.14),
(36, 'Sarah', 'Hart', '246 Raven Street', 'Buenos Aires', 'Turkey', 104708.25),
(37, 'Derek', 'Ryan', '483 Wolf Street', 'Buenos Aires', 'United Kingdom', 68728.59),
(38, 'Alicia', 'Martinez', '800 Lion Street', 'Madrid', 'France', 74845.39),
(39, 'Martha', 'Queen', '296 Falcon Street', 'Los Angeles', 'Spain', 136413.88),
(40, 'James', 'Salt', '483 Duchess Street', 'Rome', 'Spain', 53208.50),
(41, 'Jason', 'Hart', '666 King Street', 'Tokyo', 'Turkey', 139918.57),
(42, 'Isabelle', 'Croft', '183 Knight Street', 'Beijing', 'Italy', 86745.69),
(43, 'Ethan', 'Trevelyan', '293 Queen Street', 'Sydney', 'Russia', 144377.40),
(44, 'James', 'Bourne', '407 Eagle Street', 'Toronto', 'China', 130246.52),
(45, 'Alicia', 'Samuel', '483 Wolf Street', 'Istanbul', 'Argentina', 135437.55),
(46, 'Jason', 'Bond', '486 Princess Street', 'Sydney', 'Brazil', 117781.10),
(47, 'James', 'Bourne', '800 Lion Street', 'Beijing', 'China', 123880.82),
(48, 'Isabelle', 'Hunt', '183 Knight Street', 'Toronto', 'Russia', 126523.04),
(49, 'Evelyn', 'Ryan', '666 King Street', 'Sydney', 'Japan', 136151.24),
(50, 'Marcus', 'Bristow', '820 Bishop Street', 'Prague', 'Brazil', 111386.34),
(51, 'Derek', 'Martinez', '198 Prince Street', 'Beijing', 'South Africa', 79303.30),
(52, 'Sophia', 'Wexler', '312 Viper Street', 'Tokyo', 'Argentina', 75715.11),
(53, 'Harry', 'Emekwo', '199 Duke Street', 'Vienna', 'Canada', 97157.21),
(54, 'Alec', 'Stone', '199 Duke Street', 'Paris', 'Canada', 139947.41),
(55, 'Harry', 'Vikander', '198 Prince Street', 'Beijing', 'Austria', 74486.89),
(56, 'Evelyn', 'Martinez', '590 Dragon Street', 'London', 'United States', 59946.95),
(57, 'Sydney', 'Dixon', '198 Prince Street', 'New York', 'Spain', 88282.70),
(58, 'Ethan', 'Martinez', '312 Viper Street', 'Moscow', 'United Kingdom', 57526.93),
(59, 'Michael', 'Vikander', '198 Prince Street', 'Paris', 'Austria', 134433.04),
(60, 'Sophia', 'Cain', '590 Dragon Street', 'Los Angeles', 'China', 50100.32),
(61, 'James', 'Hart', '246 Raven Street', 'London', 'Brazil', 83722.81),
(62, 'Victor', 'Romanoff', '483 Duchess Street', 'Sydney', 'Japan', 90051.70),
(63, 'John', 'Ryan', '486 Princess Street', 'Sydney', 'South Africa', 73875.85),
(64, 'Lara', 'Hart', '590 Dragon Street', 'Rio de Janeiro', 'Germany', 62019.70),
(65, 'Sydney', 'Westen', '448 Castle Street', 'Sydney', 'Austria', 79799.76),
(66, 'John', 'Samuel', '198 Prince Street', 'Chicago', 'Japan', 54480.33),
(67, 'Marcus', 'Hart', '198 Prince Street', 'Chicago', 'Russia', 66933.83),
(68, 'Martha', 'Salt', '820 Bishop Street', 'Berlin', 'United Arab Emirates', 78608.31),
(69, 'Cassandra', 'Trevelyan', '562 Shadow Street', 'Beijing', 'Turkey', 57981.34),
(70, 'Oliver', 'Westen', '312 Viper Street', 'Los Angeles', 'China', 141025.22),
(71, 'Evelyn', 'Samuel', '198 Prince Street', 'Toronto', 'France', 111755.11),
(72, 'Gabriel', 'Bond', '562 Shadow Street', 'Dubai', 'Spain', 149352.64),
(73, 'Emma', 'Vikander', '783 Ghost Street', 'Cape Town', 'Brazil', 131525.64),
(74, 'Natasha', 'Allon', '820 Bishop Street', 'Buenos Aires', 'Argentina', 128757.64),
(75, 'Martha', 'Martinez', '199 Duke Street', 'Tokyo', 'Turkey', 91859.26),
(76, 'Ifeanyi', 'Bourne', '448 Castle Street', 'New York', 'Germany', 147189.51),
(77, 'Lara', 'Wexler', '666 King Street', 'Chicago', 'Germany', 76078.29),
(78, 'Isabelle', 'Emekwo', '666 King Street', 'Toronto', 'Australia', 100150.80),
(79, 'Michael', 'Queen', '312 Viper Street', 'Rio de Janeiro', 'Canada', 113445.80),
(80, 'Martha', 'Hart', '362 Phoenix Street', 'Sydney', 'China', 55627.23),
(81, 'Martha', 'Stone', '800 Lion Street', 'Rome', 'Argentina', 107804.65),
(82, 'Harry', 'Allon', '407 Eagle Street', 'Tokyo', 'Japan', 100580.40),
(83, 'Oliver', 'Vikander', '246 Raven Street', 'Vienna', 'United Arab Emirates', 99693.56),
(84, 'Sophia', 'Bond', '199 Duke Street', 'Berlin', 'Czech Republic', 118558.85),
(85, 'Ifeanyi', 'Frost', '783 Ghost Street', 'Los Angeles', 'United States', 138375.92),
(86, 'Sarah', 'Hart', '820 Bishop Street', 'Paris', 'Argentina', 112037.40),
(87, 'James', 'Vikander', '800 Lion Street', 'New York', 'United Arab Emirates', 81930.61),
(88, 'Derek', 'Westen', '198 Prince Street', 'Toronto', 'Turkey', 144025.46),
(89, 'Oliver', 'Salt', '199 Duke Street', 'Buenos Aires', 'Turkey', 61417.35),
(90, 'Marcus', 'Ryan', '198 Prince Street', 'Madrid', 'United Kingdom', 62012.49),
(91, 'Lara', 'Bourne', '486 Princess Street', 'Istanbul', 'Italy', 125908.71),
(92, 'Cassandra', 'Bond', '362 Phoenix Street', 'Prague', 'Argentina', 148890.06),
(93, 'Jack', 'Hart', '562 Shadow Street', 'Buenos Aires', 'United Arab Emirates', 60925.47),
(94, 'Natasha', 'Stone', '562 Shadow Street', 'Beijing', 'Argentina', 64670.16),
(95, 'Martha', 'Samuel', '246 Raven Street', 'Prague', 'Italy', 134217.20),
(96, 'Alicia', 'Queen', '783 Ghost Street', 'Rome', 'France', 140244.29),
(97, 'Lara', 'Queen', '296 Falcon Street', 'Cape Town', 'Italy', 123642.18),
(98, 'Harry', 'Bristow', '783 Ghost Street', 'Berlin', 'Italy', 51393.49),
(99, 'Jason', 'Westen', '483 Duchess Street', 'Istanbul', 'Japan', 103613.96),
(100, 'Derek', 'Westen', '448 Castle Street', 'Buenos Aires', 'South Africa', 65047.12),
(101, 'Jason', 'Bristow', '666 King Street', 'Chicago', 'Japan', 53078.70),
(102, 'Alicia', 'Hunt', '820 Bishop Street', 'Toronto', 'Austria', 114837.49),
(103, 'Natasha', 'Hart', '648 Tiger Street', 'Paris', 'China', 124823.52),
(104, 'Sydney', 'Bourne', '648 Tiger Street', 'Moscow', 'Austria', 147671.38),
(105, 'Ifeanyi', 'Frost', '562 Shadow Street', 'New York', 'Argentina', 102585.09),
(106, 'Jack', 'Hart', '246 Raven Street', 'London', 'China', 83486.90),
(107, 'John', 'Hunt', '820 Bishop Street', 'Toronto', 'Brazil', 69763.16),
(108, 'Isabelle', 'Martinez', '198 Prince Street', 'Cape Town', 'United States', 134191.51),
(109, 'Gabriel', 'Hart', '183 Knight Street', 'Cape Town', 'United States', 113768.84),
(110, 'Victor', 'Martinez', '483 Duchess Street', 'Berlin', 'United Kingdom', 73001.81),
(111, 'Ifeanyi', 'Trevelyan', '483 Wolf Street', 'Rome', 'Japan', 143216.58),
(112, 'Ifeanyi', 'Romanoff', '648 Tiger Street', 'London', 'Brazil', 128773.94),
(113, 'Jack', 'Bourne', '199 Duke Street', 'Berlin', 'Australia', 111017.52),
(114, 'Martha', 'Emekwo', '486 Princess Street', 'Vienna', 'Japan', 97572.05),
(115, 'Oliver', 'Frost', '783 Ghost Street', 'Madrid', 'Australia', 86970.72),
(116, 'Lara', 'Vikander', '486 Princess Street', 'Istanbul', 'Italy', 67083.78),
(117, 'Natasha', 'Cain', '199 Duke Street', 'Prague', 'France', 140052.74),
(118, 'Ethan', 'Bourne', '312 Viper Street', 'Istanbul', 'France', 106021.17),
(119, 'Jack', 'Emekwo', '648 Tiger Street', 'Istanbul', 'United Kingdom', 75787.48),
(120, 'Oliver', 'Bourne', '820 Bishop Street', 'Vienna', 'Italy', 148660.56),
(121, 'Alicia', 'Queen', '590 Dragon Street', 'Los Angeles', 'Turkey', 134834.52),
(122, 'Oliver', 'Queen', '666 King Street', 'Rio de Janeiro', 'Turkey', 97694.59),
(123, 'Sydney', 'Hunt', '648 Tiger Street', 'Sydney', 'France', 149878.88),
(124, 'Oliver', 'Queen', '783 Ghost Street', 'London', 'Japan', 141089.57),
(125, 'Natasha', 'Emekwo', '198 Prince Street', 'Istanbul', 'United Arab Emirates', 67417.95),
(126, 'Jason', 'Vikander', '783 Ghost Street', 'Toronto', 'Australia', 126713.06),
(127, 'Gabriel', 'Croft', '199 Duke Street', 'New York', 'France', 109820.06),
(128, 'Jason', 'Samuel', '246 Raven Street', 'Istanbul', 'Russia', 132015.54),
(129, 'Gabriel', 'Trevelyan', '293 Queen Street', 'Toronto', 'France', 54758.32),
(130, 'Alicia', 'Queen', '312 Viper Street', 'Rio de Janeiro', 'Turkey', 138140.19),
(131, 'Jason', 'Emekwo', '483 Duchess Street', 'Chicago', 'Russia', 142589.81),
(132, 'Isabelle', 'Hunt', '246 Raven Street', 'Chicago', 'Austria', 83346.37),
(133, 'Ifeanyi', 'Bristow', '198 Prince Street', 'Cape Town', 'Japan', 104125.80),
(134, 'Ifeanyi', 'Romanoff', '783 Ghost Street', 'Berlin', 'France', 133805.50),
(135, 'Evelyn', 'Ryan', '562 Shadow Street', 'Dubai', 'Spain', 141525.41),
(136, 'Alicia', 'Bond', '483 Wolf Street', 'Paris', 'South Africa', 113632.64),
(137, 'John', 'Cain', '198 Prince Street', 'Dubai', 'South Africa', 143876.12),
(138, 'Marcus', 'Queen', '820 Bishop Street', 'Moscow', 'Turkey', 99642.95),
(139, 'Jason', 'Romanoff', '183 Knight Street', 'Tokyo', 'Argentina', 141201.29),
(140, 'Ethan', 'Westen', '483 Duchess Street', 'Prague', 'Italy', 96811.21),
(141, 'Michael', 'Ryan', '483 Wolf Street', 'London', 'United Arab Emirates', 54474.08),
(142, 'Harry', 'Dixon', '800 Lion Street', 'London', 'South Africa', 72092.71),
(143, 'Ethan', 'Samuel', '198 Prince Street', 'Rio de Janeiro', 'Russia', 149363.37),
(144, 'Marcus', 'Martinez', '486 Princess Street', 'Tokyo', 'Germany', 56258.26),
(145, 'Jason', 'Wexler', '483 Duchess Street', 'Sydney', 'United Arab Emirates', 138546.66),
(146, 'Sarah', 'Trevelyan', '312 Viper Street', 'Rio de Janeiro', 'United Arab Emirates', 63344.36),
(147, 'Victor', 'Croft', '648 Tiger Street', 'Prague', 'Canada', 52126.33),
(148, 'Michael', 'Frost', '312 Viper Street', 'Vienna', 'Germany', 53378.95),
(149, 'Victor', 'Emekwo', '483 Duchess Street', 'Chicago', 'United Arab Emirates', 66169.06),
(150, 'Harry', 'Bourne', '483 Wolf Street', 'Los Angeles', 'United Kingdom', 89600.38),
(151, 'Sophia', 'Wexler', '448 Castle Street', 'Dubai', 'China', 107144.44),
(152, 'Sarah', 'Croft', '407 Eagle Street', 'Los Angeles', 'Czech Republic', 82299.71),
(153, 'Alicia', 'Emekwo', '407 Eagle Street', 'Paris', 'Italy', 91134.74),
(154, 'Martha', 'Ryan', '198 Prince Street', 'Cape Town', 'South Africa', 67799.74),
(155, 'James', 'Cain', '483 Duchess Street', 'Moscow', 'Argentina', 131427.42),
(156, 'Harry', 'Bond', '820 Bishop Street', 'New York', 'United Kingdom', 133608.32),
(157, 'Martha', 'Samuel', '183 Knight Street', 'Chicago', 'Germany', 54257.40),
(158, 'John', 'Westen', '296 Falcon Street', 'Los Angeles', 'Russia', 54489.28),
(159, 'Alicia', 'Croft', '483 Wolf Street', 'Moscow', 'France', 89132.71),
(160, 'Emma', 'Hart', '293 Queen Street', 'Sydney', 'United Kingdom', 100794.70),
(161, 'Sophia', 'Trevelyan', '312 Viper Street', 'Tokyo', 'Turkey', 63741.49),
(162, 'Alicia', 'Allon', '362 Phoenix Street', 'Rome', 'Czech Republic', 114097.38),
(163, 'Derek', 'Salt', '199 Duke Street', 'Dubai', 'United Kingdom', 102984.42),
(164, 'Derek', 'Allon', '800 Lion Street', 'Istanbul', 'China', 127129.53),
(165, 'John', 'Dixon', '312 Viper Street', 'London', 'South Africa', 54798.49),
(166, 'Natasha', 'Trevelyan', '820 Bishop Street', 'Paris', 'Austria', 149536.06),
(167, 'Oliver', 'Ryan', '783 Ghost Street', 'Madrid', 'Canada', 106857.80),
(168, 'Alicia', 'Westen', '199 Duke Street', 'Madrid', 'France', 59262.18),
(169, 'Isabelle', 'Westen', '648 Tiger Street', 'Prague', 'South Africa', 79857.30),
(170, 'Victor', 'Frost', '293 Queen Street', 'Tokyo', 'Czech Republic', 110463.94),
(171, 'Marcus', 'Croft', '648 Tiger Street', 'Rio de Janeiro', 'Turkey', 98072.85),
(172, 'Cassandra', 'Allon', '590 Dragon Street', 'Tokyo', 'Spain', 115844.17),
(173, 'Victor', 'Ryan', '648 Tiger Street', 'Madrid', 'Turkey', 51456.94),
(174, 'Natasha', 'Allon', '483 Wolf Street', 'Toronto', 'Argentina', 131979.34),
(175, 'Ifeanyi', 'Cain', '312 Viper Street', 'Paris', 'Austria', 138366.35),
(176, 'Alec', 'Salt', '246 Raven Street', 'Vienna', 'Japan', 68975.30),
(177, 'Natasha', 'Wexler', '486 Princess Street', 'Beijing', 'Germany', 94322.65),
(178, 'Sarah', 'Emekwo', '312 Viper Street', 'Chicago', 'France', 68037.22),
(179, 'Ethan', 'Allon', '448 Castle Street', 'Beijing', 'Spain', 122177.58),
(180, 'Alec', 'Samuel', '562 Shadow Street', 'Moscow', 'Brazil', 125746.63),
(181, 'Derek', 'Emekwo', '800 Lion Street', 'Beijing', 'Turkey', 78290.08),
(182, 'Sydney', 'Trevelyan', '562 Shadow Street', 'London', 'United States', 75372.31),
(183, 'Gabriel', 'Allon', '820 Bishop Street', 'Beijing', 'Czech Republic', 119751.24),
(184, 'Victor', 'Bourne', '246 Raven Street', 'Moscow', 'Italy', 122648.53),
(185, 'Cassandra', 'Wexler', '648 Tiger Street', 'New York', 'South Africa', 90572.46),
(186, 'Oliver', 'Croft', '800 Lion Street', 'Rio de Janeiro', 'Italy', 55933.77),
(187, 'Lara', 'Vikander', '483 Wolf Street', 'Dubai', 'Australia', 58962.76),
(188, 'Derek', 'Frost', '198 Prince Street', 'Cape Town', 'United Kingdom', 114441.22),
(189, 'Isabelle', 'Bristow', '666 King Street', 'Beijing', 'United Arab Emirates', 118623.27),
(190, 'James', 'Emekwo', '407 Eagle Street', 'Paris', 'Spain', 98748.07),
(191, 'Ifeanyi', 'Martinez', '246 Raven Street', 'London', 'Russia', 91487.40),
(192, 'Cassandra', 'Hart', '199 Duke Street', 'Los Angeles', 'United Kingdom', 140263.20),
(193, 'Alec', 'Stone', '312 Viper Street', 'Buenos Aires', 'Czech Republic', 105349.49),
(194, 'Marcus', 'Vikander', '648 Tiger Street', 'Madrid', 'France', 52685.97),
(195, 'Emma', 'Bond', '483 Duchess Street', 'Cape Town', 'Austria', 83478.59),
(196, 'Cassandra', 'Samuel', '483 Wolf Street', 'Chicago', 'Canada', 144193.51),
(197, 'Lara', 'Martinez', '820 Bishop Street', 'Paris', 'Spain', 62913.64),
(198, 'Martha', 'Vikander', '448 Castle Street', 'Prague', 'South Africa', 112109.99),
(199, 'Martha', 'Hunt', '407 Eagle Street', 'Rio de Janeiro', 'Italy', 65396.39),
(200, 'Marcus', 'Trevelyan', '483 Wolf Street', 'Prague', 'France', 96494.19),
(201, 'Derek', 'Hunt', '483 Wolf Street', 'Toronto', 'Austria', 109426.85),
(202, 'Isabelle', 'Salt', '296 Falcon Street', 'Dubai', 'Germany', 106345.94),
(203, 'Alec', 'Vikander', '666 King Street', 'Moscow', 'Italy', 81046.54),
(204, 'Derek', 'Allon', '483 Wolf Street', 'Cape Town', 'France', 111765.39),
(205, 'Marcus', 'Westen', '562 Shadow Street', 'Beijing', 'Czech Republic', 81366.04),
(206, 'Marcus', 'Croft', '800 Lion Street', 'Rome', 'China', 94355.52),
(207, 'John', 'Ryan', '293 Queen Street', 'Rio de Janeiro', 'United Kingdom', 79832.27),
(208, 'James', 'Salt', '407 Eagle Street', 'Buenos Aires', 'Spain', 135495.83),
(209, 'Gabriel', 'Hunt', '407 Eagle Street', 'New York', 'China', 60828.64),
(210, 'Emma', 'Emekwo', '296 Falcon Street', 'Prague', 'Russia', 84615.68),
(211, 'Martha', 'Martinez', '362 Phoenix Street', 'Los Angeles', 'Russia', 112776.80),
(212, 'Sydney', 'Queen', '783 Ghost Street', 'Berlin', 'Germany', 139477.58),
(213, 'Marcus', 'Romanoff', '183 Knight Street', 'Rio de Janeiro', 'Argentina', 137672.27),
(214, 'Ethan', 'Bourne', '783 Ghost Street', 'Tokyo', 'Japan', 56082.03),
(215, 'Sarah', 'Frost', '486 Princess Street', 'Toronto', 'United States', 62787.09),
(216, 'Natasha', 'Cain', '820 Bishop Street', 'Berlin', 'Argentina', 83133.98),
(217, 'Ifeanyi', 'Wexler', '293 Queen Street', 'Toronto', 'Japan', 86027.83),
(218, 'Derek', 'Hart', '293 Queen Street', 'Vienna', 'China', 57362.34),
(219, 'Gabriel', 'Salt', '246 Raven Street', 'Chicago', 'Spain', 97387.91),
(220, 'Cassandra', 'Dixon', '800 Lion Street', 'Paris', 'United Kingdom', 61609.50),
(221, 'Emma', 'Stone', '800 Lion Street', 'Sydney', 'Austria', 116658.33),
(222, 'Michael', 'Ryan', '783 Ghost Street', 'Sydney', 'Czech Republic', 132612.90),
(223, 'Alicia', 'Westen', '483 Duchess Street', 'Los Angeles', 'Turkey', 91236.96),
(224, 'Cassandra', 'Dixon', '407 Eagle Street', 'Prague', 'Brazil', 110363.11),
(225, 'Michael', 'Emekwo', '483 Wolf Street', 'Istanbul', 'Australia', 74224.23),
(226, 'Victor', 'Hunt', '198 Prince Street', 'Los Angeles', 'Brazil', 91186.10),
(227, 'Ethan', 'Bond', '783 Ghost Street', 'Prague', 'United Arab Emirates', 103391.89),
(228, 'Gabriel', 'Salt', '246 Raven Street', 'Sydney', 'Germany', 109577.36),
(229, 'Ethan', 'Samuel', '666 King Street', 'Madrid', 'South Africa', 51741.18),
(230, 'Oliver', 'Vikander', '800 Lion Street', 'Sydney', 'Czech Republic', 128110.65),
(231, 'Cassandra', 'Vikander', '183 Knight Street', 'Prague', 'Turkey', 65539.47),
(232, 'Sophia', 'Trevelyan', '296 Falcon Street', 'Toronto', 'United Kingdom', 109472.14),
(233, 'Jack', 'Bristow', '820 Bishop Street', 'Rome', 'Austria', 146935.25),
(234, 'Michael', 'Wexler', '362 Phoenix Street', 'Berlin', 'Turkey', 90032.32),
(235, 'John', 'Frost', '590 Dragon Street', 'Rio de Janeiro', 'South Africa', 85447.28),
(236, 'Ifeanyi', 'Hart', '562 Shadow Street', 'Vienna', 'Japan', 93752.60),
(237, 'James', 'Frost', '483 Duchess Street', 'Los Angeles', 'United Kingdom', 120702.42),
(238, 'Harry', 'Ryan', '820 Bishop Street', 'Los Angeles', 'Italy', 66886.77),
(239, 'Michael', 'Bristow', '483 Wolf Street', 'Beijing', 'Turkey', 83209.44),
(240, 'Oliver', 'Salt', '483 Wolf Street', 'Toronto', 'Italy', 87861.33),
(241, 'Lara', 'Romanoff', '800 Lion Street', 'Moscow', 'Argentina', 109416.17),
(242, 'Alec', 'Salt', '486 Princess Street', 'Los Angeles', 'United States', 108979.64),
(243, 'Sydney', 'Salt', '312 Viper Street', 'Toronto', 'Spain', 70037.97),
(244, 'Evelyn', 'Trevelyan', '312 Viper Street', 'Madrid', 'Czech Republic', 131246.39),
(245, 'Martha', 'Frost', '448 Castle Street', 'Chicago', 'Russia', 100310.39),
(246, 'Cassandra', 'Stone', '483 Wolf Street', 'Sydney', 'Japan', 69068.48),
(247, 'Alicia', 'Dixon', '666 King Street', 'New York', 'Spain', 100145.48),
(248, 'Martha', 'Emekwo', '293 Queen Street', 'London', 'Australia', 126977.18),
(249, 'Ifeanyi', 'Hart', '407 Eagle Street', 'Beijing', 'South Africa', 144775.08),
(250, 'Martha', 'Martinez', '666 King Street', 'Cape Town', 'Brazil', 57176.19),
(251, 'Cassandra', 'Vikander', '800 Lion Street', 'Chicago', 'Spain', 104227.30),
(252, 'Ifeanyi', 'Salt', '483 Duchess Street', 'Rome', 'United Kingdom', 101543.05),
(253, 'Emma', 'Wexler', '820 Bishop Street', 'Beijing', 'Czech Republic', 120144.46),
(254, 'Alec', 'Martinez', '312 Viper Street', 'Rio de Janeiro', 'Argentina', 86197.66),
(255, 'Harry', 'Queen', '648 Tiger Street', 'Sydney', 'South Africa', 128835.84),
(256, 'John', 'Dixon', '296 Falcon Street', 'Vienna', 'Turkey', 147997.88),
(257, 'Sarah', 'Emekwo', '448 Castle Street', 'New York', 'Russia', 89627.63),
(258, 'Cassandra', 'Hunt', '246 Raven Street', 'New York', 'Italy', 106625.60),
(259, 'Ifeanyi', 'Bristow', '483 Wolf Street', 'Chicago', 'France', 117863.92),
(260, 'Jason', 'Dixon', '198 Prince Street', 'Moscow', 'Italy', 86645.72),
(261, 'Marcus', 'Samuel', '312 Viper Street', 'Buenos Aires', 'South Africa', 93785.44),
(262, 'Derek', 'Emekwo', '820 Bishop Street', 'Cape Town', 'Czech Republic', 98447.60),
(263, 'Victor', 'Hunt', '407 Eagle Street', 'Berlin', 'China', 56568.38),
(264, 'Sophia', 'Romanoff', '483 Wolf Street', 'Dubai', 'China', 87449.71),
(265, 'Oliver', 'Bristow', '590 Dragon Street', 'Moscow', 'Czech Republic', 111540.62),
(266, 'Emma', 'Bourne', '783 Ghost Street', 'Tokyo', 'Italy', 53980.08),
(267, 'Natasha', 'Samuel', '483 Duchess Street', 'London', 'Brazil', 75324.33),
(268, 'John', 'Bond', '407 Eagle Street', 'Toronto', 'Turkey', 141094.40),
(269, 'Marcus', 'Stone', '800 Lion Street', 'Tokyo', 'Canada', 80920.66),
(270, 'Cassandra', 'Bristow', '296 Falcon Street', 'Rome', 'China', 145196.88),
(271, 'Alicia', 'Queen', '246 Raven Street', 'Prague', 'South Africa', 144753.11),
(272, 'Sydney', 'Dixon', '783 Ghost Street', 'Tokyo', 'South Africa', 83133.04),
(273, 'Jack', 'Allon', '198 Prince Street', 'Dubai', 'Argentina', 60798.03),
(274, 'Evelyn', 'Salt', '296 Falcon Street', 'New York', 'Japan', 78166.20),
(275, 'Marcus', 'Bristow', '246 Raven Street', 'Madrid', 'Germany', 50946.14),
(276, 'Sydney', 'Trevelyan', '483 Wolf Street', 'Beijing', 'Russia', 135539.71),
(277, 'Cassandra', 'Vikander', '820 Bishop Street', 'Rome', 'Austria', 92176.12),
(278, 'Marcus', 'Cain', '407 Eagle Street', 'Sydney', 'South Africa', 146723.41),
(279, 'Ethan', 'Croft', '246 Raven Street', 'Buenos Aires', 'China', 77023.26),
(280, 'Oliver', 'Queen', '590 Dragon Street', 'Los Angeles', 'Russia', 112272.42),
(281, 'Ethan', 'Samuel', '483 Wolf Street', 'Madrid', 'Turkey', 124549.04),
(282, 'Oliver', 'Romanoff', '590 Dragon Street', 'Tokyo', 'United Kingdom', 126346.24),
(283, 'Ethan', 'Romanoff', '199 Duke Street', 'Paris', 'Czech Republic', 143523.05),
(284, 'Jason', 'Romanoff', '666 King Street', 'Rio de Janeiro', 'Austria', 137252.25),
(285, 'Michael', 'Vikander', '362 Phoenix Street', 'Prague', 'Spain', 69558.37),
(286, 'Alicia', 'Ryan', '800 Lion Street', 'London', 'Brazil', 107470.22),
(287, 'Sydney', 'Hart', '312 Viper Street', 'Istanbul', 'China', 116711.76),
(288, 'Sophia', 'Samuel', '800 Lion Street', 'Sydney', 'Spain', 103725.36),
(289, 'Marcus', 'Stone', '183 Knight Street', 'New York', 'United States', 97494.17),
(290, 'Gabriel', 'Dixon', '590 Dragon Street', 'Paris', 'Russia', 127790.85),
(291, 'Emma', 'Vikander', '783 Ghost Street', 'Toronto', 'Australia', 51939.12),
(292, 'Natasha', 'Trevelyan', '820 Bishop Street', 'Beijing', 'Spain', 75423.64),
(293, 'Alec', 'Allon', '312 Viper Street', 'Los Angeles', 'United Arab Emirates', 52327.89),
(294, 'Emma', 'Romanoff', '483 Duchess Street', 'Chicago', 'Germany', 90223.32),
(295, 'Gabriel', 'Westen', '648 Tiger Street', 'Tokyo', 'Japan', 145515.56),
(296, 'Emma', 'Frost', '562 Shadow Street', 'Beijing', 'Argentina', 118557.16),
(297, 'Jack', 'Vikander', '483 Wolf Street', 'Vienna', 'Canada', 98364.59),
(298, 'Sydney', 'Wexler', '783 Ghost Street', 'Cape Town', 'United States', 148515.58),
(299, 'Lara', 'Emekwo', '820 Bishop Street', 'Istanbul', 'Canada', 100018.35),
(300, 'Marcus', 'Martinez', '246 Raven Street', 'New York', 'Italy', 99309.42),
(301, 'Oliver', 'Allon', '296 Falcon Street', 'Sydney', 'Australia', 58676.28),
(302, 'John', 'Dixon', '483 Duchess Street', 'Tokyo', 'Russia', 143896.27),
(303, 'Evelyn', 'Frost', '783 Ghost Street', 'Beijing', 'China', 147439.22),
(304, 'Alicia', 'Dixon', '666 King Street', 'Paris', 'France', 113030.62),
(305, 'Victor', 'Queen', '312 Viper Street', 'Beijing', 'Canada', 83442.18),
(306, 'Sarah', 'Wexler', '820 Bishop Street', 'Sydney', 'China', 99864.62),
(307, 'John', 'Vikander', '296 Falcon Street', 'Tokyo', 'Czech Republic', 123668.48),
(308, 'Natasha', 'Salt', '246 Raven Street', 'Toronto', 'Spain', 74213.91),
(309, 'Isabelle', 'Trevelyan', '648 Tiger Street', 'Los Angeles', 'France', 116609.26),
(310, 'Harry', 'Samuel', '486 Princess Street', 'Cape Town', 'France', 136514.84),
(311, 'Ifeanyi', 'Hunt', '562 Shadow Street', 'Buenos Aires', 'United Arab Emirates', 70399.99),
(312, 'Michael', 'Hart', '198 Prince Street', 'Beijing', 'Russia', 80399.39),
(313, 'Emma', 'Emekwo', '783 Ghost Street', 'Beijing', 'United States', 75674.94),
(314, 'Ifeanyi', 'Dixon', '820 Bishop Street', 'Toronto', 'Canada', 113344.15),
(315, 'Gabriel', 'Ryan', '293 Queen Street', 'Vienna', 'Turkey', 131635.23),
(316, 'Isabelle', 'Croft', '562 Shadow Street', 'Beijing', 'Germany', 115638.67),
(317, 'Ethan', 'Trevelyan', '183 Knight Street', 'Rio de Janeiro', 'Czech Republic', 72907.91),
(318, 'Emma', 'Cain', '666 King Street', 'Prague', 'South Africa', 141157.67),
(319, 'Sophia', 'Bristow', '590 Dragon Street', 'Vienna', 'China', 115568.88),
(320, 'Sarah', 'Allon', '199 Duke Street', 'Madrid', 'Argentina', 89204.02),
(321, 'John', 'Frost', '296 Falcon Street', 'Rio de Janeiro', 'Brazil', 143315.04),
(322, 'John', 'Croft', '590 Dragon Street', 'Prague', 'Argentina', 90072.78),
(323, 'Oliver', 'Allon', '407 Eagle Street', 'Istanbul', 'United Arab Emirates', 128144.40),
(324, 'Sophia', 'Frost', '820 Bishop Street', 'London', 'Brazil', 109024.25),
(325, 'Victor', 'Ryan', '183 Knight Street', 'Buenos Aires', 'Australia', 136415.60),
(326, 'Isabelle', 'Hunt', '183 Knight Street', 'Tokyo', 'Japan', 126165.14),
(327, 'Evelyn', 'Cain', '486 Princess Street', 'Dubai', 'Turkey', 122081.89),
(328, 'Isabelle', 'Allon', '483 Duchess Street', 'New York', 'United Kingdom', 138751.77),
(329, 'Victor', 'Wexler', '800 Lion Street', 'Chicago', 'Austria', 53406.51),
(330, 'Emma', 'Cain', '183 Knight Street', 'Paris', 'Brazil', 60819.21),
(331, 'Martha', 'Queen', '362 Phoenix Street', 'Paris', 'South Africa', 76087.26),
(332, 'Evelyn', 'Croft', '820 Bishop Street', 'New York', 'Australia', 130570.25),
(333, 'James', 'Stone', '296 Falcon Street', 'Berlin', 'China', 61083.36),
(334, 'Ethan', 'Westen', '296 Falcon Street', 'Beijing', 'Spain', 57362.83),
(335, 'Oliver', 'Dixon', '590 Dragon Street', 'New York', 'Austria', 98197.23),
(336, 'Natasha', 'Romanoff', '199 Duke Street', 'Vienna', 'Italy', 70372.17),
(337, 'Emma', 'Cain', '800 Lion Street', 'Prague', 'United Kingdom', 56483.85),
(338, 'Emma', 'Wexler', '483 Duchess Street', 'Prague', 'Russia', 125781.09),
(339, 'Alec', 'Allon', '486 Princess Street', 'London', 'Australia', 124972.63),
(340, 'Sophia', 'Frost', '312 Viper Street', 'Chicago', 'Japan', 56795.69),
(341, 'Sydney', 'Hart', '648 Tiger Street', 'Chicago', 'Turkey', 145683.94),
(342, 'Emma', 'Emekwo', '293 Queen Street', 'Prague', 'South Africa', 70193.78),
(343, 'Natasha', 'Salt', '198 Prince Street', 'Toronto', 'South Africa', 78494.64),
(344, 'Sarah', 'Frost', '407 Eagle Street', 'Istanbul', 'Brazil', 110965.21),
(345, 'Michael', 'Wexler', '783 Ghost Street', 'Los Angeles', 'Spain', 108120.14),
(346, 'Sarah', 'Bond', '562 Shadow Street', 'Beijing', 'France', 103140.28),
(347, 'Marcus', 'Stone', '820 Bishop Street', 'Rome', 'Spain', 113647.12),
(348, 'John', 'Croft', '820 Bishop Street', 'Chicago', 'South Africa', 72804.62),
(349, 'Ethan', 'Wexler', '246 Raven Street', 'Moscow', 'Canada', 66725.71),
(350, 'Ethan', 'Bourne', '199 Duke Street', 'Madrid', 'Germany', 133934.03),
(351, 'Oliver', 'Samuel', '293 Queen Street', 'Cape Town', 'Austria', 70967.39),
(352, 'Michael', 'Emekwo', '590 Dragon Street', 'Vienna', 'United Kingdom', 147625.50),
(353, 'Ifeanyi', 'Westen', '590 Dragon Street', 'Sydney', 'Italy', 110811.81),
(354, 'Jason', 'Bourne', '666 King Street', 'Paris', 'France', 97384.07),
(355, 'Cassandra', 'Samuel', '407 Eagle Street', 'Chicago', 'Russia', 144355.99),
(356, 'Victor', 'Vikander', '666 King Street', 'Madrid', 'Czech Republic', 136090.87),
(357, 'Gabriel', 'Cain', '296 Falcon Street', 'Buenos Aires', 'Italy', 146758.10),
(358, 'Isabelle', 'Hunt', '783 Ghost Street', 'Moscow', 'Italy', 57998.44),
(359, 'Oliver', 'Stone', '296 Falcon Street', 'Beijing', 'Spain', 84515.17),
(360, 'Jack', 'Bristow', '407 Eagle Street', 'New York', 'Turkey', 87273.77),
(361, 'Alicia', 'Ryan', '246 Raven Street', 'Sydney', 'Czech Republic', 95783.05),
(362, 'Sophia', 'Allon', '800 Lion Street', 'Chicago', 'Brazil', 135497.85),
(363, 'Alicia', 'Dixon', '666 King Street', 'Prague', 'United States', 63635.36),
(364, 'Isabelle', 'Hunt', '246 Raven Street', 'Dubai', 'Austria', 72700.48),
(365, 'Michael', 'Westen', '246 Raven Street', 'Beijing', 'South Africa', 75095.00),
(366, 'Ethan', 'Frost', '648 Tiger Street', 'Vienna', 'Austria', 85561.01),
(367, 'Alicia', 'Stone', '483 Wolf Street', 'Rio de Janeiro', 'United States', 50714.75),
(368, 'Jason', 'Trevelyan', '296 Falcon Street', 'Vienna', 'Spain', 127767.14),
(369, 'Evelyn', 'Romanoff', '448 Castle Street', 'Sydney', 'Spain', 69721.26),
(370, 'Isabelle', 'Stone', '246 Raven Street', 'Los Angeles', 'Japan', 89099.44),
(371, 'Alicia', 'Hart', '800 Lion Street', 'Rome', 'Australia', 87776.30),
(372, 'Martha', 'Frost', '783 Ghost Street', 'Rome', 'China', 124047.60),
(373, 'John', 'Allon', '666 King Street', 'Tokyo', 'Australia', 130017.91),
(374, 'Emma', 'Queen', '783 Ghost Street', 'Toronto', 'Brazil', 131005.58),
(375, 'Michael', 'Wexler', '407 Eagle Street', 'Berlin', 'United Arab Emirates', 139722.56),
(376, 'Natasha', 'Dixon', '562 Shadow Street', 'Beijing', 'South Africa', 143069.04),
(377, 'Isabelle', 'Westen', '486 Princess Street', 'Tokyo', 'France', 67060.13),
(378, 'James', 'Bourne', '312 Viper Street', 'Toronto', 'Germany', 134799.61),
(379, 'Michael', 'Bond', '820 Bishop Street', 'Vienna', 'Spain', 127418.27),
(380, 'Lara', 'Frost', '246 Raven Street', 'London', 'Japan', 56120.36),
(381, 'Harry', 'Westen', '362 Phoenix Street', 'Beijing', 'South Africa', 108455.47),
(382, 'Ethan', 'Trevelyan', '648 Tiger Street', 'Paris', 'Italy', 71054.31),
(383, 'Alec', 'Wexler', '590 Dragon Street', 'New York', 'Brazil', 118962.37),
(384, 'James', 'Emekwo', '293 Queen Street', 'Madrid', 'Brazil', 106327.97),
(385, 'Michael', 'Croft', '648 Tiger Street', 'Sydney', 'China', 123878.76),
(386, 'Emma', 'Samuel', '562 Shadow Street', 'Berlin', 'Turkey', 54803.50),
(387, 'John', 'Allon', '820 Bishop Street', 'Dubai', 'Austria', 71086.22),
(388, 'Lara', 'Allon', '407 Eagle Street', 'Paris', 'Austria', 102984.34),
(389, 'Sydney', 'Queen', '590 Dragon Street', 'New York', 'Germany', 104958.95),
(390, 'Evelyn', 'Ryan', '246 Raven Street', 'London', 'China', 75670.24),
(391, 'Sarah', 'Bourne', '183 Knight Street', 'Sydney', 'France', 145786.28),
(392, 'Evelyn', 'Wexler', '590 Dragon Street', 'Istanbul', 'Australia', 119993.50),
(393, 'Jason', 'Croft', '198 Prince Street', 'Rio de Janeiro', 'Germany', 92260.50),
(394, 'Derek', 'Stone', '198 Prince Street', 'Cape Town', 'Czech Republic', 148976.51),
(395, 'Alicia', 'Cain', '293 Queen Street', 'Rio de Janeiro', 'Canada', 134686.85),
(396, 'James', 'Queen', '648 Tiger Street', 'Sydney', 'Germany', 117630.52),
(397, 'Jason', 'Ryan', '590 Dragon Street', 'Madrid', 'Russia', 129101.73),
(398, 'Victor', 'Bourne', '183 Knight Street', 'New York', 'Australia', 66659.15),
(399, 'Michael', 'Allon', '312 Viper Street', 'London', 'Germany', 59630.03),
(400, 'Derek', 'Trevelyan', '296 Falcon Street', 'Tokyo', 'United Arab Emirates', 108661.22),
(401, 'Evelyn', 'Ryan', '198 Prince Street', 'London', 'Russia', 123255.35),
(402, 'Michael', 'Bristow', '296 Falcon Street', 'Rio de Janeiro', 'Spain', 102292.78),
(403, 'Derek', 'Martinez', '362 Phoenix Street', 'Chicago', 'United Arab Emirates', 123770.39),
(404, 'Natasha', 'Stone', '483 Wolf Street', 'Vienna', 'Austria', 119478.94),
(405, 'Michael', 'Hunt', '362 Phoenix Street', 'Beijing', 'Japan', 104334.03),
(406, 'Sarah', 'Trevelyan', '783 Ghost Street', 'Beijing', 'Turkey', 85524.61),
(407, 'John', 'Ryan', '296 Falcon Street', 'Toronto', 'Canada', 67315.92),
(408, 'Ifeanyi', 'Dixon', '296 Falcon Street', 'Buenos Aires', 'Germany', 136168.71),
(409, 'Derek', 'Hunt', '483 Duchess Street', 'Buenos Aires', 'South Africa', 144448.08),
(410, 'Oliver', 'Westen', '483 Wolf Street', 'Tokyo', 'South Africa', 139163.86),
(411, 'Oliver', 'Stone', '666 King Street', 'Dubai', 'Russia', 133056.02),
(412, 'Cassandra', 'Vikander', '312 Viper Street', 'Istanbul', 'Italy', 88843.43),
(413, 'Gabriel', 'Westen', '183 Knight Street', 'Istanbul', 'Argentina', 89384.68),
(414, 'Sarah', 'Frost', '199 Duke Street', 'Madrid', 'United States', 63081.80),
(415, 'Oliver', 'Ryan', '483 Duchess Street', 'Toronto', 'Austria', 54071.10),
(416, 'Isabelle', 'Emekwo', '562 Shadow Street', 'Tokyo', 'Czech Republic', 116697.98),
(417, 'Emma', 'Queen', '407 Eagle Street', 'Berlin', 'Germany', 102667.04),
(418, 'Marcus', 'Salt', '783 Ghost Street', 'Paris', 'Argentina', 137040.64),
(419, 'Michael', 'Samuel', '448 Castle Street', 'Buenos Aires', 'Italy', 112061.36),
(420, 'Derek', 'Bristow', '648 Tiger Street', 'Toronto', 'Brazil', 79535.47),
(421, 'Jason', 'Stone', '648 Tiger Street', 'Chicago', 'United Kingdom', 134829.19),
(422, 'Ethan', 'Salt', '783 Ghost Street', 'Tokyo', 'Brazil', 116228.28),
(423, 'Alicia', 'Vikander', '198 Prince Street', 'Los Angeles', 'Japan', 106307.92),
(424, 'Derek', 'Bourne', '407 Eagle Street', 'Istanbul', 'Brazil', 109346.65),
(425, 'Victor', 'Dixon', '198 Prince Street', 'Prague', 'United States', 105470.06),
(426, 'Emma', 'Bristow', '562 Shadow Street', 'Madrid', 'China', 51747.61),
(427, 'Alicia', 'Bourne', '296 Falcon Street', 'New York', 'United Arab Emirates', 145444.63),
(428, 'Victor', 'Romanoff', '486 Princess Street', 'Buenos Aires', 'Austria', 86584.76),
(429, 'Natasha', 'Salt', '800 Lion Street', 'London', 'South Africa', 93652.13),
(430, 'Isabelle', 'Martinez', '198 Prince Street', 'Paris', 'Argentina', 120746.22),
(431, 'Sophia', 'Salt', '590 Dragon Street', 'Berlin', 'Italy', 55697.85),
(432, 'Isabelle', 'Vikander', '448 Castle Street', 'Toronto', 'Japan', 98554.32),
(433, 'Jason', 'Hunt', '246 Raven Street', 'Rio de Janeiro', 'Italy', 59681.56),
(434, 'Isabelle', 'Dixon', '407 Eagle Street', 'Dubai', 'Czech Republic', 146876.40),
(435, 'Alec', 'Emekwo', '820 Bishop Street', 'Vienna', 'Japan', 70498.65),
(436, 'Alicia', 'Salt', '293 Queen Street', 'Cape Town', 'Australia', 52475.90),
(437, 'Isabelle', 'Samuel', '820 Bishop Street', 'Rio de Janeiro', 'Canada', 74631.71),
(438, 'Alec', 'Hart', '486 Princess Street', 'Moscow', 'Canada', 85955.04),
(439, 'Evelyn', 'Bond', '648 Tiger Street', 'Cape Town', 'Italy', 142800.38),
(440, 'Evelyn', 'Bourne', '483 Duchess Street', 'Tokyo', 'Argentina', 100415.85),
(441, 'Michael', 'Wexler', '293 Queen Street', 'Berlin', 'United States', 82891.62),
(442, 'Alicia', 'Ryan', '783 Ghost Street', 'Sydney', 'Brazil', 81534.58),
(443, 'Evelyn', 'Romanoff', '562 Shadow Street', 'Cape Town', 'Russia', 129136.80),
(444, 'Ifeanyi', 'Stone', '590 Dragon Street', 'Vienna', 'United Kingdom', 92691.09),
(445, 'John', 'Allon', '666 King Street', 'London', 'Czech Republic', 103614.05),
(446, 'Marcus', 'Romanoff', '246 Raven Street', 'Istanbul', 'Japan', 61628.36),
(447, 'Sarah', 'Wexler', '293 Queen Street', 'Buenos Aires', 'Germany', 60440.60),
(448, 'Gabriel', 'Bristow', '448 Castle Street', 'Los Angeles', 'Japan', 134943.60),
(449, 'Gabriel', 'Martinez', '483 Wolf Street', 'Los Angeles', 'United Kingdom', 136422.73),
(450, 'Oliver', 'Wexler', '199 Duke Street', 'Paris', 'Spain', 128577.92),
(451, 'John', 'Martinez', '486 Princess Street', 'Buenos Aires', 'Brazil', 60037.47),
(452, 'Derek', 'Wexler', '246 Raven Street', 'Los Angeles', 'United Arab Emirates', 137106.94),
(453, 'Emma', 'Martinez', '486 Princess Street', 'Vienna', 'Austria', 87500.25),
(454, 'Jason', 'Stone', '483 Duchess Street', 'Paris', 'Germany', 69344.58),
(455, 'Gabriel', 'Allon', '312 Viper Street', 'Rome', 'Japan', 83211.12),
(456, 'Michael', 'Wexler', '483 Wolf Street', 'Rio de Janeiro', 'China', 141265.21),
(457, 'Jack', 'Bond', '590 Dragon Street', 'Beijing', 'Austria', 115449.32),
(458, 'John', 'Bristow', '199 Duke Street', 'Tokyo', 'Canada', 94533.83),
(459, 'James', 'Bond', '666 King Street', 'Toronto', 'Canada', 64842.81),
(460, 'Alec', 'Westen', '296 Falcon Street', 'Beijing', 'United Arab Emirates', 69382.29),
(461, 'John', 'Frost', '483 Wolf Street', 'New York', 'South Africa', 140395.51),
(462, 'Jason', 'Queen', '800 Lion Street', 'Chicago', 'Australia', 68602.31),
(463, 'Emma', 'Croft', '198 Prince Street', 'Rome', 'Argentina', 54627.30),
(464, 'Isabelle', 'Westen', '293 Queen Street', 'London', 'United Kingdom', 98114.48),
(465, 'Martha', 'Trevelyan', '783 Ghost Street', 'Paris', 'France', 111716.25),
(466, 'Gabriel', 'Bourne', '246 Raven Street', 'Moscow', 'Canada', 127462.42),
(467, 'Cassandra', 'Dixon', '800 Lion Street', 'Beijing', 'Canada', 98162.11),
(468, 'Victor', 'Cain', '483 Duchess Street', 'Paris', 'Canada', 66758.61),
(469, 'Ifeanyi', 'Queen', '199 Duke Street', 'Prague', 'China', 116333.73),
(470, 'Alicia', 'Dixon', '293 Queen Street', 'Vienna', 'Italy', 139896.78),
(471, 'Isabelle', 'Trevelyan', '486 Princess Street', 'Paris', 'United States', 60396.00),
(472, 'Derek', 'Stone', '648 Tiger Street', 'Madrid', 'Italy', 141583.15),
(473, 'James', 'Wexler', '486 Princess Street', 'Tokyo', 'France', 77600.50),
(474, 'Jason', 'Frost', '312 Viper Street', 'Rio de Janeiro', 'United Arab Emirates', 88242.27),
(475, 'Derek', 'Westen', '590 Dragon Street', 'London', 'United States', 113324.21),
(476, 'Gabriel', 'Bristow', '486 Princess Street', 'Chicago', 'Australia', 142378.32),
(477, 'Evelyn', 'Salt', '199 Duke Street', 'Chicago', 'United Arab Emirates', 128429.21),
(478, 'James', 'Cain', '312 Viper Street', 'Istanbul', 'China', 70762.92),
(479, 'Natasha', 'Samuel', '800 Lion Street', 'Tokyo', 'Australia', 111824.04),
(480, 'Sophia', 'Trevelyan', '199 Duke Street', 'Tokyo', 'Turkey', 94223.41),
(481, 'Martha', 'Dixon', '820 Bishop Street', 'Madrid', 'Czech Republic', 54659.48),
(482, 'Evelyn', 'Bond', '590 Dragon Street', 'Prague', 'Turkey', 119867.50),
(483, 'Jack', 'Vikander', '296 Falcon Street', 'Vienna', 'Germany', 136459.72),
(484, 'Lara', 'Westen', '590 Dragon Street', 'Paris', 'United Kingdom', 51655.76),
(485, 'Harry', 'Martinez', '362 Phoenix Street', 'Moscow', 'Canada', 76081.38),
(486, 'Cassandra', 'Stone', '820 Bishop Street', 'Vienna', 'United States', 94162.62),
(487, 'Cassandra', 'Croft', '783 Ghost Street', 'London', 'Brazil', 65791.78),
(488, 'Sydney', 'Trevelyan', '648 Tiger Street', 'London', 'United States', 118201.49),
(489, 'Cassandra', 'Bourne', '590 Dragon Street', 'New York', 'United Kingdom', 124688.49),
(490, 'Gabriel', 'Ryan', '590 Dragon Street', 'Vienna', 'United States', 126788.50),
(491, 'Sydney', 'Trevelyan', '483 Wolf Street', 'Los Angeles', 'Spain', 60870.90),
(492, 'Sarah', 'Croft', '296 Falcon Street', 'Prague', 'Spain', 76577.44),
(493, 'Lara', 'Samuel', '783 Ghost Street', 'Rome', 'Japan', 146001.68),
(494, 'Derek', 'Cain', '486 Princess Street', 'Vienna', 'Spain', 92033.32),
(495, 'Ifeanyi', 'Stone', '562 Shadow Street', 'Dubai', 'Russia', 70177.47),
(496, 'Marcus', 'Vikander', '293 Queen Street', 'Berlin', 'France', 131782.01),
(497, 'Alec', 'Bourne', '800 Lion Street', 'New York', 'Germany', 131284.96),
(498, 'James', 'Ryan', '483 Wolf Street', 'Los Angeles', 'South Africa', 113515.23),
(499, 'Evelyn', 'Vikander', '296 Falcon Street', 'Chicago', 'Italy', 60707.37),
(500, 'Cassandra', 'Wexler', '246 Raven Street', 'Tokyo', 'Spain', 134402.69),
(501, 'Jason', 'Queen', '483 Duchess Street', 'Prague', 'South Africa', 86902.87),
(502, 'Victor', 'Stone', '183 Knight Street', 'Beijing', 'Czech Republic', 104860.81),
(503, 'Jason', 'Stone', '183 Knight Street', 'Sydney', 'Australia', 132857.56),
(504, 'Isabelle', 'Trevelyan', '483 Duchess Street', 'Dubai', 'Italy', 96870.60),
(505, 'Oliver', 'Emekwo', '820 Bishop Street', 'New York', 'Austria', 127620.62),
(506, 'Lara', 'Frost', '783 Ghost Street', 'Prague', 'Italy', 68928.27),
(507, 'Sydney', 'Dixon', '562 Shadow Street', 'Chicago', 'Spain', 70985.78),
(508, 'Marcus', 'Westen', '486 Princess Street', 'New York', 'Austria', 111799.77),
(509, 'Jack', 'Salt', '486 Princess Street', 'London', 'Germany', 68883.03),
(510, 'Emma', 'Vikander', '783 Ghost Street', 'Toronto', 'Japan', 77477.61),
(511, 'Sydney', 'Trevelyan', '666 King Street', 'Moscow', 'United Arab Emirates', 120297.61),
(512, 'Harry', 'Queen', '562 Shadow Street', 'Prague', 'Japan', 91318.21),
(513, 'Jack', 'Emekwo', '407 Eagle Street', 'Sydney', 'Spain', 102872.80),
(514, 'Ifeanyi', 'Dixon', '183 Knight Street', 'Tokyo', 'Turkey', 96769.43),
(515, 'Martha', 'Emekwo', '448 Castle Street', 'Chicago', 'Czech Republic', 112744.45),
(516, 'Natasha', 'Bristow', '199 Duke Street', 'Buenos Aires', 'Italy', 69391.60),
(517, 'Gabriel', 'Emekwo', '198 Prince Street', 'Cape Town', 'Russia', 51115.98),
(518, 'Jason', 'Westen', '198 Prince Street', 'Rome', 'United Kingdom', 81276.44),
(519, 'Cassandra', 'Allon', '666 King Street', 'Los Angeles', 'United Kingdom', 106133.92),
(520, 'Jack', 'Allon', '183 Knight Street', 'Berlin', 'Russia', 70793.08),
(521, 'Evelyn', 'Wexler', '448 Castle Street', 'Madrid', 'Japan', 147424.85),
(522, 'Cassandra', 'Vikander', '448 Castle Street', 'Beijing', 'United States', 83592.76),
(523, 'Lara', 'Bourne', '407 Eagle Street', 'Rio de Janeiro', 'Brazil', 57063.82),
(524, 'Ethan', 'Wexler', '362 Phoenix Street', 'Los Angeles', 'United States', 73116.41),
(525, 'Jack', 'Westen', '312 Viper Street', 'Paris', 'United States', 85176.49),
(526, 'Victor', 'Emekwo', '407 Eagle Street', 'Los Angeles', 'Argentina', 132627.53),
(527, 'Michael', 'Frost', '362 Phoenix Street', 'Dubai', 'United Kingdom', 110174.05),
(528, 'Jason', 'Hart', '312 Viper Street', 'Toronto', 'Australia', 78055.18),
(529, 'Alec', 'Bristow', '666 King Street', 'Beijing', 'France', 93208.61),
(530, 'John', 'Dixon', '486 Princess Street', 'Paris', 'Spain', 62219.74),
(531, 'Oliver', 'Hunt', '198 Prince Street', 'London', 'France', 104808.93),
(532, 'Natasha', 'Bristow', '312 Viper Street', 'Berlin', 'Austria', 67528.94),
(533, 'Sophia', 'Romanoff', '590 Dragon Street', 'Rome', 'Russia', 116759.00),
(534, 'Martha', 'Bond', '666 King Street', 'Beijing', 'China', 121831.39),
(535, 'Jason', 'Hunt', '246 Raven Street', 'Berlin', 'Australia', 52168.06),
(536, 'Gabriel', 'Trevelyan', '486 Princess Street', 'Istanbul', 'France', 85901.91),
(537, 'Marcus', 'Hunt', '648 Tiger Street', 'Rome', 'Canada', 83797.18),
(538, 'Alicia', 'Bourne', '198 Prince Street', 'Vienna', 'United Kingdom', 63598.88),
(539, 'Martha', 'Dixon', '666 King Street', 'Chicago', 'Brazil', 148855.33),
(540, 'Oliver', 'Frost', '648 Tiger Street', 'Prague', 'Japan', 81311.64),
(541, 'Natasha', 'Bristow', '483 Wolf Street', 'Tokyo', 'Italy', 143140.79),
(542, 'Martha', 'Cain', '198 Prince Street', 'Sydney', 'China', 80688.68),
(543, 'Oliver', 'Samuel', '198 Prince Street', 'Madrid', 'China', 142278.04),
(544, 'Gabriel', 'Bourne', '407 Eagle Street', 'Sydney', 'Argentina', 78201.24),
(545, 'Derek', 'Queen', '312 Viper Street', 'Buenos Aires', 'Russia', 66880.91),
(546, 'Ethan', 'Salt', '407 Eagle Street', 'Rome', 'South Africa', 121771.90),
(547, 'John', 'Croft', '183 Knight Street', 'Paris', 'United Arab Emirates', 56925.77),
(548, 'Isabelle', 'Martinez', '183 Knight Street', 'Rio de Janeiro', 'Turkey', 94161.01),
(549, 'Natasha', 'Stone', '183 Knight Street', 'Prague', 'Turkey', 126594.90),
(550, 'Sydney', 'Westen', '407 Eagle Street', 'Rio de Janeiro', 'Italy', 124381.33),
(551, 'Ifeanyi', 'Ryan', '362 Phoenix Street', 'Vienna', 'Japan', 131086.43),
(552, 'Alec', 'Romanoff', '562 Shadow Street', 'London', 'Russia', 116093.81),
(553, 'Marcus', 'Martinez', '296 Falcon Street', 'London', 'Russia', 97339.82),
(554, 'Derek', 'Stone', '820 Bishop Street', 'Buenos Aires', 'Spain', 92194.60),
(555, 'Derek', 'Vikander', '407 Eagle Street', 'Vienna', 'Russia', 60332.08),
(556, 'Evelyn', 'Cain', '783 Ghost Street', 'Madrid', 'United States', 60836.86),
(557, 'Ethan', 'Ryan', '407 Eagle Street', 'Tokyo', 'Russia', 61506.68),
(558, 'Sarah', 'Cain', '800 Lion Street', 'Sydney', 'Germany', 124402.65),
(559, 'John', 'Hart', '198 Prince Street', 'Tokyo', 'Brazil', 101913.64),
(560, 'Emma', 'Trevelyan', '483 Wolf Street', 'Chicago', 'Brazil', 75526.33),
(561, 'Alicia', 'Vikander', '448 Castle Street', 'Buenos Aires', 'Austria', 62234.99),
(562, 'Alec', 'Bristow', '666 King Street', 'London', 'United Kingdom', 68357.31),
(563, 'Harry', 'Queen', '800 Lion Street', 'Prague', 'Turkey', 92494.01),
(564, 'Derek', 'Trevelyan', '293 Queen Street', 'Paris', 'France', 81839.99),
(565, 'Alec', 'Queen', '293 Queen Street', 'Berlin', 'Russia', 73010.45),
(566, 'Harry', 'Samuel', '293 Queen Street', 'Istanbul', 'Brazil', 124242.58),
(567, 'Ethan', 'Stone', '486 Princess Street', 'Chicago', 'Brazil', 60396.73),
(568, 'Michael', 'Bond', '407 Eagle Street', 'Istanbul', 'Spain', 53162.71),
(569, 'Victor', 'Stone', '293 Queen Street', 'Toronto', 'Turkey', 106147.32),
(570, 'Cassandra', 'Stone', '293 Queen Street', 'Vienna', 'Canada', 109043.59),
(571, 'Alicia', 'Westen', '312 Viper Street', 'Chicago', 'Australia', 76405.99),
(572, 'Oliver', 'Bond', '448 Castle Street', 'Beijing', 'Argentina', 96351.55),
(573, 'Martha', 'Wexler', '362 Phoenix Street', 'Toronto', 'France', 99713.84),
(574, 'Ethan', 'Trevelyan', '648 Tiger Street', 'London', 'United States', 52650.81),
(575, 'Gabriel', 'Croft', '183 Knight Street', 'New York', 'Russia', 99269.97),
(576, 'Jack', 'Martinez', '783 Ghost Street', 'Rio de Janeiro', 'Spain', 118305.60),
(577, 'Jason', 'Vikander', '246 Raven Street', 'Chicago', 'Italy', 142131.40),
(578, 'Alicia', 'Frost', '783 Ghost Street', 'Toronto', 'Germany', 65809.73),
(579, 'Michael', 'Westen', '199 Duke Street', 'Rome', 'Spain', 148178.80),
(580, 'Isabelle', 'Frost', '296 Falcon Street', 'Dubai', 'Brazil', 91324.41),
(581, 'Derek', 'Cain', '800 Lion Street', 'Rio de Janeiro', 'Brazil', 146160.57),
(582, 'Alec', 'Dixon', '407 Eagle Street', 'Paris', 'United Arab Emirates', 102660.66),
(583, 'Evelyn', 'Bristow', '783 Ghost Street', 'Rio de Janeiro', 'Russia', 77031.16),
(584, 'Victor', 'Westen', '407 Eagle Street', 'Vienna', 'Turkey', 100191.56),
(585, 'Natasha', 'Croft', '407 Eagle Street', 'Rio de Janeiro', 'Brazil', 146250.58),
(586, 'Sydney', 'Westen', '648 Tiger Street', 'Beijing', 'Czech Republic', 141350.17),
(587, 'Ifeanyi', 'Vikander', '296 Falcon Street', 'Prague', 'Italy', 111403.07),
(588, 'Alicia', 'Westen', '800 Lion Street', 'Vienna', 'Spain', 86975.69),
(589, 'Oliver', 'Bristow', '783 Ghost Street', 'Chicago', 'Turkey', 63686.72),
(590, 'James', 'Allon', '590 Dragon Street', 'Prague', 'Russia', 68440.05),
(591, 'James', 'Frost', '590 Dragon Street', 'Rio de Janeiro', 'Russia', 132219.38),
(592, 'Isabelle', 'Samuel', '296 Falcon Street', 'Vienna', 'United Kingdom', 52493.16),
(593, 'Harry', 'Martinez', '198 Prince Street', 'Rio de Janeiro', 'Turkey', 119365.06),
(594, 'Marcus', 'Romanoff', '800 Lion Street', 'Rome', 'Japan', 78438.33),
(595, 'Sydney', 'Bourne', '590 Dragon Street', 'Prague', 'China', 95876.42),
(596, 'Alec', 'Queen', '199 Duke Street', 'Buenos Aires', 'Italy', 111632.49),
(597, 'Sophia', 'Bourne', '783 Ghost Street', 'Sydney', 'Brazil', 106164.35),
(598, 'Ifeanyi', 'Vikander', '800 Lion Street', 'Sydney', 'Czech Republic', 132145.25),
(599, 'Marcus', 'Westen', '362 Phoenix Street', 'Buenos Aires', 'Czech Republic', 88281.80),
(600, 'Jason', 'Bourne', '293 Queen Street', 'Sydney', 'Russia', 110252.98),
(601, 'James', 'Cain', '293 Queen Street', 'Los Angeles', 'United Kingdom', 101920.16),
(602, 'Martha', 'Queen', '783 Ghost Street', 'London', 'Italy', 83890.74),
(603, 'Victor', 'Trevelyan', '296 Falcon Street', 'Madrid', 'Italy', 78726.09),
(604, 'Oliver', 'Wexler', '199 Duke Street', 'Los Angeles', 'Australia', 109115.55),
(605, 'Sarah', 'Trevelyan', '312 Viper Street', 'Rio de Janeiro', 'Czech Republic', 144624.96),
(606, 'Jason', 'Ryan', '296 Falcon Street', 'Tokyo', 'South Africa', 109333.05),
(607, 'Sarah', 'Hunt', '590 Dragon Street', 'New York', 'South Africa', 75322.13),
(608, 'Derek', 'Wexler', '483 Wolf Street', 'Rio de Janeiro', 'Germany', 67005.35),
(609, 'Derek', 'Hunt', '407 Eagle Street', 'Vienna', 'South Africa', 54962.59),
(610, 'Jason', 'Frost', '820 Bishop Street', 'London', 'United Arab Emirates', 95144.42),
(611, 'Sydney', 'Hart', '312 Viper Street', 'Toronto', 'Japan', 137919.07),
(612, 'Ifeanyi', 'Allon', '590 Dragon Street', 'Buenos Aires', 'Argentina', 68594.81),
(613, 'James', 'Queen', '562 Shadow Street', 'Rome', 'United Kingdom', 96178.41),
(614, 'Sarah', 'Romanoff', '246 Raven Street', 'Beijing', 'Argentina', 142456.20),
(615, 'Lara', 'Ryan', '312 Viper Street', 'Los Angeles', 'China', 114308.64),
(616, 'Jason', 'Queen', '293 Queen Street', 'Rome', 'Austria', 140576.09),
(617, 'Ethan', 'Cain', '362 Phoenix Street', 'Chicago', 'Argentina', 103993.72),
(618, 'Victor', 'Hart', '648 Tiger Street', 'Toronto', 'Turkey', 77451.66),
(619, 'Sydney', 'Bond', '293 Queen Street', 'Berlin', 'Austria', 119793.67),
(620, 'Jason', 'Dixon', '407 Eagle Street', 'Berlin', 'Russia', 57468.22),
(621, 'Cassandra', 'Wexler', '820 Bishop Street', 'London', 'Austria', 89649.66),
(622, 'Ifeanyi', 'Wexler', '483 Duchess Street', 'Prague', 'Brazil', 103112.88),
(623, 'Evelyn', 'Salt', '407 Eagle Street', 'Dubai', 'Russia', 51920.47),
(624, 'Alicia', 'Croft', '198 Prince Street', 'London', 'United States', 116173.36),
(625, 'Lara', 'Salt', '562 Shadow Street', 'Sydney', 'Russia', 72214.34),
(626, 'Evelyn', 'Hunt', '486 Princess Street', 'Berlin', 'Turkey', 131876.05),
(627, 'Derek', 'Emekwo', '312 Viper Street', 'Paris', 'Germany', 136702.99),
(628, 'Victor', 'Ryan', '407 Eagle Street', 'London', 'Czech Republic', 83468.61),
(629, 'Ifeanyi', 'Hart', '293 Queen Street', 'Vienna', 'Austria', 67569.89),
(630, 'Emma', 'Queen', '448 Castle Street', 'Vienna', 'Brazil', 81294.13),
(631, 'Marcus', 'Stone', '312 Viper Street', 'Sydney', 'United States', 63520.58),
(632, 'Marcus', 'Queen', '293 Queen Street', 'Cape Town', 'United States', 112356.99),
(633, 'Alec', 'Samuel', '666 King Street', 'Paris', 'Japan', 111019.44);
INSERT INTO `agent` (`agent_id`, `first_name`, `last_name`, `address`, `city`, `country`, `salary`) VALUES
(634, 'Oliver', 'Hunt', '296 Falcon Street', 'Rome', 'United Arab Emirates', 127592.22),
(635, 'Michael', 'Emekwo', '448 Castle Street', 'Berlin', 'Australia', 79577.16),
(636, 'Cassandra', 'Wexler', '486 Princess Street', 'Berlin', 'Argentina', 123896.04),
(637, 'Jack', 'Martinez', '448 Castle Street', 'Buenos Aires', 'China', 52396.33),
(638, 'Harry', 'Trevelyan', '312 Viper Street', 'Chicago', 'Turkey', 129205.00),
(639, 'Sarah', 'Frost', '783 Ghost Street', 'Tokyo', 'Germany', 141132.23),
(640, 'Martha', 'Salt', '800 Lion Street', 'Vienna', 'Japan', 111958.77),
(641, 'Evelyn', 'Hart', '783 Ghost Street', 'Prague', 'Brazil', 91581.61),
(642, 'Harry', 'Allon', '800 Lion Street', 'Prague', 'United Arab Emirates', 144862.36),
(643, 'James', 'Queen', '183 Knight Street', 'Vienna', 'Spain', 116412.08),
(644, 'Cassandra', 'Bourne', '296 Falcon Street', 'Vienna', 'Canada', 59406.67),
(645, 'Martha', 'Hunt', '486 Princess Street', 'Toronto', 'South Africa', 63897.80),
(646, 'Harry', 'Martinez', '407 Eagle Street', 'Rome', 'Czech Republic', 111194.22),
(647, 'Jason', 'Bourne', '198 Prince Street', 'Berlin', 'Argentina', 126318.59),
(648, 'Sophia', 'Hunt', '448 Castle Street', 'Moscow', 'Czech Republic', 87339.31),
(649, 'Marcus', 'Wexler', '199 Duke Street', 'Vienna', 'Japan', 95639.66),
(650, 'Michael', 'Vikander', '199 Duke Street', 'Rio de Janeiro', 'Russia', 145473.73),
(651, 'Oliver', 'Stone', '362 Phoenix Street', 'Istanbul', 'South Africa', 65641.66),
(652, 'Jason', 'Croft', '648 Tiger Street', 'Istanbul', 'United Kingdom', 62719.71),
(653, 'Cassandra', 'Salt', '483 Duchess Street', 'Los Angeles', 'Canada', 77625.46),
(654, 'Sydney', 'Vikander', '246 Raven Street', 'Rome', 'United Kingdom', 58786.60),
(655, 'Marcus', 'Bond', '362 Phoenix Street', 'Buenos Aires', 'Japan', 51325.09),
(656, 'James', 'Vikander', '800 Lion Street', 'Beijing', 'Turkey', 111682.40),
(657, 'Alicia', 'Martinez', '246 Raven Street', 'Cape Town', 'Russia', 67572.34),
(658, 'Evelyn', 'Salt', '486 Princess Street', 'Cape Town', 'Italy', 131430.94),
(659, 'Derek', 'Stone', '486 Princess Street', 'Cape Town', 'United Arab Emirates', 121700.57),
(660, 'Oliver', 'Cain', '198 Prince Street', 'Beijing', 'Australia', 79520.15),
(661, 'James', 'Cain', '648 Tiger Street', 'Istanbul', 'France', 123969.79),
(662, 'Cassandra', 'Bond', '198 Prince Street', 'Rome', 'Czech Republic', 128307.95),
(663, 'Victor', 'Stone', '407 Eagle Street', 'Los Angeles', 'China', 122140.54),
(664, 'Marcus', 'Bourne', '183 Knight Street', 'Dubai', 'France', 86222.67),
(665, 'Jack', 'Bristow', '486 Princess Street', 'Chicago', 'Italy', 93687.31),
(666, 'Alicia', 'Hunt', '562 Shadow Street', 'London', 'Brazil', 114126.67),
(667, 'John', 'Emekwo', '246 Raven Street', 'Toronto', 'France', 118190.60),
(668, 'Cassandra', 'Salt', '590 Dragon Street', 'Prague', 'Italy', 102297.94),
(669, 'Natasha', 'Hunt', '648 Tiger Street', 'Rio de Janeiro', 'Russia', 140243.29),
(670, 'Natasha', 'Cain', '199 Duke Street', 'Rio de Janeiro', 'Czech Republic', 78554.01),
(671, 'Martha', 'Westen', '486 Princess Street', 'Dubai', 'United Arab Emirates', 81408.11),
(672, 'Michael', 'Queen', '483 Wolf Street', 'Beijing', 'China', 116752.68),
(673, 'Cassandra', 'Bond', '199 Duke Street', 'Vienna', 'United Arab Emirates', 139716.41),
(674, 'Emma', 'Wexler', '483 Wolf Street', 'Buenos Aires', 'South Africa', 101024.04),
(675, 'Ethan', 'Allon', '590 Dragon Street', 'Cape Town', 'Japan', 143306.27),
(676, 'Alec', 'Wexler', '590 Dragon Street', 'Cape Town', 'Czech Republic', 60004.83),
(677, 'Michael', 'Romanoff', '666 King Street', 'Los Angeles', 'United Kingdom', 74231.79),
(678, 'Victor', 'Bristow', '198 Prince Street', 'New York', 'Spain', 53844.78),
(679, 'Lara', 'Trevelyan', '183 Knight Street', 'London', 'France', 71698.19),
(680, 'Alec', 'Allon', '293 Queen Street', 'Cape Town', 'Spain', 125445.76),
(681, 'John', 'Croft', '312 Viper Street', 'Berlin', 'United States', 139895.20),
(682, 'Alicia', 'Bond', '590 Dragon Street', 'Vienna', 'China', 95900.69),
(683, 'Oliver', 'Stone', '783 Ghost Street', 'Buenos Aires', 'China', 142063.09),
(684, 'Sarah', 'Salt', '296 Falcon Street', 'Paris', 'Australia', 84983.90),
(685, 'Evelyn', 'Ryan', '783 Ghost Street', 'London', 'Austria', 84510.25),
(686, 'Ethan', 'Romanoff', '483 Wolf Street', 'Madrid', 'Austria', 54851.46),
(687, 'Alicia', 'Frost', '448 Castle Street', 'Prague', 'Turkey', 97908.69),
(688, 'Jason', 'Stone', '448 Castle Street', 'Rio de Janeiro', 'Japan', 140826.15),
(689, 'Natasha', 'Martinez', '199 Duke Street', 'Istanbul', 'Czech Republic', 76997.29),
(690, 'Jack', 'Allon', '483 Wolf Street', 'Cape Town', 'United Arab Emirates', 76393.82),
(691, 'Emma', 'Samuel', '483 Wolf Street', 'London', 'United Kingdom', 135687.79),
(692, 'Lara', 'Stone', '648 Tiger Street', 'Rio de Janeiro', 'United Kingdom', 139708.29),
(693, 'Alec', 'Bristow', '362 Phoenix Street', 'Sydney', 'South Africa', 85126.65),
(694, 'Sarah', 'Wexler', '407 Eagle Street', 'Berlin', 'Turkey', 94575.39),
(695, 'Ifeanyi', 'Bond', '590 Dragon Street', 'Los Angeles', 'Brazil', 143383.04),
(696, 'Lara', 'Salt', '483 Wolf Street', 'Chicago', 'France', 55365.06),
(697, 'Jack', 'Dixon', '820 Bishop Street', 'Madrid', 'Russia', 120627.98),
(698, 'Oliver', 'Croft', '820 Bishop Street', 'Dubai', 'United Arab Emirates', 109428.29),
(699, 'Martha', 'Ryan', '666 King Street', 'Chicago', 'South Africa', 69508.17),
(700, 'Alec', 'Samuel', '199 Duke Street', 'New York', 'China', 116701.64),
(701, 'Michael', 'Cain', '486 Princess Street', 'Chicago', 'Czech Republic', 55549.03),
(702, 'Sarah', 'Frost', '293 Queen Street', 'Los Angeles', 'South Africa', 140423.76),
(703, 'Marcus', 'Emekwo', '820 Bishop Street', 'Paris', 'South Africa', 56652.91),
(704, 'Marcus', 'Westen', '483 Wolf Street', 'Los Angeles', 'United Arab Emirates', 119869.13),
(705, 'Jason', 'Hart', '296 Falcon Street', 'Istanbul', 'Japan', 66857.31),
(706, 'Derek', 'Martinez', '448 Castle Street', 'Prague', 'United States', 113194.67),
(707, 'Evelyn', 'Romanoff', '562 Shadow Street', 'Chicago', 'Austria', 69948.69),
(708, 'Marcus', 'Croft', '183 Knight Street', 'Dubai', 'Japan', 74705.13),
(709, 'Martha', 'Queen', '648 Tiger Street', 'Berlin', 'Austria', 74339.28),
(710, 'Sarah', 'Wexler', '246 Raven Street', 'Rome', 'Japan', 78777.58),
(711, 'Martha', 'Bond', '312 Viper Street', 'Rio de Janeiro', 'Argentina', 139317.01),
(712, 'Natasha', 'Romanoff', '820 Bishop Street', 'Dubai', 'Canada', 118507.83),
(713, 'Martha', 'Vikander', '362 Phoenix Street', 'Sydney', 'Spain', 136090.42),
(714, 'Emma', 'Stone', '448 Castle Street', 'Los Angeles', 'Australia', 88848.57),
(715, 'Lara', 'Martinez', '293 Queen Street', 'Sydney', 'Russia', 136538.66),
(716, 'Evelyn', 'Allon', '800 Lion Street', 'Vienna', 'Spain', 68785.79),
(717, 'Gabriel', 'Salt', '199 Duke Street', 'Paris', 'Argentina', 67048.13),
(718, 'John', 'Stone', '486 Princess Street', 'Vienna', 'United Arab Emirates', 60068.66),
(719, 'Jason', 'Westen', '783 Ghost Street', 'Paris', 'Czech Republic', 101561.62),
(720, 'Jack', 'Wexler', '783 Ghost Street', 'Moscow', 'Russia', 89664.15),
(721, 'Evelyn', 'Trevelyan', '800 Lion Street', 'London', 'Germany', 149681.28),
(722, 'Alec', 'Westen', '198 Prince Street', 'Sydney', 'Spain', 88653.01),
(723, 'Lara', 'Queen', '407 Eagle Street', 'Dubai', 'Turkey', 123908.36),
(724, 'Ifeanyi', 'Salt', '199 Duke Street', 'New York', 'United States', 148664.02),
(725, 'Evelyn', 'Dixon', '296 Falcon Street', 'Dubai', 'Argentina', 92630.87),
(726, 'Derek', 'Queen', '483 Wolf Street', 'Berlin', 'Canada', 103206.12),
(727, 'Natasha', 'Martinez', '198 Prince Street', 'Beijing', 'South Africa', 83468.03),
(728, 'Alicia', 'Stone', '183 Knight Street', 'Dubai', 'Japan', 81406.12),
(729, 'Victor', 'Bond', '199 Duke Street', 'Chicago', 'United States', 108081.98),
(730, 'Lara', 'Allon', '198 Prince Street', 'Moscow', 'France', 122929.91),
(731, 'Derek', 'Queen', '666 King Street', 'Prague', 'United States', 116859.66),
(732, 'Harry', 'Cain', '483 Duchess Street', 'Cape Town', 'Brazil', 149642.01),
(733, 'Gabriel', 'Hart', '312 Viper Street', 'Paris', 'South Africa', 115332.91),
(734, 'Gabriel', 'Queen', '483 Wolf Street', 'Madrid', 'Canada', 107892.69),
(735, 'Emma', 'Trevelyan', '820 Bishop Street', 'Paris', 'Czech Republic', 133826.44),
(736, 'John', 'Croft', '448 Castle Street', 'Buenos Aires', 'Spain', 94620.72),
(737, 'Sarah', 'Bristow', '246 Raven Street', 'Berlin', 'United Arab Emirates', 105950.17),
(738, 'Ethan', 'Emekwo', '198 Prince Street', 'Vienna', 'Germany', 87157.18),
(739, 'Gabriel', 'Cain', '483 Wolf Street', 'Toronto', 'United States', 79660.61),
(740, 'Ifeanyi', 'Stone', '312 Viper Street', 'Dubai', 'Spain', 124230.94),
(741, 'Derek', 'Ryan', '198 Prince Street', 'Berlin', 'Germany', 75276.81),
(742, 'Emma', 'Queen', '198 Prince Street', 'Madrid', 'Japan', 74815.94),
(743, 'Ethan', 'Dixon', '199 Duke Street', 'New York', 'United States', 68006.27),
(744, 'Natasha', 'Ryan', '666 King Street', 'Paris', 'Italy', 52695.04),
(745, 'Emma', 'Hart', '783 Ghost Street', 'Beijing', 'China', 84892.87),
(746, 'Michael', 'Hart', '407 Eagle Street', 'Istanbul', 'United States', 143618.65),
(747, 'Isabelle', 'Ryan', '666 King Street', 'New York', 'Japan', 53387.80),
(748, 'James', 'Romanoff', '407 Eagle Street', 'Dubai', 'South Africa', 131253.38),
(749, 'Derek', 'Emekwo', '783 Ghost Street', 'Tokyo', 'Argentina', 115469.85),
(750, 'Martha', 'Martinez', '783 Ghost Street', 'Madrid', 'Japan', 82509.75),
(751, 'Sydney', 'Wexler', '199 Duke Street', 'Rio de Janeiro', 'Japan', 86878.93),
(752, 'Victor', 'Romanoff', '483 Wolf Street', 'Chicago', 'United Arab Emirates', 135065.02),
(753, 'Cassandra', 'Romanoff', '183 Knight Street', 'Chicago', 'Argentina', 114817.82),
(754, 'Evelyn', 'Bond', '198 Prince Street', 'Sydney', 'Spain', 96397.71),
(755, 'Harry', 'Bourne', '312 Viper Street', 'Prague', 'Argentina', 60198.30),
(756, 'Ethan', 'Romanoff', '293 Queen Street', 'Sydney', 'Turkey', 119037.75),
(757, 'James', 'Romanoff', '648 Tiger Street', 'Madrid', 'United States', 122837.60),
(758, 'Gabriel', 'Croft', '648 Tiger Street', 'Prague', 'South Africa', 103471.02),
(759, 'Jack', 'Bourne', '199 Duke Street', 'Madrid', 'United States', 101944.64),
(760, 'Lara', 'Trevelyan', '198 Prince Street', 'Tokyo', 'Australia', 103923.15),
(761, 'John', 'Dixon', '783 Ghost Street', 'Rio de Janeiro', 'Japan', 141611.22),
(762, 'Martha', 'Frost', '666 King Street', 'Toronto', 'Czech Republic', 117065.69),
(763, 'Natasha', 'Hart', '783 Ghost Street', 'New York', 'Czech Republic', 67927.27),
(764, 'Marcus', 'Cain', '800 Lion Street', 'Tokyo', 'Spain', 108544.81),
(765, 'Ethan', 'Ryan', '483 Wolf Street', 'Beijing', 'China', 94241.41),
(766, 'Jack', 'Romanoff', '183 Knight Street', 'Tokyo', 'Czech Republic', 81154.24),
(767, 'Natasha', 'Bourne', '293 Queen Street', 'Chicago', 'Austria', 132961.72),
(768, 'Natasha', 'Salt', '486 Princess Street', 'Istanbul', 'Czech Republic', 126150.34),
(769, 'Alicia', 'Bourne', '590 Dragon Street', 'Tokyo', 'Canada', 113491.49),
(770, 'Ifeanyi', 'Queen', '666 King Street', 'Istanbul', 'United States', 80311.95),
(771, 'Jack', 'Salt', '562 Shadow Street', 'Prague', 'China', 131853.60),
(772, 'Jack', 'Bristow', '448 Castle Street', 'Paris', 'Russia', 148299.63),
(773, 'Alicia', 'Cain', '486 Princess Street', 'Rome', 'Brazil', 57375.21),
(774, 'Oliver', 'Bourne', '312 Viper Street', 'Los Angeles', 'Germany', 113730.85),
(775, 'Isabelle', 'Croft', '296 Falcon Street', 'Tokyo', 'Brazil', 107444.20),
(776, 'Cassandra', 'Stone', '183 Knight Street', 'Madrid', 'Australia', 117896.76),
(777, 'Martha', 'Hart', '362 Phoenix Street', 'Sydney', 'South Africa', 106494.35),
(778, 'Alec', 'Hunt', '486 Princess Street', 'Chicago', 'France', 118655.19),
(779, 'Ethan', 'Croft', '820 Bishop Street', 'Berlin', 'Argentina', 89547.09),
(780, 'Alicia', 'Bristow', '648 Tiger Street', 'New York', 'Spain', 118588.51),
(781, 'Alec', 'Westen', '362 Phoenix Street', 'New York', 'Australia', 134841.68),
(782, 'Jack', 'Romanoff', '246 Raven Street', 'Buenos Aires', 'China', 95802.00),
(783, 'Isabelle', 'Allon', '296 Falcon Street', 'Paris', 'Italy', 64037.61),
(784, 'Ifeanyi', 'Hart', '562 Shadow Street', 'Rome', 'Australia', 62800.38),
(785, 'Martha', 'Hunt', '486 Princess Street', 'Cape Town', 'United States', 109601.43),
(786, 'Isabelle', 'Hart', '648 Tiger Street', 'Beijing', 'Russia', 144961.05),
(787, 'Sophia', 'Bourne', '800 Lion Street', 'Rio de Janeiro', 'Italy', 103641.69),
(788, 'Oliver', 'Trevelyan', '783 Ghost Street', 'Berlin', 'Austria', 148907.54),
(789, 'Ethan', 'Stone', '486 Princess Street', 'Sydney', 'Turkey', 110344.39),
(790, 'Sarah', 'Queen', '590 Dragon Street', 'Cape Town', 'Brazil', 141952.29),
(791, 'Derek', 'Hart', '362 Phoenix Street', 'Vienna', 'Czech Republic', 121146.26),
(792, 'Michael', 'Frost', '198 Prince Street', 'Tokyo', 'Canada', 67197.65),
(793, 'Lara', 'Westen', '820 Bishop Street', 'Moscow', 'Italy', 122545.52),
(794, 'Oliver', 'Martinez', '800 Lion Street', 'Cape Town', 'France', 64614.26),
(795, 'Sydney', 'Queen', '820 Bishop Street', 'Paris', 'China', 73408.45),
(796, 'Cassandra', 'Frost', '590 Dragon Street', 'Beijing', 'Spain', 134068.80),
(797, 'Harry', 'Dixon', '199 Duke Street', 'Paris', 'Italy', 95812.95),
(798, 'Evelyn', 'Bristow', '362 Phoenix Street', 'Los Angeles', 'Brazil', 73069.80),
(799, 'James', 'Martinez', '293 Queen Street', 'New York', 'Australia', 118977.17),
(800, 'Cassandra', 'Hart', '312 Viper Street', 'Istanbul', 'Czech Republic', 127777.77),
(801, 'Ifeanyi', 'Romanoff', '820 Bishop Street', 'New York', 'South Africa', 103943.93),
(802, 'Isabelle', 'Samuel', '312 Viper Street', 'Paris', 'Spain', 84403.17),
(803, 'Michael', 'Bristow', '590 Dragon Street', 'Vienna', 'Canada', 134115.48),
(804, 'Jack', 'Romanoff', '198 Prince Street', 'Rome', 'South Africa', 68151.91),
(805, 'Natasha', 'Bristow', '820 Bishop Street', 'Vienna', 'United Arab Emirates', 140757.75),
(806, 'Jack', 'Salt', '198 Prince Street', 'Beijing', 'United Kingdom', 135294.84),
(807, 'Derek', 'Samuel', '407 Eagle Street', 'Prague', 'Australia', 128774.98),
(808, 'John', 'Martinez', '483 Duchess Street', 'Moscow', 'Russia', 68393.09),
(809, 'Alec', 'Samuel', '783 Ghost Street', 'Rio de Janeiro', 'Turkey', 71094.98),
(810, 'Ifeanyi', 'Cain', '483 Wolf Street', 'Cape Town', 'China', 112618.26),
(811, 'Lara', 'Romanoff', '199 Duke Street', 'Buenos Aires', 'China', 66589.72),
(812, 'Emma', 'Romanoff', '183 Knight Street', 'Madrid', 'Germany', 109147.22),
(813, 'Ifeanyi', 'Croft', '800 Lion Street', 'Beijing', 'Germany', 78273.76),
(814, 'Marcus', 'Frost', '183 Knight Street', 'Paris', 'Canada', 90855.40),
(815, 'Alicia', 'Frost', '483 Duchess Street', 'Sydney', 'United Kingdom', 79748.22),
(816, 'Gabriel', 'Frost', '783 Ghost Street', 'Prague', 'South Africa', 139033.09),
(817, 'Jason', 'Samuel', '483 Wolf Street', 'Paris', 'France', 95425.32),
(818, 'Oliver', 'Bond', '448 Castle Street', 'Sydney', 'Australia', 69912.28),
(819, 'Alicia', 'Samuel', '198 Prince Street', 'Buenos Aires', 'Czech Republic', 63901.71),
(820, 'Oliver', 'Dixon', '246 Raven Street', 'Berlin', 'South Africa', 135554.35),
(821, 'Alec', 'Bond', '820 Bishop Street', 'Vienna', 'Japan', 124426.14),
(822, 'Martha', 'Romanoff', '483 Wolf Street', 'Toronto', 'China', 107228.89),
(823, 'Ifeanyi', 'Frost', '183 Knight Street', 'Rome', 'China', 52155.14),
(824, 'Michael', 'Croft', '199 Duke Street', 'Paris', 'Russia', 53453.91),
(825, 'Marcus', 'Ryan', '483 Duchess Street', 'Los Angeles', 'Turkey', 77905.94),
(826, 'Cassandra', 'Frost', '199 Duke Street', 'Tokyo', 'China', 136601.14),
(827, 'Sydney', 'Frost', '590 Dragon Street', 'Rome', 'France', 88239.85),
(828, 'Victor', 'Hart', '820 Bishop Street', 'Cape Town', 'Argentina', 137050.54),
(829, 'Jason', 'Stone', '666 King Street', 'Chicago', 'United States', 145827.91),
(830, 'Natasha', 'Bourne', '800 Lion Street', 'London', 'Russia', 80352.27),
(831, 'Natasha', 'Dixon', '483 Duchess Street', 'Istanbul', 'Turkey', 52950.14),
(832, 'Victor', 'Westen', '483 Duchess Street', 'Rio de Janeiro', 'Turkey', 88184.15),
(833, 'Natasha', 'Queen', '590 Dragon Street', 'London', 'China', 137295.32),
(834, 'Sarah', 'Allon', '483 Wolf Street', 'Cape Town', 'Australia', 63349.49),
(835, 'Ifeanyi', 'Stone', '483 Wolf Street', 'Chicago', 'United Kingdom', 79045.43),
(836, 'Michael', 'Dixon', '199 Duke Street', 'Rome', 'Turkey', 102149.77),
(837, 'Ethan', 'Hart', '362 Phoenix Street', 'Moscow', 'Japan', 138201.03),
(838, 'Michael', 'Emekwo', '293 Queen Street', 'Toronto', 'Japan', 103528.53),
(839, 'Jack', 'Bond', '296 Falcon Street', 'Paris', 'Czech Republic', 72017.71),
(840, 'Martha', 'Romanoff', '183 Knight Street', 'Toronto', 'Germany', 55801.92),
(841, 'Alicia', 'Ryan', '198 Prince Street', 'Toronto', 'France', 101469.94),
(842, 'Cassandra', 'Vikander', '486 Princess Street', 'London', 'Russia', 146797.41),
(843, 'Victor', 'Queen', '293 Queen Street', 'Beijing', 'Germany', 132992.68),
(844, 'Natasha', 'Trevelyan', '820 Bishop Street', 'Paris', 'Australia', 126510.96),
(845, 'Alicia', 'Romanoff', '783 Ghost Street', 'Istanbul', 'France', 62472.11),
(846, 'Alicia', 'Dixon', '783 Ghost Street', 'Chicago', 'Japan', 80748.37),
(847, 'Ethan', 'Allon', '448 Castle Street', 'Paris', 'Argentina', 50400.51),
(848, 'Alicia', 'Wexler', '296 Falcon Street', 'Tokyo', 'Italy', 89324.11),
(849, 'Alec', 'Dixon', '293 Queen Street', 'Paris', 'Germany', 89650.24),
(850, 'Marcus', 'Hunt', '648 Tiger Street', 'Rome', 'United Kingdom', 92564.96),
(851, 'Emma', 'Hart', '483 Wolf Street', 'London', 'France', 100669.17),
(852, 'John', 'Salt', '199 Duke Street', 'Los Angeles', 'South Africa', 142457.65),
(853, 'Gabriel', 'Bourne', '362 Phoenix Street', 'Chicago', 'Germany', 139312.70),
(854, 'Sydney', 'Frost', '183 Knight Street', 'Toronto', 'China', 119960.79),
(855, 'Jack', 'Hart', '312 Viper Street', 'New York', 'France', 122298.44),
(856, 'Isabelle', 'Ryan', '783 Ghost Street', 'Sydney', 'Austria', 131533.81),
(857, 'Emma', 'Samuel', '448 Castle Street', 'Prague', 'Japan', 138652.95),
(858, 'Alec', 'Wexler', '198 Prince Street', 'Tokyo', 'Spain', 68984.02),
(859, 'Oliver', 'Ryan', '407 Eagle Street', 'Istanbul', 'Japan', 50073.86),
(860, 'John', 'Cain', '483 Wolf Street', 'Beijing', 'Spain', 122292.31),
(861, 'Harry', 'Bond', '312 Viper Street', 'Chicago', 'Brazil', 134749.98),
(862, 'Natasha', 'Bristow', '666 King Street', 'Prague', 'Austria', 122965.98),
(863, 'Cassandra', 'Croft', '198 Prince Street', 'Dubai', 'Germany', 147719.29),
(864, 'Oliver', 'Wexler', '293 Queen Street', 'Paris', 'Australia', 58906.99),
(865, 'Natasha', 'Westen', '486 Princess Street', 'Vienna', 'Russia', 97821.16),
(866, 'Ethan', 'Croft', '407 Eagle Street', 'Buenos Aires', 'Italy', 100640.85),
(867, 'Sarah', 'Queen', '562 Shadow Street', 'Sydney', 'Spain', 54426.08),
(868, 'Emma', 'Queen', '448 Castle Street', 'Tokyo', 'United Kingdom', 60271.42),
(869, 'Lara', 'Romanoff', '666 King Street', 'Istanbul', 'Spain', 104366.52),
(870, 'Oliver', 'Wexler', '198 Prince Street', 'Vienna', 'Argentina', 54641.98),
(871, 'Jason', 'Samuel', '800 Lion Street', 'Sydney', 'Turkey', 128146.18),
(872, 'Jason', 'Ryan', '362 Phoenix Street', 'Istanbul', 'Australia', 50940.21),
(873, 'John', 'Allon', '666 King Street', 'Moscow', 'Canada', 56738.44),
(874, 'James', 'Bourne', '246 Raven Street', 'New York', 'South Africa', 147249.87),
(875, 'Isabelle', 'Queen', '296 Falcon Street', 'Moscow', 'France', 136053.37),
(876, 'Harry', 'Queen', '783 Ghost Street', 'Rio de Janeiro', 'Czech Republic', 80846.73),
(877, 'Lara', 'Hunt', '183 Knight Street', 'Sydney', 'Australia', 148082.04),
(878, 'Gabriel', 'Samuel', '296 Falcon Street', 'Buenos Aires', 'United States', 82576.19),
(879, 'Jack', 'Ryan', '312 Viper Street', 'Rio de Janeiro', 'Australia', 146014.17),
(880, 'Victor', 'Romanoff', '293 Queen Street', 'Moscow', 'Canada', 104813.43),
(881, 'Natasha', 'Emekwo', '562 Shadow Street', 'Paris', 'China', 62651.55),
(882, 'Martha', 'Cain', '198 Prince Street', 'Cape Town', 'Spain', 114516.22),
(883, 'Sophia', 'Romanoff', '562 Shadow Street', 'New York', 'Italy', 120597.69),
(884, 'Gabriel', 'Martinez', '407 Eagle Street', 'Tokyo', 'Russia', 135965.07),
(885, 'Natasha', 'Croft', '648 Tiger Street', 'Dubai', 'Spain', 134715.84),
(886, 'Sarah', 'Samuel', '407 Eagle Street', 'Toronto', 'South Africa', 57058.10),
(887, 'Emma', 'Hunt', '820 Bishop Street', 'Vienna', 'Brazil', 79028.19),
(888, 'Martha', 'Croft', '362 Phoenix Street', 'Vienna', 'Russia', 148182.42),
(889, 'Harry', 'Hunt', '820 Bishop Street', 'Berlin', 'Australia', 68538.11),
(890, 'Cassandra', 'Samuel', '199 Duke Street', 'Sydney', 'Germany', 95717.82),
(891, 'Sydney', 'Queen', '312 Viper Street', 'Chicago', 'United States', 130998.76),
(892, 'John', 'Bristow', '246 Raven Street', 'Vienna', 'United States', 147702.41),
(893, 'Marcus', 'Salt', '483 Duchess Street', 'Berlin', 'Australia', 110614.58),
(894, 'Lara', 'Wexler', '783 Ghost Street', 'Rome', 'France', 53924.19),
(895, 'John', 'Frost', '198 Prince Street', 'Madrid', 'Germany', 102163.29),
(896, 'Ifeanyi', 'Stone', '483 Wolf Street', 'Paris', 'United Kingdom', 95344.39),
(897, 'James', 'Samuel', '820 Bishop Street', 'Vienna', 'Argentina', 73652.72),
(898, 'Sydney', 'Emekwo', '296 Falcon Street', 'Los Angeles', 'United Arab Emirates', 99479.52),
(899, 'Jason', 'Emekwo', '783 Ghost Street', 'Prague', 'France', 58182.11),
(900, 'Jason', 'Bond', '448 Castle Street', 'Prague', 'Brazil', 64844.13),
(901, 'Michael', 'Westen', '362 Phoenix Street', 'Rome', 'Austria', 63942.38),
(902, 'Isabelle', 'Allon', '198 Prince Street', 'Cape Town', 'Russia', 61476.07),
(903, 'Victor', 'Allon', '362 Phoenix Street', 'Dubai', 'United Arab Emirates', 87111.23),
(904, 'Evelyn', 'Allon', '199 Duke Street', 'Madrid', 'United Arab Emirates', 103424.52),
(905, 'Derek', 'Wexler', '362 Phoenix Street', 'New York', 'Germany', 73071.06),
(906, 'Alicia', 'Emekwo', '800 Lion Street', 'Moscow', 'Italy', 54959.42),
(907, 'Gabriel', 'Wexler', '483 Duchess Street', 'Chicago', 'Brazil', 66514.71),
(908, 'Alec', 'Allon', '407 Eagle Street', 'Istanbul', 'Spain', 95351.67),
(909, 'James', 'Bourne', '199 Duke Street', 'New York', 'Russia', 93393.10),
(910, 'Derek', 'Hunt', '183 Knight Street', 'Moscow', 'Austria', 116345.25),
(911, 'Gabriel', 'Martinez', '820 Bishop Street', 'Madrid', 'United Arab Emirates', 78501.20),
(912, 'Sarah', 'Trevelyan', '562 Shadow Street', 'Los Angeles', 'United Arab Emirates', 101795.65),
(913, 'Sydney', 'Dixon', '407 Eagle Street', 'Los Angeles', 'France', 101753.16),
(914, 'Cassandra', 'Frost', '199 Duke Street', 'Toronto', 'South Africa', 69789.28),
(915, 'Natasha', 'Cain', '448 Castle Street', 'London', 'South Africa', 149234.65),
(916, 'Michael', 'Bourne', '483 Wolf Street', 'Los Angeles', 'Turkey', 79170.87),
(917, 'Michael', 'Bourne', '666 King Street', 'Vienna', 'Germany', 118589.52),
(918, 'Sydney', 'Trevelyan', '800 Lion Street', 'Moscow', 'Russia', 59499.64),
(919, 'Evelyn', 'Trevelyan', '198 Prince Street', 'Los Angeles', 'Canada', 141508.94),
(920, 'Natasha', 'Martinez', '198 Prince Street', 'New York', 'Austria', 55512.58),
(921, 'John', 'Stone', '312 Viper Street', 'Toronto', 'Italy', 101776.40),
(922, 'Evelyn', 'Ryan', '198 Prince Street', 'Beijing', 'Czech Republic', 68033.93),
(923, 'Sophia', 'Hart', '648 Tiger Street', 'Sydney', 'United States', 133275.57),
(924, 'Marcus', 'Salt', '483 Duchess Street', 'Paris', 'Austria', 141868.02),
(925, 'Sarah', 'Emekwo', '800 Lion Street', 'Dubai', 'China', 124193.33),
(926, 'Jason', 'Dixon', '246 Raven Street', 'Chicago', 'Brazil', 138363.21),
(927, 'Marcus', 'Hart', '783 Ghost Street', 'Berlin', 'United Arab Emirates', 148585.80),
(928, 'Ifeanyi', 'Romanoff', '783 Ghost Street', 'Moscow', 'Turkey', 108271.26),
(929, 'Cassandra', 'Queen', '198 Prince Street', 'Berlin', 'China', 124938.70),
(930, 'Michael', 'Cain', '483 Wolf Street', 'Paris', 'Australia', 121727.21),
(931, 'Victor', 'Vikander', '800 Lion Street', 'Cape Town', 'China', 107139.26),
(932, 'Jack', 'Salt', '590 Dragon Street', 'Sydney', 'Austria', 132572.08),
(933, 'Ifeanyi', 'Bristow', '198 Prince Street', 'Chicago', 'United Kingdom', 70995.24),
(934, 'John', 'Allon', '407 Eagle Street', 'New York', 'South Africa', 75671.99),
(935, 'Isabelle', 'Dixon', '198 Prince Street', 'Toronto', 'Japan', 112219.00),
(936, 'Marcus', 'Queen', '483 Wolf Street', 'Berlin', 'Italy', 82386.77),
(937, 'Martha', 'Martinez', '448 Castle Street', 'Vienna', 'Japan', 89528.85),
(938, 'Harry', 'Dixon', '486 Princess Street', 'Moscow', 'Australia', 133749.15),
(939, 'Gabriel', 'Martinez', '483 Wolf Street', 'Vienna', 'Canada', 86719.48),
(940, 'Ethan', 'Ryan', '448 Castle Street', 'Tokyo', 'South Africa', 107100.42),
(941, 'Marcus', 'Allon', '486 Princess Street', 'Dubai', 'Italy', 123763.20),
(942, 'Ethan', 'Samuel', '448 Castle Street', 'Istanbul', 'Australia', 99995.09),
(943, 'Harry', 'Hunt', '183 Knight Street', 'Chicago', 'Russia', 112363.32),
(944, 'Ethan', 'Stone', '293 Queen Street', 'New York', 'Japan', 146752.96),
(945, 'Alicia', 'Martinez', '483 Duchess Street', 'Cape Town', 'Austria', 67969.84),
(946, 'Lara', 'Bond', '312 Viper Street', 'Sydney', 'South Africa', 116521.61),
(947, 'Oliver', 'Bourne', '312 Viper Street', 'Tokyo', 'Australia', 67081.17),
(948, 'James', 'Ryan', '199 Duke Street', 'Berlin', 'Russia', 89773.62),
(949, 'John', 'Samuel', '312 Viper Street', 'Cape Town', 'Brazil', 66583.26),
(950, 'Alec', 'Queen', '362 Phoenix Street', 'London', 'United Kingdom', 138593.04),
(951, 'James', 'Westen', '800 Lion Street', 'Prague', 'Spain', 76935.62),
(952, 'Alicia', 'Frost', '820 Bishop Street', 'Los Angeles', 'France', 50797.93),
(953, 'Derek', 'Wexler', '562 Shadow Street', 'Vienna', 'Argentina', 68141.30),
(954, 'Gabriel', 'Cain', '483 Wolf Street', 'Istanbul', 'France', 149113.84),
(955, 'Martha', 'Vikander', '448 Castle Street', 'Tokyo', 'Spain', 136321.77),
(956, 'Harry', 'Frost', '562 Shadow Street', 'Chicago', 'United Arab Emirates', 140683.21),
(957, 'John', 'Martinez', '362 Phoenix Street', 'Los Angeles', 'Brazil', 120493.13),
(958, 'Derek', 'Hunt', '183 Knight Street', 'New York', 'Russia', 70180.80),
(959, 'Jason', 'Cain', '293 Queen Street', 'Moscow', 'Canada', 122156.92),
(960, 'Victor', 'Bristow', '362 Phoenix Street', 'Beijing', 'Turkey', 141198.34),
(961, 'Emma', 'Emekwo', '483 Wolf Street', 'Sydney', 'Argentina', 87579.72),
(962, 'Lara', 'Bourne', '199 Duke Street', 'London', 'Canada', 72891.36),
(963, 'Alicia', 'Bristow', '648 Tiger Street', 'Berlin', 'Italy', 80675.01),
(964, 'Jack', 'Croft', '483 Wolf Street', 'Dubai', 'Turkey', 70945.43),
(965, 'Sydney', 'Samuel', '562 Shadow Street', 'Madrid', 'United States', 68710.96),
(966, 'John', 'Bourne', '362 Phoenix Street', 'Moscow', 'Canada', 140756.42),
(967, 'John', 'Wexler', '562 Shadow Street', 'Toronto', 'Austria', 116268.58),
(968, 'Jason', 'Allon', '820 Bishop Street', 'London', 'South Africa', 89302.48),
(969, 'Cassandra', 'Hunt', '483 Wolf Street', 'Paris', 'Canada', 60400.86),
(970, 'Sophia', 'Cain', '296 Falcon Street', 'Cape Town', 'Russia', 81834.80),
(971, 'Michael', 'Bristow', '562 Shadow Street', 'New York', 'Argentina', 84575.61),
(972, 'Sydney', 'Trevelyan', '296 Falcon Street', 'Beijing', 'Turkey', 102897.84),
(973, 'John', 'Bond', '312 Viper Street', 'Los Angeles', 'United Kingdom', 65659.47),
(974, 'Gabriel', 'Emekwo', '296 Falcon Street', 'Paris', 'Czech Republic', 121359.17),
(975, 'James', 'Bristow', '312 Viper Street', 'Sydney', 'United States', 130028.05),
(976, 'Cassandra', 'Trevelyan', '312 Viper Street', 'Rome', 'Turkey', 122449.52),
(977, 'Ethan', 'Cain', '312 Viper Street', 'Chicago', 'Germany', 65758.80),
(978, 'Natasha', 'Wexler', '407 Eagle Street', 'Rio de Janeiro', 'Czech Republic', 58817.07),
(979, 'Evelyn', 'Ryan', '293 Queen Street', 'New York', 'China', 121650.44),
(980, 'Martha', 'Stone', '296 Falcon Street', 'Rome', 'United Arab Emirates', 142461.23),
(981, 'Evelyn', 'Vikander', '486 Princess Street', 'Cape Town', 'France', 131236.25),
(982, 'Martha', 'Bourne', '246 Raven Street', 'Istanbul', 'United States', 82706.71),
(983, 'James', 'Trevelyan', '783 Ghost Street', 'Paris', 'United States', 119665.78),
(984, 'Gabriel', 'Bourne', '562 Shadow Street', 'Rio de Janeiro', 'China', 84216.75),
(985, 'Sarah', 'Bourne', '199 Duke Street', 'Sydney', 'Canada', 117286.78),
(986, 'Gabriel', 'Hunt', '648 Tiger Street', 'Tokyo', 'South Africa', 110127.19),
(987, 'Ethan', 'Ryan', '783 Ghost Street', 'Chicago', 'Germany', 85516.78),
(988, 'Alicia', 'Bourne', '246 Raven Street', 'London', 'South Africa', 124483.22),
(989, 'Isabelle', 'Samuel', '183 Knight Street', 'Beijing', 'United Arab Emirates', 80218.36),
(990, 'Michael', 'Romanoff', '820 Bishop Street', 'Rome', 'Austria', 115325.02),
(991, 'Sydney', 'Martinez', '648 Tiger Street', 'Berlin', 'Argentina', 63641.40),
(992, 'Michael', 'Hunt', '448 Castle Street', 'Beijing', 'United States', 62089.15),
(993, 'Michael', 'Allon', '648 Tiger Street', 'Tokyo', 'United Arab Emirates', 140591.08),
(994, 'John', 'Samuel', '483 Duchess Street', 'Rome', 'Canada', 120976.65),
(995, 'Harry', 'Croft', '648 Tiger Street', 'Chicago', 'Canada', 103834.34),
(996, 'Derek', 'Allon', '590 Dragon Street', 'New York', 'Austria', 98738.88),
(997, 'James', 'Trevelyan', '483 Duchess Street', 'Vienna', 'Italy', 89867.94),
(998, 'James', 'Cain', '666 King Street', 'Berlin', 'Spain', 137500.17),
(999, 'Michael', 'Frost', '448 Castle Street', 'Chicago', 'Japan', 135573.03),
(1000, 'Alicia', 'Romanoff', '246 Raven Street', 'Istanbul', 'Germany', 128477.22);

-- --------------------------------------------------------

--
-- Cấu trúc bảng cho bảng `language`
--

CREATE TABLE `language` (
  `language_id` int(11) NOT NULL,
  `language_name` varchar(50) DEFAULT NULL
) ENGINE=InnoDB DEFAULT CHARSET=utf8mb4 COLLATE=utf8mb4_general_ci;

--
-- Đang đổ dữ liệu cho bảng `language`
--

INSERT INTO `language` (`language_id`, `language_name`) VALUES
(1, 'Turkish'),
(2, 'Mandarin'),
(3, 'German'),
(4, 'Italian'),
(5, 'Norwegian'),
(6, 'Dutch'),
(7, 'Swedish'),
(8, 'Japanese'),
(9, 'Spanish'),
(10, 'Finnish'),
(11, 'Arabic'),
(12, 'Portuguese'),
(13, 'French'),
(14, 'Hindi'),
(15, 'Hebrew'),
(16, 'English'),
(17, 'Korean'),
(18, 'Greek'),
(19, 'Polish'),
(20, 'Russian'),
(21, 'Igbo');

-- --------------------------------------------------------

--
-- Cấu trúc bảng cho bảng `languagerel`
--

CREATE TABLE `languagerel` (
  `agent_id` int(11) NOT NULL,
  `language_id` int(11) NOT NULL
) ENGINE=InnoDB DEFAULT CHARSET=utf8mb4 COLLATE=utf8mb4_general_ci;

--
-- Đang đổ dữ liệu cho bảng `languagerel`
--

INSERT INTO `languagerel` (`agent_id`, `language_id`) VALUES
(1, 13),
(1, 15),
(2, 4),
(2, 10),
(2, 14),
(3, 21),
(4, 7),
(4, 8),
(4, 12),
(4, 17),
(5, 5),
(5, 11),
(5, 12),
(5, 17),
(6, 11),
(6, 12),
(7, 2),
(7, 3),
(7, 9),
(7, 11),
(7, 21),
(8, 1),
(8, 6),
(8, 21),
(9, 3),
(9, 13),
(9, 20),
(10, 2),
(10, 4),
(10, 9),
(10, 11),
(11, 4),
(11, 6),
(11, 13),
(11, 19),
(12, 1),
(12, 6),
(12, 14),
(12, 21),
(13, 13),
(13, 17),
(14, 4),
(14, 18),
(14, 19),
(15, 3),
(15, 7),
(15, 19),
(16, 1),
(16, 9),
(16, 10),
(16, 14),
(17, 2),
(17, 7),
(17, 21),
(18, 3),
(18, 10),
(18, 11),
(18, 20),
(19, 9),
(19, 15),
(20, 7),
(20, 14),
(21, 4),
(21, 15),
(21, 16),
(22, 12),
(22, 20),
(23, 5),
(23, 13),
(24, 8),
(24, 9),
(24, 10),
(24, 15),
(25, 1),
(25, 5),
(26, 8),
(26, 9),
(27, 1),
(27, 14),
(27, 15),
(27, 18),
(28, 3),
(28, 5),
(28, 9),
(28, 14),
(28, 19),
(28, 20),
(29, 6),
(29, 7),
(29, 8),
(29, 18),
(29, 19),
(30, 12),
(30, 15),
(30, 16),
(32, 6),
(33, 1),
(33, 9),
(33, 12),
(33, 13),
(33, 20),
(34, 1),
(34, 4),
(34, 9),
(34, 11),
(35, 1),
(35, 19),
(36, 7),
(36, 20),
(37, 4),
(37, 6),
(37, 7),
(37, 15),
(37, 21),
(38, 1),
(38, 6),
(38, 9),
(38, 12),
(39, 18),
(40, 17),
(41, 5),
(41, 18),
(42, 20),
(43, 14),
(43, 16),
(43, 19),
(43, 20),
(44, 4),
(44, 9),
(44, 18),
(45, 4),
(45, 12),
(45, 13),
(45, 14),
(45, 15),
(46, 2),
(46, 15),
(46, 21),
(47, 7),
(47, 19),
(48, 9),
(48, 11),
(48, 20),
(49, 1),
(49, 3),
(49, 12),
(49, 15),
(49, 21),
(50, 16),
(51, 7),
(51, 10),
(51, 12),
(52, 10),
(52, 11),
(53, 3),
(53, 6),
(54, 6),
(54, 9),
(54, 11),
(55, 3),
(55, 6),
(55, 7),
(55, 15),
(56, 2),
(56, 5),
(56, 6),
(57, 17),
(58, 2),
(58, 16),
(58, 20),
(59, 6),
(59, 8),
(59, 10),
(60, 8),
(60, 14),
(61, 4),
(61, 20),
(62, 9),
(62, 12),
(62, 14),
(62, 20),
(63, 2),
(63, 6),
(63, 9),
(63, 11),
(63, 12),
(63, 16),
(64, 1),
(64, 7),
(64, 21),
(66, 2),
(66, 3),
(66, 9),
(66, 13),
(67, 5),
(67, 6),
(67, 7),
(67, 15),
(69, 3),
(69, 17),
(70, 7),
(70, 13),
(71, 3),
(71, 11),
(71, 18),
(72, 2),
(72, 3),
(72, 5),
(73, 2),
(73, 18),
(73, 19),
(74, 4),
(74, 11),
(74, 13),
(74, 16),
(75, 1),
(75, 5),
(75, 12),
(76, 9),
(77, 6),
(77, 14),
(77, 16),
(78, 16),
(79, 14),
(79, 19),
(80, 8),
(80, 20),
(82, 6),
(82, 15),
(82, 20),
(82, 21),
(83, 3),
(83, 4),
(83, 10),
(84, 10),
(84, 11),
(84, 21),
(85, 1),
(85, 2),
(85, 6),
(85, 11),
(85, 19),
(86, 6),
(86, 8),
(86, 11),
(86, 15),
(86, 17),
(86, 20),
(86, 21),
(87, 7),
(87, 9),
(87, 14),
(87, 17),
(87, 21),
(88, 6),
(88, 9),
(88, 11),
(89, 2),
(89, 15),
(90, 9),
(90, 15),
(90, 19),
(91, 1),
(91, 2),
(91, 4),
(91, 7),
(91, 10),
(92, 6),
(92, 9),
(92, 10),
(92, 17),
(94, 1),
(95, 4),
(95, 6),
(95, 21),
(96, 4),
(96, 5),
(96, 14),
(97, 3),
(97, 18),
(99, 3),
(99, 11),
(99, 14),
(99, 18),
(100, 1),
(100, 7),
(101, 6),
(101, 7),
(102, 2),
(102, 8),
(102, 12),
(102, 21),
(103, 4),
(103, 9),
(103, 11),
(103, 16),
(103, 18),
(104, 6),
(104, 8),
(104, 11),
(104, 16),
(105, 13),
(105, 16),
(105, 20),
(106, 5),
(106, 6),
(106, 8),
(106, 12),
(107, 2),
(107, 4),
(107, 5),
(107, 20),
(107, 21),
(108, 7),
(108, 8),
(108, 13),
(108, 14),
(108, 15),
(109, 10),
(109, 17),
(109, 18),
(110, 1),
(110, 3),
(110, 8),
(110, 11),
(110, 17),
(110, 18),
(111, 4),
(111, 9),
(111, 15),
(111, 21),
(112, 8),
(112, 11),
(112, 14),
(112, 16),
(113, 4),
(113, 10),
(113, 11),
(113, 15),
(114, 7),
(114, 10),
(115, 2),
(115, 7),
(115, 8),
(115, 9),
(116, 3),
(117, 1),
(118, 21),
(119, 3),
(119, 5),
(119, 8),
(119, 15),
(119, 16),
(120, 15),
(121, 10),
(122, 8),
(122, 13),
(122, 14),
(123, 4),
(123, 5),
(123, 10),
(123, 13),
(123, 14),
(123, 18),
(124, 1),
(124, 6),
(124, 10),
(124, 14),
(126, 5),
(126, 20),
(127, 9),
(127, 12),
(128, 2),
(128, 10),
(128, 20),
(130, 21),
(131, 1),
(131, 13),
(131, 21),
(132, 2),
(132, 3),
(132, 4),
(132, 8),
(132, 12),
(132, 13),
(133, 20),
(134, 1),
(134, 18),
(134, 21),
(135, 3),
(135, 17),
(136, 1),
(136, 3),
(136, 20),
(137, 1),
(137, 4),
(137, 6),
(138, 4),
(138, 8),
(139, 3),
(139, 4),
(139, 12),
(139, 16),
(140, 1),
(140, 9),
(140, 11),
(140, 15),
(140, 19),
(142, 3),
(142, 12),
(142, 14),
(143, 3),
(144, 1),
(144, 18),
(144, 21),
(145, 10),
(145, 13),
(145, 16),
(146, 6),
(146, 10),
(146, 11),
(146, 12),
(146, 16),
(146, 18),
(147, 12),
(147, 15),
(147, 18),
(148, 1),
(148, 13),
(149, 1),
(149, 2),
(149, 4),
(149, 6),
(149, 17),
(149, 18),
(150, 6),
(150, 14),
(151, 7),
(151, 11),
(151, 14),
(151, 16),
(152, 12),
(152, 17),
(152, 20),
(153, 1),
(153, 4),
(153, 7),
(153, 8),
(153, 15),
(154, 9),
(154, 11),
(155, 1),
(155, 3),
(155, 6),
(155, 7),
(155, 8),
(155, 15),
(155, 16),
(155, 17),
(155, 20),
(157, 10),
(157, 13),
(157, 16),
(158, 6),
(158, 10),
(158, 18),
(159, 10),
(159, 21),
(161, 9),
(161, 13),
(161, 18),
(162, 5),
(162, 9),
(162, 11),
(163, 9),
(163, 19),
(163, 21),
(164, 5),
(164, 11),
(165, 2),
(165, 3),
(165, 10),
(166, 3),
(166, 9),
(166, 14),
(166, 16),
(166, 17),
(167, 7),
(167, 16),
(168, 11),
(168, 17),
(168, 18),
(169, 10),
(169, 11),
(169, 13),
(169, 16),
(169, 21),
(170, 12),
(171, 5),
(171, 9),
(172, 3),
(172, 11),
(172, 12),
(172, 14),
(172, 20),
(173, 4),
(173, 15),
(174, 13),
(174, 17),
(174, 21),
(175, 1),
(175, 2),
(175, 7),
(175, 18),
(175, 20),
(176, 10),
(176, 12),
(176, 15),
(176, 21),
(177, 3),
(177, 8),
(177, 11),
(177, 15),
(178, 1),
(178, 2),
(178, 14),
(178, 20),
(179, 2),
(179, 3),
(179, 4),
(179, 5),
(179, 8),
(179, 9),
(179, 12),
(179, 18),
(179, 20),
(180, 5),
(180, 9),
(180, 13),
(180, 21),
(181, 2),
(181, 3),
(181, 4),
(181, 16),
(182, 9),
(182, 13),
(182, 15),
(182, 20),
(183, 2),
(183, 4),
(183, 12),
(183, 18),
(183, 19),
(184, 5),
(184, 7),
(184, 15),
(184, 16),
(185, 3),
(185, 9),
(185, 17),
(185, 19),
(185, 21),
(186, 1),
(186, 7),
(186, 13),
(187, 13),
(188, 4),
(188, 5),
(188, 7),
(188, 9),
(188, 14),
(188, 17),
(189, 2),
(190, 3),
(190, 14),
(190, 18),
(191, 3),
(191, 14),
(191, 20),
(192, 7),
(192, 9),
(192, 17),
(193, 5),
(193, 11),
(193, 17),
(194, 2),
(194, 4),
(194, 5),
(194, 7),
(194, 18),
(195, 1),
(195, 11),
(195, 15),
(196, 12),
(196, 14),
(197, 2),
(197, 12),
(198, 4),
(198, 6),
(198, 12),
(198, 15),
(198, 19),
(199, 17),
(199, 21),
(200, 1),
(200, 2),
(200, 3),
(200, 6),
(200, 16),
(200, 19),
(201, 5),
(201, 8),
(201, 12),
(201, 16),
(201, 20),
(202, 11),
(203, 7),
(203, 11),
(203, 13),
(203, 16),
(204, 7),
(204, 13),
(204, 20),
(205, 7),
(205, 12),
(205, 16),
(206, 9),
(206, 12),
(206, 20),
(207, 6),
(207, 17),
(207, 20),
(208, 11),
(209, 8),
(209, 21),
(210, 14),
(211, 1),
(211, 3),
(211, 4),
(211, 8),
(211, 9),
(211, 17),
(212, 11),
(212, 15),
(212, 19),
(213, 4),
(213, 15),
(214, 3),
(214, 6),
(214, 16),
(214, 17),
(214, 19),
(215, 3),
(215, 12),
(215, 15),
(216, 9),
(216, 10),
(216, 12),
(216, 13),
(216, 14),
(216, 16),
(216, 18),
(217, 11),
(218, 3),
(218, 8),
(218, 13),
(218, 17),
(218, 21),
(219, 7),
(219, 14),
(219, 16),
(220, 5),
(220, 7),
(220, 16),
(220, 18),
(221, 2),
(221, 10),
(221, 12),
(222, 8),
(222, 14),
(222, 15),
(223, 8),
(223, 14),
(223, 17),
(223, 18),
(224, 4),
(224, 10),
(224, 12),
(224, 14),
(224, 20),
(225, 1),
(225, 5),
(225, 6),
(225, 11),
(225, 16),
(226, 3),
(226, 10),
(226, 13),
(227, 1),
(227, 6),
(227, 7),
(227, 9),
(227, 14),
(227, 15),
(228, 11),
(229, 3),
(229, 10),
(229, 15),
(229, 16),
(229, 20),
(230, 6),
(230, 14),
(231, 4),
(231, 12),
(231, 13),
(231, 16),
(232, 2),
(232, 15),
(232, 17),
(233, 8),
(233, 13),
(233, 17),
(233, 19),
(233, 20),
(234, 18),
(234, 21),
(235, 7),
(235, 14),
(235, 17),
(235, 18),
(236, 1),
(236, 5),
(236, 8),
(236, 15),
(236, 21),
(237, 9),
(237, 16),
(237, 17),
(237, 21),
(238, 1),
(238, 2),
(238, 5),
(239, 12),
(240, 10),
(240, 14),
(240, 17),
(240, 18),
(240, 21),
(241, 8),
(242, 11),
(242, 12),
(242, 20),
(243, 9),
(244, 6),
(244, 7),
(244, 8),
(244, 9),
(244, 11),
(244, 12),
(244, 14),
(244, 18),
(245, 1),
(245, 6),
(245, 11),
(247, 17),
(247, 18),
(247, 20),
(248, 1),
(248, 17),
(249, 2),
(249, 6),
(249, 7),
(249, 17),
(249, 21),
(250, 10),
(250, 14),
(250, 19),
(250, 21),
(251, 12),
(252, 13),
(252, 17),
(253, 9),
(253, 21),
(254, 1),
(254, 3),
(254, 5),
(254, 17),
(254, 20),
(255, 7),
(255, 8),
(255, 13),
(255, 19),
(256, 13),
(256, 14),
(256, 15),
(256, 16),
(256, 19),
(257, 2),
(257, 6),
(257, 7),
(257, 10),
(257, 11),
(257, 13),
(257, 15),
(258, 1),
(258, 3),
(258, 10),
(258, 13),
(258, 14),
(258, 16),
(258, 20),
(259, 7),
(259, 13),
(260, 9),
(260, 11),
(261, 3),
(261, 4),
(261, 6),
(262, 1),
(262, 3),
(262, 19),
(262, 21),
(263, 1),
(263, 6),
(263, 17),
(264, 12),
(265, 2),
(265, 6),
(265, 13),
(265, 14),
(265, 16),
(266, 8),
(266, 12),
(266, 19),
(266, 20),
(267, 6),
(267, 18),
(268, 7),
(268, 8),
(269, 1),
(269, 2),
(269, 4),
(269, 5),
(269, 7),
(269, 12),
(269, 15),
(269, 19),
(270, 3),
(270, 11),
(270, 14),
(270, 16),
(270, 19),
(271, 6),
(272, 5),
(272, 7),
(272, 12),
(272, 18),
(273, 7),
(273, 18),
(274, 6),
(274, 7),
(274, 14),
(274, 15),
(274, 20),
(275, 5),
(275, 12),
(275, 13),
(276, 2),
(276, 7),
(276, 13),
(276, 14),
(276, 20),
(277, 2),
(277, 7),
(277, 13),
(277, 16),
(278, 3),
(278, 6),
(278, 9),
(278, 13),
(278, 17),
(278, 18),
(279, 6),
(279, 12),
(279, 20),
(281, 1),
(281, 14),
(281, 19),
(282, 3),
(282, 10),
(282, 13),
(282, 16),
(282, 19),
(283, 3),
(283, 4),
(283, 7),
(283, 16),
(283, 21),
(284, 11),
(284, 13),
(284, 15),
(285, 2),
(285, 6),
(285, 9),
(285, 15),
(286, 5),
(286, 14),
(287, 6),
(287, 9),
(287, 11),
(287, 19),
(288, 5),
(288, 15),
(288, 16),
(289, 8),
(289, 17),
(289, 20),
(290, 5),
(290, 9),
(290, 11),
(290, 21),
(291, 6),
(291, 7),
(291, 15),
(291, 16),
(291, 17),
(291, 18),
(291, 19),
(291, 20),
(292, 1),
(292, 7),
(292, 17),
(293, 1),
(293, 4),
(293, 6),
(293, 12),
(293, 15),
(293, 18),
(293, 20),
(294, 5),
(295, 2),
(295, 7),
(295, 8),
(295, 10),
(295, 19),
(296, 1),
(296, 3),
(297, 3),
(297, 21),
(298, 3),
(298, 6),
(298, 16),
(299, 7),
(299, 13),
(299, 17),
(300, 5),
(300, 6),
(300, 9),
(300, 15),
(301, 3),
(301, 19),
(302, 11),
(302, 14),
(302, 15),
(303, 16),
(304, 6),
(304, 7),
(304, 21),
(305, 13),
(305, 14),
(305, 19),
(306, 8),
(306, 20),
(307, 17),
(308, 11),
(308, 21),
(309, 7),
(310, 7),
(310, 12),
(310, 13),
(310, 16),
(310, 17),
(310, 19),
(311, 9),
(311, 10),
(311, 12),
(312, 12),
(314, 6),
(314, 12),
(314, 15),
(314, 16),
(314, 21),
(315, 2),
(315, 6),
(315, 14),
(315, 19),
(316, 1),
(316, 4),
(316, 19),
(317, 10),
(317, 16),
(317, 18),
(317, 19),
(318, 6),
(318, 9),
(318, 10),
(318, 12),
(318, 14),
(319, 6),
(319, 17),
(319, 18),
(320, 8),
(320, 14),
(320, 15),
(320, 16),
(321, 18),
(321, 21),
(322, 4),
(322, 5),
(322, 8),
(322, 10),
(322, 13),
(323, 3),
(323, 4),
(323, 7),
(323, 18),
(323, 20),
(323, 21),
(324, 6),
(324, 7),
(326, 21),
(327, 2),
(327, 4),
(327, 7),
(328, 1),
(328, 9),
(329, 3),
(329, 13),
(329, 17),
(329, 20),
(330, 1),
(330, 3),
(330, 15),
(330, 20),
(331, 6),
(331, 10),
(331, 11),
(331, 15),
(332, 9),
(332, 18),
(333, 1),
(333, 4),
(333, 9),
(333, 10),
(333, 20),
(333, 21),
(334, 8),
(334, 11),
(334, 17),
(335, 1),
(335, 6),
(335, 21),
(336, 3),
(336, 4),
(336, 5),
(337, 4),
(337, 5),
(337, 10),
(337, 14),
(338, 1),
(338, 17),
(338, 18),
(338, 21),
(339, 3),
(339, 6),
(340, 7),
(340, 10),
(341, 8),
(341, 9),
(341, 16),
(342, 1),
(342, 2),
(342, 4),
(342, 10),
(342, 15),
(342, 17),
(343, 5),
(343, 6),
(343, 15),
(344, 1),
(344, 2),
(344, 6),
(344, 11),
(344, 14),
(344, 17),
(344, 21),
(345, 4),
(345, 11),
(346, 18),
(346, 20),
(346, 21),
(347, 4),
(347, 7),
(347, 17),
(348, 2),
(348, 13),
(348, 15),
(349, 7),
(349, 10),
(349, 14),
(349, 21),
(350, 2),
(350, 12),
(350, 16),
(350, 21),
(351, 1),
(351, 4),
(352, 7),
(352, 9),
(352, 14),
(352, 16),
(353, 8),
(353, 9),
(353, 18),
(354, 3),
(354, 5),
(354, 8),
(354, 9),
(354, 12),
(355, 1),
(355, 11),
(355, 14),
(355, 20),
(356, 1),
(356, 2),
(356, 6),
(356, 15),
(357, 7),
(357, 11),
(358, 16),
(358, 18),
(359, 4),
(359, 12),
(360, 4),
(360, 18),
(361, 5),
(361, 13),
(361, 14),
(361, 16),
(362, 3),
(362, 5),
(362, 6),
(362, 8),
(362, 9),
(362, 17),
(362, 20),
(362, 21),
(363, 4),
(364, 9),
(364, 10),
(364, 19),
(365, 2),
(365, 7),
(365, 10),
(365, 11),
(365, 17),
(367, 2),
(368, 1),
(368, 14),
(368, 18),
(368, 19),
(369, 15),
(369, 16),
(370, 10),
(371, 6),
(371, 9),
(371, 13),
(371, 14),
(372, 3),
(372, 14),
(372, 16),
(372, 17),
(372, 21),
(373, 9),
(373, 21),
(375, 10),
(375, 11),
(375, 16),
(375, 18),
(375, 19),
(376, 14),
(376, 16),
(376, 18),
(377, 8),
(377, 10),
(377, 13),
(377, 18),
(378, 2),
(378, 7),
(378, 9),
(378, 11),
(378, 18),
(378, 19),
(379, 18),
(379, 20),
(380, 17),
(381, 2),
(381, 21),
(382, 3),
(382, 6),
(382, 7),
(382, 19),
(383, 5),
(383, 7),
(383, 9),
(383, 14),
(383, 15),
(383, 18),
(383, 20),
(383, 21),
(384, 4),
(384, 9),
(384, 17),
(385, 4),
(385, 8),
(385, 13),
(385, 15),
(386, 11),
(386, 16),
(386, 17),
(387, 17),
(388, 9),
(388, 13),
(389, 1),
(389, 7),
(389, 10),
(389, 20),
(390, 13),
(390, 20),
(391, 1),
(391, 5),
(391, 16),
(392, 1),
(392, 6),
(392, 7),
(392, 8),
(392, 12),
(393, 18),
(394, 3),
(394, 7),
(394, 16),
(395, 11),
(395, 20),
(396, 3),
(397, 13),
(398, 4),
(398, 13),
(398, 18),
(399, 5),
(399, 13),
(399, 18),
(399, 20),
(400, 1),
(400, 3),
(400, 6),
(400, 10),
(400, 11),
(400, 12),
(400, 16),
(401, 6),
(401, 9),
(401, 14),
(401, 17),
(401, 19),
(402, 2),
(402, 8),
(402, 9),
(402, 16),
(403, 1),
(403, 5),
(403, 7),
(403, 18),
(403, 20),
(404, 17),
(404, 19),
(405, 7),
(405, 12),
(406, 4),
(406, 14),
(407, 9),
(407, 16),
(408, 1),
(408, 2),
(408, 3),
(408, 10),
(408, 18),
(408, 20),
(409, 1),
(409, 2),
(409, 10),
(409, 12),
(409, 13),
(409, 17),
(409, 20),
(410, 12),
(410, 15),
(410, 16),
(411, 3),
(411, 18),
(411, 21),
(412, 7),
(412, 9),
(412, 11),
(412, 16),
(412, 18),
(412, 20),
(413, 13),
(414, 10),
(414, 13),
(414, 15),
(415, 6),
(415, 7),
(415, 20),
(416, 2),
(416, 3),
(416, 12),
(416, 16),
(417, 1),
(417, 3),
(417, 13),
(418, 8),
(419, 13),
(419, 15),
(420, 7),
(420, 17),
(420, 18),
(421, 7),
(421, 14),
(422, 16),
(423, 2),
(423, 6),
(423, 9),
(423, 18),
(424, 1),
(424, 7),
(424, 10),
(425, 1),
(425, 4),
(425, 11),
(425, 12),
(425, 14),
(426, 5),
(426, 6),
(426, 10),
(426, 17),
(427, 1),
(427, 10),
(427, 15),
(427, 16),
(427, 20),
(428, 4),
(428, 8),
(428, 12),
(428, 21),
(429, 7),
(429, 14),
(430, 1),
(430, 7),
(430, 9),
(430, 12),
(430, 13),
(430, 16),
(431, 4),
(431, 5),
(431, 7),
(431, 17),
(431, 19),
(432, 4),
(432, 8),
(432, 17),
(432, 18),
(432, 21),
(433, 2),
(433, 6),
(433, 8),
(433, 20),
(434, 4),
(434, 5),
(434, 9),
(434, 18),
(434, 21),
(435, 3),
(435, 12),
(435, 13),
(435, 16),
(435, 18),
(435, 19),
(436, 1),
(436, 7),
(437, 1),
(437, 2),
(437, 8),
(438, 12),
(439, 3),
(440, 1),
(440, 20),
(441, 3),
(441, 12),
(441, 19),
(442, 2),
(442, 6),
(442, 11),
(442, 18),
(443, 5),
(443, 7),
(443, 21),
(444, 20),
(445, 3),
(445, 5),
(445, 11),
(445, 12),
(445, 15),
(446, 13),
(446, 16),
(446, 19),
(446, 21),
(447, 4),
(447, 11),
(447, 13),
(448, 3),
(448, 11),
(448, 13),
(448, 15),
(448, 19),
(449, 11),
(449, 13),
(449, 14),
(449, 16),
(449, 17),
(451, 11),
(451, 13),
(451, 18),
(452, 21),
(453, 4),
(453, 6),
(453, 14),
(453, 17),
(453, 20),
(454, 7),
(454, 17),
(454, 19),
(455, 2),
(455, 4),
(455, 6),
(455, 7),
(455, 9),
(455, 16),
(456, 1),
(456, 19),
(456, 21),
(457, 1),
(457, 3),
(457, 7),
(457, 12),
(458, 6),
(458, 9),
(459, 13),
(459, 15),
(459, 16),
(460, 1),
(460, 6),
(460, 14),
(461, 3),
(461, 10),
(461, 11),
(461, 15),
(462, 4),
(462, 7),
(462, 8),
(462, 13),
(464, 15),
(464, 19),
(465, 11),
(465, 14),
(465, 15),
(465, 16),
(466, 10),
(466, 11),
(466, 16),
(466, 18),
(467, 6),
(467, 11),
(467, 12),
(467, 14),
(467, 20),
(468, 17),
(468, 19),
(469, 6),
(469, 8),
(469, 16),
(470, 9),
(470, 10),
(470, 12),
(470, 15),
(471, 7),
(472, 1),
(472, 2),
(472, 9),
(472, 17),
(472, 18),
(472, 21),
(473, 10),
(473, 17),
(474, 6),
(474, 17),
(474, 21),
(475, 4),
(475, 6),
(475, 12),
(475, 19),
(476, 13),
(476, 14),
(476, 17),
(476, 19),
(477, 3),
(477, 18),
(477, 20),
(478, 3),
(478, 4),
(478, 14),
(478, 19),
(479, 4),
(479, 9),
(479, 10),
(479, 15),
(479, 16),
(479, 18),
(480, 9),
(480, 13),
(480, 19),
(481, 9),
(481, 10),
(481, 13),
(481, 15),
(481, 19),
(482, 4),
(482, 5),
(483, 5),
(483, 8),
(483, 10),
(483, 11),
(483, 12),
(483, 17),
(483, 21),
(484, 8),
(484, 9),
(484, 14),
(484, 19),
(484, 20),
(484, 21),
(485, 19),
(486, 3),
(486, 11),
(486, 17),
(486, 19),
(487, 5),
(487, 7),
(487, 21),
(488, 4),
(488, 7),
(488, 10),
(488, 11),
(488, 13),
(488, 19),
(489, 1),
(489, 2),
(489, 5),
(489, 11),
(489, 14),
(489, 15),
(490, 5),
(490, 6),
(490, 7),
(490, 12),
(490, 18),
(491, 4),
(491, 9),
(491, 15),
(491, 21),
(492, 20),
(492, 21),
(493, 12),
(493, 15),
(494, 9),
(494, 10),
(494, 11),
(494, 15),
(495, 1),
(495, 4),
(495, 8),
(496, 4),
(496, 10),
(497, 1),
(497, 8),
(497, 9),
(497, 10),
(497, 15),
(497, 19),
(498, 10),
(499, 2),
(499, 5),
(499, 9),
(499, 11),
(499, 20),
(500, 3),
(500, 7),
(500, 8),
(500, 16),
(500, 17),
(501, 12),
(501, 16),
(502, 1),
(502, 6),
(502, 19),
(502, 20),
(503, 7),
(503, 15),
(503, 17),
(503, 20),
(504, 1),
(504, 18),
(505, 1),
(505, 8),
(505, 10),
(505, 15),
(506, 1),
(506, 11),
(506, 17),
(506, 20),
(507, 2),
(507, 11),
(508, 16),
(509, 1),
(509, 4),
(509, 10),
(509, 17),
(510, 3),
(510, 4),
(510, 13),
(510, 20),
(511, 6),
(511, 12),
(511, 20),
(512, 4),
(512, 20),
(513, 18),
(513, 20),
(514, 2),
(514, 8),
(515, 8),
(516, 3),
(516, 4),
(516, 8),
(516, 17),
(517, 11),
(517, 16),
(517, 20),
(518, 7),
(518, 12),
(518, 13),
(518, 15),
(519, 1),
(519, 7),
(519, 15),
(519, 21),
(520, 10),
(520, 13),
(520, 15),
(520, 16),
(520, 18),
(521, 6),
(521, 12),
(521, 18),
(521, 19),
(522, 6),
(522, 16),
(522, 21),
(523, 4),
(523, 8),
(523, 13),
(523, 15),
(524, 9),
(524, 15),
(524, 19),
(525, 6),
(526, 2),
(526, 3),
(526, 14),
(526, 19),
(527, 7),
(527, 9),
(527, 14),
(527, 21),
(528, 14),
(528, 21),
(529, 3),
(529, 5),
(529, 9),
(529, 10),
(529, 18),
(530, 9),
(530, 10),
(530, 19),
(531, 2),
(531, 4),
(531, 7),
(531, 8),
(531, 17),
(531, 20),
(531, 21),
(532, 7),
(532, 14),
(533, 4),
(534, 1),
(534, 3),
(534, 21),
(535, 6),
(535, 11),
(535, 17),
(536, 3),
(536, 8),
(537, 14),
(537, 17),
(538, 4),
(538, 10),
(538, 13),
(538, 20),
(539, 13),
(539, 15),
(539, 17),
(539, 19),
(540, 6),
(540, 7),
(540, 10),
(540, 21),
(541, 7),
(541, 8),
(541, 18),
(541, 20),
(542, 2),
(542, 17),
(543, 14),
(543, 15),
(544, 2),
(544, 11),
(544, 16),
(545, 9),
(545, 10),
(545, 12),
(545, 20),
(546, 17),
(546, 18),
(547, 6),
(547, 7),
(547, 13),
(547, 15),
(548, 4),
(548, 13),
(549, 4),
(549, 7),
(550, 6),
(550, 8),
(550, 15),
(550, 21),
(551, 3),
(551, 10),
(551, 12),
(551, 15),
(551, 16),
(551, 18),
(551, 20),
(552, 6),
(552, 10),
(552, 11),
(552, 19),
(552, 20),
(553, 5),
(553, 7),
(553, 13),
(553, 15),
(554, 11),
(554, 17),
(557, 3),
(557, 4),
(558, 1),
(558, 5),
(558, 18),
(558, 21),
(560, 4),
(560, 21),
(561, 3),
(561, 4),
(561, 18),
(561, 20),
(562, 1),
(562, 7),
(562, 10),
(562, 11),
(562, 15),
(562, 16),
(563, 6),
(563, 10),
(563, 16),
(563, 19),
(564, 4),
(564, 5),
(564, 7),
(564, 14),
(564, 17),
(565, 5),
(565, 6),
(565, 11),
(566, 13),
(567, 7),
(568, 21),
(569, 6),
(569, 11),
(569, 13),
(569, 14),
(569, 19),
(570, 1),
(571, 19),
(572, 3),
(572, 5),
(572, 7),
(572, 13),
(572, 17),
(572, 18),
(572, 19),
(573, 5),
(573, 6),
(573, 10),
(574, 1),
(574, 15),
(574, 19),
(575, 2),
(575, 5),
(575, 11),
(575, 13),
(575, 21),
(576, 4),
(576, 7),
(576, 15),
(576, 16),
(576, 17),
(577, 3),
(577, 17),
(578, 2),
(578, 12),
(579, 1),
(579, 8),
(579, 10),
(579, 15),
(580, 2),
(580, 3),
(580, 12),
(580, 16),
(580, 17),
(581, 19),
(581, 20),
(582, 3),
(582, 9),
(582, 11),
(582, 18),
(582, 21),
(583, 14),
(583, 17),
(584, 8),
(585, 10),
(585, 11),
(585, 14),
(585, 15),
(586, 5),
(586, 14),
(586, 20),
(587, 7),
(587, 12),
(587, 20),
(587, 21),
(588, 1),
(588, 15),
(588, 16),
(588, 21),
(589, 3),
(589, 4),
(590, 7),
(590, 13),
(590, 18),
(591, 3),
(592, 1),
(592, 2),
(592, 20),
(593, 4),
(593, 5),
(593, 19),
(593, 20),
(594, 1),
(594, 2),
(594, 7),
(594, 8),
(594, 12),
(594, 19),
(595, 8),
(596, 5),
(596, 14),
(597, 6),
(597, 10),
(598, 11),
(598, 14),
(598, 16),
(599, 6),
(599, 21),
(600, 5),
(600, 8),
(600, 10),
(600, 15),
(600, 17),
(601, 12),
(601, 14),
(601, 17),
(601, 20),
(601, 21),
(602, 6),
(602, 15),
(603, 1),
(603, 3),
(603, 18),
(605, 14),
(606, 4),
(607, 6),
(607, 15),
(607, 16),
(608, 5),
(608, 7),
(608, 13),
(608, 14),
(608, 21),
(609, 1),
(609, 13),
(609, 16),
(610, 15),
(610, 17),
(611, 2),
(611, 7),
(611, 12),
(611, 19),
(612, 5),
(613, 21),
(614, 4),
(614, 17),
(615, 3),
(616, 5),
(616, 10),
(616, 21),
(617, 11),
(618, 3),
(618, 12),
(618, 20),
(619, 3),
(619, 11),
(619, 15),
(619, 21),
(620, 21),
(622, 5),
(622, 6),
(622, 10),
(622, 18),
(623, 17),
(623, 19),
(624, 2),
(624, 3),
(625, 3),
(625, 6),
(625, 8),
(625, 14),
(627, 4),
(627, 6),
(627, 14),
(627, 18),
(627, 19),
(629, 8),
(629, 12),
(630, 6),
(630, 8),
(630, 16),
(630, 17),
(631, 6),
(631, 8),
(631, 14),
(631, 15),
(631, 18),
(632, 4),
(632, 9),
(632, 19),
(633, 3),
(633, 7),
(633, 15),
(633, 18),
(634, 4),
(634, 6),
(634, 10),
(635, 1),
(635, 6),
(635, 14),
(635, 18),
(635, 21),
(636, 11),
(637, 7),
(637, 16),
(637, 18),
(638, 3),
(638, 4),
(638, 7),
(638, 8),
(638, 11),
(639, 3),
(639, 7),
(640, 3),
(640, 8),
(640, 11),
(640, 19),
(641, 12),
(641, 14),
(641, 17),
(641, 18),
(641, 20),
(641, 21),
(642, 10),
(642, 18),
(642, 20),
(643, 4),
(643, 8),
(643, 11),
(643, 15),
(643, 16),
(643, 21),
(644, 2),
(644, 5),
(644, 20),
(645, 20),
(646, 5),
(646, 6),
(647, 13),
(647, 14),
(647, 18),
(647, 21),
(648, 4),
(648, 6),
(648, 8),
(648, 15),
(648, 17),
(649, 1),
(649, 5),
(649, 8),
(649, 20),
(650, 5),
(650, 12),
(651, 9),
(651, 10),
(652, 7),
(652, 8),
(652, 11),
(652, 17),
(653, 6),
(653, 12),
(653, 20),
(655, 17),
(655, 19),
(655, 21),
(656, 1),
(656, 6),
(656, 17),
(657, 2),
(657, 8),
(657, 11),
(658, 1),
(658, 2),
(658, 5),
(658, 7),
(658, 16),
(658, 18),
(659, 1),
(660, 18),
(661, 16),
(661, 17),
(662, 16),
(663, 3),
(663, 7),
(663, 10),
(663, 11),
(664, 2),
(664, 5),
(664, 15),
(664, 18),
(664, 21),
(665, 1),
(665, 9),
(666, 3),
(666, 4),
(666, 14),
(666, 16),
(666, 20),
(667, 7),
(667, 21),
(668, 2),
(668, 5),
(668, 17),
(669, 5),
(669, 11),
(670, 6),
(670, 8),
(670, 17),
(670, 18),
(671, 2),
(671, 10),
(671, 11),
(671, 14),
(671, 15),
(672, 4),
(672, 11),
(672, 14),
(672, 18),
(672, 20),
(673, 2),
(673, 4),
(673, 12),
(673, 17),
(675, 5),
(675, 17),
(675, 18),
(675, 21),
(676, 5),
(676, 7),
(676, 8),
(676, 12),
(676, 16),
(677, 2),
(677, 8),
(677, 10),
(677, 17),
(677, 19),
(678, 11),
(679, 6),
(679, 15),
(680, 5),
(680, 12),
(680, 21),
(681, 2),
(681, 13),
(681, 20),
(682, 4),
(682, 5),
(682, 18),
(683, 1),
(683, 4),
(683, 13),
(684, 14),
(685, 21),
(686, 6),
(686, 9),
(687, 8),
(687, 11),
(687, 20),
(688, 11),
(688, 13),
(688, 19),
(689, 7),
(689, 13),
(689, 16),
(690, 1),
(690, 2),
(690, 20),
(691, 3),
(691, 10),
(691, 11),
(691, 13),
(691, 18),
(691, 20),
(692, 4),
(692, 21),
(693, 8),
(693, 16),
(693, 18),
(694, 1),
(694, 3),
(694, 9),
(694, 18),
(694, 20),
(695, 17),
(695, 19),
(696, 8),
(696, 15),
(696, 17),
(697, 9),
(698, 1),
(698, 10),
(698, 16),
(699, 7),
(699, 8),
(699, 10),
(699, 13),
(699, 15),
(699, 16),
(699, 19),
(700, 3),
(700, 11),
(700, 12),
(700, 13),
(700, 19),
(700, 20),
(701, 17),
(701, 18),
(702, 5),
(703, 1),
(703, 7),
(703, 11),
(703, 18),
(704, 7),
(704, 14),
(705, 6),
(705, 9),
(706, 4),
(707, 14),
(708, 2),
(708, 6),
(708, 12),
(708, 14),
(709, 12),
(709, 13),
(710, 1),
(710, 4),
(710, 16),
(710, 17),
(710, 19),
(711, 9),
(711, 17),
(712, 4),
(712, 13),
(712, 21),
(713, 8),
(713, 13),
(714, 10),
(714, 16),
(715, 7),
(715, 13),
(716, 3),
(716, 20),
(717, 7),
(717, 9),
(717, 12),
(717, 13),
(718, 16),
(719, 7),
(719, 11),
(719, 19),
(719, 21),
(720, 3),
(720, 12),
(721, 2),
(721, 5),
(721, 6),
(721, 15),
(721, 20),
(721, 21),
(722, 6),
(722, 8),
(722, 14),
(722, 20),
(722, 21),
(723, 3),
(723, 9),
(723, 12),
(723, 17),
(724, 2),
(724, 9),
(724, 11),
(724, 15),
(725, 2),
(725, 4),
(725, 13),
(725, 18),
(726, 1),
(726, 3),
(726, 9),
(726, 19),
(727, 5),
(727, 16),
(727, 18),
(728, 2),
(729, 14),
(729, 15),
(729, 17),
(730, 17),
(730, 18),
(730, 19),
(732, 6),
(732, 19),
(732, 20),
(733, 6),
(733, 8),
(733, 9),
(733, 12),
(733, 13),
(733, 17),
(734, 10),
(734, 17),
(734, 18),
(735, 16),
(735, 17),
(736, 8),
(736, 15),
(737, 13),
(737, 15),
(738, 1),
(738, 6),
(739, 9),
(739, 15),
(739, 17),
(739, 20),
(739, 21),
(740, 4),
(740, 5),
(740, 12),
(741, 9),
(741, 10),
(741, 20),
(742, 4),
(742, 15),
(743, 6),
(743, 7),
(743, 8),
(743, 16),
(743, 21),
(744, 1),
(744, 14),
(744, 18),
(745, 15),
(745, 18),
(746, 2),
(746, 6),
(746, 10),
(746, 14),
(747, 12),
(747, 17),
(748, 13),
(749, 2),
(749, 7),
(749, 9),
(749, 12),
(749, 13),
(749, 16),
(749, 17),
(750, 2),
(751, 3),
(751, 5),
(752, 9),
(752, 15),
(752, 17),
(752, 20),
(753, 3),
(753, 8),
(753, 18),
(754, 5),
(754, 15),
(754, 18),
(754, 21),
(755, 7),
(755, 16),
(756, 12),
(757, 1),
(757, 2),
(757, 4),
(757, 6),
(757, 10),
(757, 16),
(758, 2),
(758, 4),
(759, 1),
(759, 6),
(759, 16),
(760, 12),
(760, 15),
(761, 2),
(761, 9),
(761, 11),
(761, 14),
(761, 15),
(762, 5),
(762, 7),
(763, 6),
(763, 10),
(763, 11),
(763, 18),
(764, 4),
(764, 14),
(764, 21),
(765, 5),
(765, 10),
(765, 13),
(765, 14),
(765, 20),
(766, 3),
(766, 5),
(766, 10),
(766, 15),
(766, 21),
(767, 2),
(767, 10),
(768, 6),
(768, 18),
(769, 8),
(769, 11),
(770, 1),
(770, 10),
(771, 3),
(771, 21),
(772, 1),
(772, 4),
(772, 11),
(772, 14),
(772, 18),
(772, 19),
(773, 17),
(773, 18),
(773, 19),
(774, 1),
(774, 6),
(774, 9),
(774, 16),
(775, 1),
(776, 2),
(776, 6),
(776, 9),
(777, 7),
(777, 10),
(778, 12),
(778, 19),
(779, 9),
(779, 12),
(779, 15),
(779, 19),
(780, 5),
(780, 7),
(780, 11),
(780, 12),
(781, 8),
(781, 20),
(782, 2),
(782, 5),
(782, 9),
(782, 12),
(782, 13),
(782, 21),
(783, 1),
(783, 4),
(783, 5),
(783, 7),
(783, 11),
(783, 15),
(783, 18),
(783, 20),
(784, 2),
(784, 5),
(784, 8),
(784, 19),
(784, 21),
(785, 5),
(785, 12),
(786, 3),
(786, 8),
(786, 17),
(786, 21),
(787, 2),
(787, 19),
(788, 4),
(788, 6),
(788, 20),
(789, 3),
(789, 14),
(789, 17),
(789, 20),
(790, 3),
(790, 5),
(790, 6),
(790, 19),
(791, 5),
(791, 11),
(791, 16),
(791, 19),
(792, 11),
(792, 14),
(792, 16),
(793, 3),
(793, 5),
(793, 6),
(793, 9),
(793, 12),
(794, 11),
(794, 13),
(795, 3),
(795, 7),
(795, 12),
(796, 5),
(796, 6),
(796, 15),
(796, 19),
(796, 21),
(797, 2),
(797, 4),
(797, 10),
(797, 11),
(797, 13),
(797, 16),
(798, 2),
(798, 5),
(798, 6),
(798, 13),
(798, 16),
(799, 6),
(799, 12),
(799, 20),
(800, 5),
(800, 9),
(800, 16),
(801, 9),
(801, 12),
(801, 16),
(802, 2),
(802, 10),
(802, 14),
(802, 19),
(802, 20),
(803, 1),
(803, 6),
(803, 10),
(803, 11),
(803, 14),
(804, 1),
(804, 5),
(804, 10),
(804, 11),
(804, 18),
(804, 21),
(805, 1),
(805, 2),
(805, 4),
(805, 7),
(805, 11),
(805, 14),
(805, 17),
(806, 1),
(806, 4),
(806, 8),
(806, 11),
(807, 12),
(807, 13),
(807, 16),
(808, 1),
(808, 3),
(808, 11),
(809, 1),
(809, 3),
(809, 4),
(809, 6),
(809, 8),
(810, 5),
(810, 17),
(810, 20),
(811, 12),
(811, 13),
(811, 15),
(811, 17),
(812, 3),
(812, 12),
(812, 15),
(813, 20),
(814, 2),
(814, 4),
(814, 16),
(815, 2),
(815, 11),
(815, 16),
(816, 12),
(817, 13),
(817, 16),
(817, 17),
(817, 19),
(818, 6),
(818, 11),
(818, 14),
(818, 18),
(818, 20),
(819, 3),
(819, 4),
(819, 7),
(819, 9),
(819, 12),
(819, 15),
(820, 4),
(820, 6),
(820, 14),
(820, 15),
(821, 2),
(821, 17),
(821, 20),
(822, 6),
(822, 10),
(822, 14),
(822, 19),
(822, 20),
(823, 9),
(823, 16),
(824, 13),
(824, 15),
(824, 21),
(825, 1),
(825, 6),
(825, 10),
(825, 15),
(825, 17),
(826, 4),
(826, 7),
(826, 17),
(827, 4),
(827, 7),
(827, 9),
(828, 9),
(828, 10),
(829, 1),
(829, 18),
(830, 16),
(831, 1),
(831, 3),
(831, 6),
(831, 10),
(831, 12),
(831, 17),
(831, 18),
(831, 21),
(832, 7),
(832, 9),
(832, 15),
(833, 1),
(833, 2),
(833, 12),
(833, 13),
(834, 2),
(834, 7),
(834, 10),
(834, 14),
(834, 21),
(835, 8),
(835, 13),
(837, 12),
(837, 14),
(838, 1),
(838, 6),
(838, 13),
(838, 15),
(838, 16),
(839, 3),
(839, 12),
(839, 18),
(839, 20),
(839, 21),
(840, 3),
(840, 6),
(840, 9),
(840, 19),
(841, 9),
(841, 16),
(841, 17),
(841, 21),
(842, 2),
(842, 17),
(842, 18),
(843, 2),
(843, 3),
(843, 5),
(843, 8),
(843, 15),
(843, 18),
(843, 20),
(845, 3),
(845, 14),
(845, 15),
(845, 16),
(845, 19),
(846, 4),
(846, 10),
(846, 16),
(846, 18),
(847, 1),
(847, 2),
(847, 10),
(848, 16),
(848, 19),
(849, 4),
(849, 6),
(849, 10),
(849, 15),
(849, 19),
(850, 12),
(850, 14),
(850, 18),
(850, 19),
(850, 21),
(851, 1),
(851, 11),
(852, 1),
(852, 6),
(852, 10),
(852, 11),
(853, 3),
(853, 4),
(853, 11),
(854, 4),
(854, 16),
(854, 20),
(855, 10),
(855, 11),
(855, 12),
(856, 3),
(856, 16),
(856, 17),
(857, 5),
(857, 8),
(857, 12),
(857, 16),
(857, 21),
(858, 1),
(858, 2),
(858, 5),
(858, 14),
(858, 19),
(859, 6),
(859, 20),
(860, 1),
(860, 2),
(860, 5),
(860, 8),
(860, 13),
(861, 13),
(861, 19),
(862, 7),
(862, 14),
(862, 16),
(863, 2),
(863, 17),
(863, 21),
(864, 3),
(864, 5),
(864, 9),
(865, 2),
(865, 3),
(866, 6),
(866, 15),
(867, 3),
(867, 10),
(867, 11),
(867, 14),
(869, 1),
(869, 16),
(869, 19),
(869, 20),
(870, 3),
(870, 6),
(870, 8),
(870, 15),
(870, 19),
(871, 6),
(871, 12),
(872, 8),
(872, 12),
(872, 14),
(873, 5),
(873, 7),
(874, 2),
(874, 3),
(874, 4),
(874, 16),
(874, 18),
(874, 20),
(874, 21),
(875, 1),
(875, 7),
(876, 2),
(876, 18),
(876, 20),
(877, 10),
(878, 5),
(878, 19),
(878, 21),
(879, 4),
(880, 9),
(880, 16),
(881, 1),
(881, 3),
(881, 13),
(881, 16),
(882, 10),
(883, 5),
(883, 9),
(883, 13),
(883, 17),
(884, 8),
(885, 3),
(885, 9),
(886, 2),
(886, 18),
(887, 1),
(887, 3),
(887, 5),
(887, 11),
(887, 16),
(888, 7),
(888, 16),
(888, 18),
(889, 6),
(889, 7),
(889, 13),
(890, 1),
(890, 16),
(890, 17),
(891, 13),
(891, 21),
(892, 1),
(892, 12),
(892, 13),
(892, 14),
(893, 20),
(894, 1),
(894, 17),
(895, 15),
(895, 19),
(896, 2),
(896, 7),
(896, 8),
(896, 14),
(896, 17),
(896, 19),
(896, 21),
(897, 6),
(897, 11),
(898, 4),
(898, 7),
(899, 13),
(900, 3),
(900, 5),
(900, 9),
(900, 10),
(900, 21),
(901, 8),
(902, 3),
(902, 7),
(902, 10),
(902, 13),
(902, 15),
(902, 17),
(903, 3),
(903, 4),
(903, 18),
(903, 20),
(904, 2),
(904, 4),
(904, 9),
(904, 11),
(904, 16),
(904, 19),
(905, 2),
(905, 12),
(906, 2),
(906, 7),
(906, 10),
(906, 14),
(906, 18),
(907, 17),
(908, 3),
(908, 5),
(908, 6),
(908, 12),
(908, 17),
(908, 20),
(909, 3),
(909, 6),
(909, 13),
(909, 20),
(910, 2),
(910, 5),
(910, 6),
(911, 1),
(911, 15),
(911, 18),
(911, 20),
(911, 21),
(912, 1),
(912, 3),
(912, 4),
(912, 10),
(912, 21),
(913, 4),
(913, 5),
(913, 9),
(913, 20),
(914, 3),
(914, 13),
(914, 18),
(915, 3),
(915, 4),
(915, 5),
(915, 14),
(916, 9),
(916, 10),
(916, 21),
(917, 1),
(917, 5),
(917, 11),
(917, 18),
(918, 3),
(918, 10),
(918, 12),
(918, 15),
(918, 16),
(919, 9),
(919, 12),
(919, 16),
(919, 17),
(919, 20),
(920, 1),
(920, 5),
(920, 6),
(920, 16),
(921, 7),
(922, 1),
(922, 12),
(922, 15),
(922, 21),
(923, 1),
(923, 12),
(923, 13),
(923, 18),
(923, 19),
(923, 21),
(924, 11),
(924, 13),
(925, 13),
(925, 15),
(926, 1),
(926, 10),
(927, 2),
(927, 13),
(927, 15),
(928, 1),
(928, 2),
(928, 16),
(928, 18),
(929, 2),
(929, 3),
(929, 18),
(929, 20),
(930, 8),
(930, 12),
(930, 18),
(931, 4),
(931, 11),
(931, 13),
(932, 9),
(932, 20),
(933, 2),
(934, 7),
(934, 18),
(935, 6),
(935, 9),
(935, 14),
(935, 16),
(936, 1),
(936, 3),
(936, 4),
(936, 6),
(936, 11),
(936, 18),
(937, 2),
(938, 4),
(938, 6),
(938, 16),
(938, 18),
(939, 2),
(939, 3),
(939, 20),
(940, 1),
(940, 2),
(940, 18),
(940, 20),
(941, 5),
(941, 9),
(941, 13),
(941, 15),
(942, 1),
(942, 9),
(942, 11),
(942, 17),
(943, 7),
(943, 8),
(943, 13),
(943, 18),
(944, 15),
(944, 18),
(945, 3),
(945, 4),
(945, 5),
(945, 8),
(945, 15),
(945, 16),
(946, 11),
(946, 19),
(946, 21),
(947, 3),
(947, 15),
(948, 8),
(948, 12),
(948, 16),
(949, 7),
(950, 5),
(950, 9),
(950, 20),
(951, 21),
(952, 14),
(952, 17),
(953, 14),
(954, 14),
(955, 7),
(955, 12),
(955, 14),
(955, 16),
(955, 19),
(956, 3),
(956, 8),
(956, 13),
(957, 1),
(957, 5),
(957, 20),
(958, 9),
(958, 15),
(958, 17),
(959, 9),
(961, 3),
(961, 4),
(961, 7),
(961, 20),
(962, 2),
(962, 3),
(962, 4),
(962, 11),
(962, 16),
(962, 21),
(963, 8),
(963, 11),
(963, 13),
(964, 5),
(964, 8),
(964, 11),
(964, 13),
(964, 18),
(965, 3),
(965, 8),
(965, 17),
(965, 19),
(966, 8),
(966, 11),
(966, 13),
(966, 19),
(967, 14),
(968, 18),
(968, 19),
(969, 11),
(970, 6),
(970, 10),
(970, 13),
(970, 17),
(970, 20),
(971, 12),
(971, 14),
(971, 17),
(971, 20),
(972, 9),
(972, 11),
(972, 19),
(973, 1),
(973, 3),
(974, 2),
(974, 3),
(974, 17),
(974, 18),
(974, 21),
(975, 17),
(975, 20),
(976, 12),
(976, 14),
(977, 5),
(977, 14),
(977, 15),
(977, 17),
(977, 20),
(978, 10),
(978, 17),
(979, 9),
(979, 10),
(979, 11),
(979, 21),
(980, 7),
(981, 1),
(981, 2),
(981, 7),
(981, 12),
(982, 9),
(982, 14),
(982, 21),
(983, 4),
(983, 7),
(983, 10),
(984, 9),
(984, 13),
(985, 5),
(985, 11),
(986, 4),
(986, 17),
(987, 3),
(987, 16),
(988, 12),
(988, 15),
(988, 16),
(988, 19),
(989, 10),
(989, 17),
(990, 2),
(990, 7),
(990, 8),
(990, 12),
(990, 17),
(991, 17),
(992, 5),
(992, 18),
(993, 9),
(993, 10),
(993, 16),
(994, 9),
(994, 16),
(994, 17),
(994, 21),
(995, 12),
(995, 13),
(995, 15),
(996, 5),
(996, 8),
(996, 9),
(996, 20),
(997, 8),
(997, 9),
(997, 11),
(997, 12),
(997, 13),
(998, 2),
(998, 4),
(998, 10),
(998, 11),
(999, 2),
(999, 5),
(999, 6),
(999, 20),
(999, 21),
(1000, 2),
(1000, 17);

-- --------------------------------------------------------

--
-- Cấu trúc bảng cho bảng `mission`
--

CREATE TABLE `mission` (
  `mission_id` int(11) NOT NULL,
  `mission_name` varchar(255) DEFAULT NULL,
  `location` varchar(255) DEFAULT NULL,
  `agent_id` int(11) DEFAULT NULL,
  `access_id` int(11) DEFAULT NULL,
  `team_id` int(11) DEFAULT NULL,
  `mission_status` varchar(50) DEFAULT NULL
) ENGINE=InnoDB DEFAULT CHARSET=utf8mb4 COLLATE=utf8mb4_general_ci;

--
-- Đang đổ dữ liệu cho bảng `mission`
--

INSERT INTO `mission` (`mission_id`, `mission_name`, `location`, `agent_id`, `access_id`, `team_id`, `mission_status`) VALUES
(1, 'HR Takedown', 'Prague', 974, 2, 9, 'In Progress'),
(2, 'Operation Thunderball', 'Los Angeles', 528, 2, 1, 'Failed'),
(3, 'Phoenix Foundation Crisis', 'Los Angeles', 935, 2, 14, 'Completed'),
(4, 'Rogue Nation', 'Toronto', 993, 2, 1, 'Pending'),
(5, 'The Istanbul Affair', 'New York', 517, 2, 9, 'Pending'),
(6, 'Intersect Protection', 'Sydney', 308, 2, 9, 'In Progress'),
(7, 'Operation Valkyrie', 'Berlin', 458, 2, 9, 'In Progress'),
(8, 'Project Omega', 'Cape Town', 449, 2, 10, 'Completed'),
(9, 'The Higgins Case', 'Buenos Aires', 743, 2, 36, 'Failed'),
(10, 'Mission Eclipse', 'Los Angeles', 848, 2, 12, 'Pending'),
(11, 'Casino Royale Sting', 'Rio de Janeiro', 334, 2, 32, 'In Progress'),
(12, 'Outcome Elimination', 'Rome', 925, 2, 39, 'Failed'),
(13, 'Project Quantum', 'Tokyo', 733, 2, 3, 'In Progress'),
(14, 'Ghost Protocol', 'New York', 537, 2, 40, 'Pending'),
(15, 'Project Shadow', 'Beijing', 938, 2, 36, 'Failed'),
(16, 'KAOS Takedown', 'Buenos Aires', 899, 6, 26, 'In Progress'),
(17, 'Outcome Elimination', 'Cape Town', 102, 2, 9, 'Failed'),
(18, 'Rainbow Six Formation', 'Rio de Janeiro', 246, 3, 23, 'Pending'),
(19, 'Spy Undercover', 'Beijing', 323, 6, 9, 'Completed'),
(20, 'Quantico Mole Hunt', 'Berlin', 795, 4, 42, 'In Progress'),
(21, 'The Acropolis Assignment', 'New York', 247, 1, 27, 'Failed'),
(22, 'Operation Mojito', 'Berlin', 855, 6, 22, 'Completed'),
(23, 'Alternate Timeline Reset', 'Los Angeles', 478, 2, 15, 'Failed'),
(24, 'Burn Notice Reversal', 'Vienna', 321, 4, 9, 'Completed'),
(25, 'Operation Red Dawn', 'Tokyo', 788, 6, 10, 'Failed'),
(26, 'Parallel Universe Bridge', 'Beijing', 904, 1, 23, 'Failed'),
(27, 'Management Dismantling', 'Vienna', 373, 4, 24, 'In Progress'),
(28, 'Arms Dealer Infiltration', 'Rome', 312, 1, 27, 'Failed'),
(29, 'Operation Ironclad', 'Chicago', 197, 2, 20, 'In Progress'),
(30, 'Operation Thunderbolt', 'Buenos Aires', 851, 5, 11, 'Pending'),
(31, 'Project Nemesis', 'Buenos Aires', 934, 5, 19, 'Failed'),
(32, 'Brideshead Revisited', 'Istanbul', 241, 2, 9, 'Completed'),
(33, 'Rule 51 Enforcement', 'Buenos Aires', 788, 1, 13, 'Failed'),
(34, 'Project Shadow', 'Cape Town', 97, 2, 4, 'Failed'),
(35, 'Rule 51 Enforcement', 'Moscow', 325, 3, 9, 'In Progress'),
(36, 'Pelant Pursuit', 'Paris', 28, 6, 9, 'In Progress'),
(37, 'Port-to-Port Killer Hunt', 'Beijing', 412, 6, 27, 'In Progress'),
(38, 'Operation Tinker Tailor', 'Istanbul', 587, 1, 27, 'Failed'),
(39, 'Deep Cover', 'Vienna', 29, 5, 33, 'Completed'),
(40, 'Arms Dealer Infiltration', 'Beijing', 689, 2, 19, 'Pending'),
(41, 'Management Dismantling', 'Tokyo', 428, 2, 25, 'Pending'),
(42, 'Operation Thunderbolt', 'Cape Town', 577, 1, 34, 'Completed'),
(43, 'Brideshead Revisited', 'Cape Town', 984, 3, 9, 'In Progress'),
(44, 'Project Shadow', 'New York', 161, 2, 9, 'In Progress'),
(45, 'Treadstone Takedown', 'Madrid', 133, 5, 40, 'Pending'),
(46, 'Project Nemesis', 'Beijing', 967, 2, 9, 'Failed'),
(47, 'Music Box Mystery', 'Chicago', 40, 2, 9, 'Pending'),
(48, 'Villanelle Pursuit', 'Vienna', 852, 6, 22, 'In Progress'),
(49, 'SSR Infiltration', 'Beijing', 207, 3, 42, 'In Progress'),
(50, 'Villanelle Pursuit', 'Beijing', 621, 3, 33, 'Pending'),
(51, 'Deep Cover', 'Prague', 811, 5, 9, 'Failed'),
(52, 'Project Cobra', 'Berlin', 182, 1, 15, 'In Progress'),
(53, 'Pelant Pursuit', 'Cape Town', 414, 4, 9, 'Pending'),
(54, 'KAOS Takedown', 'New York', 782, 3, 9, 'In Progress'),
(55, 'Rule 51 Enforcement', 'New York', 510, 1, 41, 'In Progress'),
(56, 'Burn Notice Reversal', 'Berlin', 643, 3, 17, 'Completed'),
(57, 'The Acropolis Assignment', 'Moscow', 309, 1, 20, 'In Progress'),
(58, 'Parallel Universe Bridge', 'Prague', 92, 4, 9, 'In Progress'),
(59, 'Project Phoenix', 'New York', 721, 1, 9, 'Failed'),
(60, 'Operation Ironclad', 'Toronto', 646, 5, 21, 'Failed'),
(61, 'Villanelle Pursuit', 'Moscow', 309, 1, 11, 'Failed'),
(62, 'Daughter Rescue', 'Paris', 403, 1, 39, 'Failed'),
(63, 'Red October', 'Madrid', 386, 3, 9, 'In Progress'),
(64, 'Management Dismantling', 'Beijing', 639, 4, 13, 'Pending'),
(65, 'Daughter Rescue', 'Sydney', 140, 5, 9, 'In Progress'),
(66, 'The Higgins Case', 'Sydney', 537, 1, 41, 'Pending'),
(67, 'Pelant Pursuit', 'London', 352, 3, 33, 'Pending'),
(68, 'Section One Initiation', 'London', 515, 4, 23, 'In Progress'),
(69, 'Relevant Number Ops', 'Chicago', 495, 5, 11, 'Pending'),
(70, '3XK Killer Chase', 'Madrid', 162, 6, 42, 'Failed'),
(71, 'Port-to-Port Killer Hunt', 'Rio de Janeiro', 883, 4, 9, 'In Progress'),
(72, 'Alien Conspiracy Investigation', 'Tokyo', 72, 6, 5, 'Failed'),
(73, 'Hellfire Club Infiltration', 'Rome', 318, 4, 29, 'In Progress'),
(74, '3XK Killer Chase', 'Prague', 744, 4, 12, 'Completed'),
(75, 'Operation Skyfall', 'Toronto', 768, 3, 36, 'Completed'),
(76, 'The Istanbul Affair', 'Buenos Aires', 328, 1, 9, 'In Progress'),
(77, 'Operation Ironclad', 'London', 148, 4, 42, 'Completed'),
(78, 'Project Cobra', 'Chicago', 60, 1, 9, 'Completed'),
(79, 'Casino Royale Sting', 'Sydney', 992, 6, 9, 'Failed'),
(80, 'Mission Blackout', 'Toronto', 637, 5, 9, 'In Progress'),
(81, 'Nikki Heat Protection', 'New York', 329, 3, 11, 'Completed'),
(82, 'Intersect Protection', 'Dubai', 801, 3, 9, 'In Progress'),
(83, 'Operation Desert Scorpion', 'Istanbul', 979, 6, 17, 'Failed'),
(84, 'Quantico Mole Hunt', 'Madrid', 837, 5, 30, 'Completed'),
(85, 'Operation Mojito', 'New York', 927, 5, 9, 'Failed'),
(86, 'The Golden Circle', 'New York', 452, 5, 9, 'Failed'),
(87, 'Brideshead Revisited', 'Cape Town', 187, 4, 9, 'Failed'),
(88, 'Spy Undercover', 'Rome', 482, 2, 7, 'Pending'),
(89, 'Alternate Timeline Reset', 'Buenos Aires', 491, 1, 1, 'In Progress'),
(90, 'Outcome Elimination', 'Toronto', 371, 3, 17, 'Pending'),
(91, 'Project Christmas', 'Moscow', 287, 1, 13, 'In Progress'),
(92, 'Covert Affairs in Russia', 'Sydney', 429, 2, 1, 'Failed'),
(93, 'Quantico Mole Hunt', 'Prague', 345, 6, 9, 'Completed'),
(94, 'Operation Valkyrie', 'Berlin', 724, 6, 5, 'Failed'),
(95, 'Shadow Moses Incident', 'Rome', 648, 1, 18, 'Pending'),
(96, 'Rainbow Six Formation', 'Moscow', 598, 4, 9, 'Failed'),
(97, 'Project Christmas', 'Dubai', 174, 3, 9, 'In Progress'),
(98, 'Mr. Monk Goes to the Asylum', 'Rome', 672, 2, 4, 'Failed'),
(99, 'Project Nemesis', 'Tokyo', 440, 2, 9, 'Pending'),
(100, 'SSR Infiltration', 'Istanbul', 413, 2, 11, 'Pending'),
(101, 'HR Takedown', 'London', 233, 2, 41, 'Completed'),
(102, 'Project Christmas', 'Dubai', 941, 2, 16, 'Pending'),
(103, 'Mission Eclipse', 'Los Angeles', 927, 2, 9, 'Completed'),
(104, 'Kingsman Recruitment', 'Sydney', 41, 2, 23, 'In Progress'),
(105, 'Management Dismantling', 'London', 665, 2, 25, 'In Progress'),
(106, 'Project Nemesis', 'Vienna', 427, 2, 9, 'In Progress'),
(107, 'Pelant Pursuit', 'Dubai', 331, 2, 1, 'Completed'),
(108, 'Operation Mojito', 'Dubai', 230, 2, 15, 'Pending'),
(109, 'Operation Thunderbolt', 'Cape Town', 942, 2, 5, 'Completed'),
(110, 'Gormogon Investigation', 'Paris', 685, 2, 9, 'In Progress'),
(111, 'Anarchy 99 Infiltration', 'Dubai', 15, 2, 34, 'In Progress'),
(112, 'Forensic Lab Lockdown', 'Chicago', 404, 2, 23, 'Completed'),
(113, 'Brideshead Revisited', 'Berlin', 804, 2, 38, 'Pending'),
(114, 'Shibumi Extraction', 'Rome', 590, 2, 9, 'In Progress'),
(115, 'Operation Desert Scorpion', 'Rio de Janeiro', 11, 2, 9, 'Failed'),
(116, 'The Acropolis Assignment', 'Moscow', 305, 2, 9, 'Failed'),
(117, 'Oil Pipeline Sabotage', 'Sydney', 96, 2, 15, 'Failed'),
(118, 'Nikki Heat Protection', 'Toronto', 737, 2, 9, 'In Progress'),
(119, 'Music Box Mystery', 'Vienna', 328, 2, 36, 'In Progress'),
(120, 'Operation Golden Eye', 'Berlin', 152, 2, 9, 'Failed'),
(121, 'Groovy Infiltration', 'Madrid', 292, 2, 34, 'Failed'),
(122, 'Covert Affairs in Russia', 'Sydney', 999, 2, 42, 'Failed'),
(123, 'The Golden Circle', 'Sydney', 77, 2, 9, 'Failed'),
(124, 'KAOS Takedown', 'London', 39, 2, 9, 'Failed'),
(125, 'Project Nemesis', 'Los Angeles', 41, 2, 5, 'Pending'),
(126, 'Shibumi Extraction', 'New York', 949, 2, 9, 'In Progress'),
(127, 'Mr. Monk Goes to the Asylum', 'Beijing', 345, 2, 18, 'Failed'),
(128, 'Villanelle Pursuit', 'Buenos Aires', 707, 2, 9, 'Failed'),
(129, 'Operation Ironclad', 'Dubai', 764, 2, 9, 'In Progress'),
(130, 'Analog Interface Mission', 'New York', 77, 2, 9, 'In Progress'),
(131, 'Ghost Protocol', 'Buenos Aires', 59, 2, 16, 'Failed'),
(132, 'Operation Golden Eye', 'Beijing', 220, 2, 9, 'Pending'),
(133, 'Oil Pipeline Sabotage', 'Buenos Aires', 345, 2, 9, 'Failed'),
(134, 'Project Nemesis', 'Rome', 924, 2, 9, 'Completed'),
(135, 'Operation Shadowbox', 'New York', 653, 2, 9, 'In Progress'),
(136, 'Project Phoenix', 'Madrid', 916, 2, 13, 'Failed'),
(137, 'Arms Dealer Infiltration', 'Vienna', 562, 2, 9, 'Pending'),
(138, 'Mission Blackout', 'Beijing', 901, 2, 38, 'In Progress'),
(139, 'The Acropolis Assignment', 'Moscow', 708, 2, 2, 'Pending'),
(140, 'Rogue Nation', 'Moscow', 759, 2, 9, 'In Progress'),
(141, 'Alternate Timeline Reset', 'Buenos Aires', 624, 2, 38, 'In Progress'),
(142, 'Operation Silent Night', 'Moscow', 304, 2, 8, 'Completed'),
(143, 'Black Widow Ops', 'Madrid', 590, 2, 21, 'In Progress'),
(144, 'Operation Silent Night', 'Toronto', 85, 2, 14, 'Failed'),
(145, 'Section One Initiation', 'Rome', 991, 2, 16, 'Failed'),
(146, 'MTAC Security Breach', 'Berlin', 208, 2, 9, 'Pending'),
(147, 'Project Sentinel', 'London', 490, 2, 34, 'Completed'),
(148, 'Operation Ironclad', 'New York', 739, 2, 17, 'In Progress'),
(149, 'Villanelle Pursuit', 'Beijing', 972, 2, 9, 'Completed'),
(150, 'Port-to-Port Killer Hunt', 'Paris', 83, 2, 9, 'Failed'),
(151, 'HR Takedown', 'New York', 553, 2, 9, 'In Progress'),
(152, 'Covert Affairs in Russia', 'Chicago', 99, 2, 4, 'Pending'),
(153, 'Chimera Virus Recovery', 'Madrid', 734, 2, 42, 'Completed'),
(154, 'Mission Deep Freeze', 'Toronto', 940, 2, 9, 'Pending'),
(155, 'Operation Red Dawn', 'New York', 285, 2, 21, 'Failed'),
(156, 'Operation Tinker Tailor', 'Cape Town', 924, 2, 21, 'Completed'),
(157, 'Shibumi Extraction', 'Sydney', 181, 2, 9, 'In Progress'),
(158, 'Quantico Mole Hunt', 'Sydney', 815, 2, 23, 'Completed'),
(159, 'Music Box Mystery', 'Cape Town', 696, 2, 15, 'Failed'),
(160, 'Intersect Protection', 'Sydney', 787, 2, 9, 'Pending'),
(161, 'The Acropolis Assignment', 'Tokyo', 501, 2, 9, 'Completed'),
(162, 'Ipcress File Recovery', 'Berlin', 498, 2, 9, 'In Progress'),
(163, 'Mission Deep Freeze', 'Madrid', 141, 2, 9, 'Completed'),
(164, 'Chimera Virus Recovery', 'London', 311, 2, 9, 'In Progress'),
(165, 'Nikki Heat Protection', 'Paris', 82, 2, 9, 'Pending'),
(166, 'Villanelle Pursuit', 'Chicago', 161, 2, 18, 'Failed'),
(167, 'Alien Conspiracy Investigation', 'Rome', 312, 2, 2, 'In Progress'),
(168, 'Cybernauts Neutralization', 'Rome', 903, 2, 14, 'Failed'),
(169, 'Spy Undercover', 'Chicago', 521, 2, 9, 'In Progress'),
(170, 'Nikki Heat Protection', 'Chicago', 360, 2, 9, 'In Progress'),
(171, 'U.N.C.L.E. Infiltration', 'Chicago', 41, 2, 28, 'Pending'),
(172, 'The Yin Yang Trilogy', 'Los Angeles', 321, 2, 9, 'Failed'),
(173, 'Gormogon Investigation', 'London', 613, 2, 10, 'In Progress'),
(174, 'Rainbow Six Formation', 'London', 367, 2, 10, 'Failed'),
(175, 'Operation Ironclad', 'Tokyo', 791, 2, 15, 'Failed'),
(176, 'Shibumi Extraction', 'Vienna', 740, 2, 12, 'In Progress'),
(177, 'Music Box Mystery', 'London', 48, 2, 1, 'Completed'),
(178, 'Chimera Virus Recovery', 'Beijing', 760, 2, 11, 'Completed'),
(179, 'Project Sentinel', 'Cape Town', 785, 2, 15, 'Pending'),
(180, 'Cybernauts Neutralization', 'Paris', 659, 2, 15, 'Failed'),
(181, 'Machine Protection', 'Cape Town', 600, 2, 9, 'Completed'),
(182, 'Wine Cellar Rendezvous', 'London', 870, 2, 9, 'Completed'),
(183, 'Rogue Nation', 'Tokyo', 376, 2, 9, 'In Progress'),
(184, 'Operation Skyfall', 'Vienna', 788, 2, 9, 'Completed'),
(185, 'Operation Ironclad', 'Tokyo', 584, 2, 8, 'Completed'),
(186, 'Shadow Moses Incident', 'Tokyo', 530, 2, 9, 'In Progress'),
(187, 'Operation Thunderball', 'Paris', 576, 2, 4, 'Completed'),
(188, 'Mission Blackout', 'Berlin', 68, 2, 15, 'Failed'),
(189, 'Operation Thunderbolt', 'London', 540, 2, 9, 'Pending'),
(190, 'The Higgins Case', 'Buenos Aires', 580, 2, 9, 'Completed'),
(191, 'Alien Conspiracy Investigation', 'Rio de Janeiro', 801, 2, 9, 'Pending'),
(192, 'Shibumi Extraction', 'Istanbul', 563, 2, 41, 'Completed'),
(193, 'Arms Dealer Infiltration', 'Sydney', 884, 2, 30, 'Failed'),
(194, 'Pantheon Take Down', 'Buenos Aires', 788, 2, 13, 'Completed'),
(195, 'Project Shadow', 'Buenos Aires', 767, 2, 40, 'In Progress'),
(196, 'Spy Undercover', 'Rome', 178, 2, 21, 'Failed'),
(197, 'Groovy Infiltration', 'New York', 342, 2, 9, 'In Progress'),
(198, 'Ghost Protocol', 'Vienna', 937, 2, 36, 'Completed'),
(199, 'Ipcress File Recovery', 'Vienna', 747, 2, 23, 'Completed'),
(200, 'Operation Thunderbolt', 'Los Angeles', 624, 2, 32, 'Failed'),
(201, 'Port-to-Port Killer Hunt', 'Dubai', 818, 2, 40, 'Pending'),
(202, 'Mission Firestorm', 'Chicago', 839, 2, 30, 'In Progress'),
(203, 'The Istanbul Affair', 'London', 504, 2, 9, 'Failed'),
(204, 'Operation Golden Eye', 'Rio de Janeiro', 428, 2, 9, 'Failed'),
(205, 'Hellfire Club Infiltration', 'Istanbul', 674, 2, 40, 'Failed'),
(206, 'Operation Golden Eye', 'Toronto', 15, 2, 26, 'Failed'),
(207, 'Mission Nightfall', 'Prague', 199, 2, 10, 'Completed'),
(208, 'KAOS Takedown', 'New York', 227, 2, 41, 'In Progress'),
(209, 'Teen Agent', 'Beijing', 967, 2, 9, 'In Progress'),
(210, 'Mission Deep Freeze', 'New York', 359, 2, 26, 'Pending'),
(211, 'Mission Nightfall', 'Dubai', 12, 2, 9, 'Completed'),
(212, 'Operation Thunderbolt', 'Prague', 320, 2, 9, 'Pending'),
(213, 'Forensic Lab Lockdown', 'London', 678, 2, 30, 'In Progress'),
(214, 'Operation Ghost Hunt', 'Chicago', 615, 2, 9, 'Pending'),
(215, 'Operation Thunderball', 'Moscow', 939, 2, 23, 'Completed'),
(216, 'Parallel Universe Bridge', 'Berlin', 716, 2, 44, 'Completed'),
(217, 'The Istanbul Affair', 'Istanbul', 601, 2, 9, 'Pending'),
(218, 'Daughter Rescue', 'Toronto', 689, 2, 9, 'Failed'),
(219, 'Teen Agent', 'New York', 142, 2, 28, 'Failed'),
(220, 'Operation Desert Scorpion', 'Vienna', 906, 2, 9, 'Completed'),
(221, 'Mission Firestorm', 'Rio de Janeiro', 307, 2, 12, 'Failed'),
(222, 'Parallel Universe Bridge', 'Madrid', 628, 2, 9, 'Failed'),
(223, 'Forensic Lab Lockdown', 'Rio de Janeiro', 773, 2, 9, 'Completed'),
(224, 'Project Quantum', 'Prague', 793, 2, 27, 'Failed'),
(225, 'Kingsman Recruitment', 'Rome', 686, 2, 9, 'In Progress'),
(226, 'Shadow Moses Incident', 'Toronto', 161, 2, 20, 'Pending'),
(227, 'Alternate Timeline Reset', 'Dubai', 844, 2, 9, 'In Progress'),
(228, 'The Golden Circle', 'Tokyo', 518, 2, 9, 'Completed'),
(229, 'Project Omega', 'Chicago', 11, 2, 2, 'Failed'),
(230, 'Shadow Moses Incident', 'Cape Town', 637, 2, 9, 'Failed'),
(231, 'The Acropolis Assignment', 'Los Angeles', 948, 2, 2, 'Pending'),
(232, 'Daughter Rescue', 'Prague', 396, 2, 1, 'Pending'),
(233, 'Nikki Heat Protection', 'Buenos Aires', 119, 2, 29, 'In Progress'),
(234, 'Operation Shadowbox', 'Buenos Aires', 876, 2, 32, 'In Progress'),
(235, 'Rogue Nation', 'Chicago', 514, 2, 18, 'Failed'),
(236, 'Wine Cellar Rendezvous', 'New York', 532, 2, 20, 'Failed'),
(237, 'The Istanbul Affair', 'Beijing', 702, 2, 21, 'Failed'),
(238, 'Operation Thunderball', 'Istanbul', 392, 2, 9, 'Completed'),
(239, 'Gormogon Investigation', 'Toronto', 96, 2, 2, 'Completed'),
(240, 'The Acropolis Assignment', 'Berlin', 475, 2, 10, 'Pending'),
(241, 'Parallel Universe Bridge', 'Berlin', 41, 2, 12, 'Failed'),
(242, 'Teen Agent', 'Vienna', 273, 2, 25, 'Completed'),
(243, 'The Istanbul Affair', 'Prague', 551, 2, 9, 'In Progress'),
(244, 'Music Box Mystery', 'Chicago', 463, 2, 32, 'In Progress'),
(245, 'Machine Protection', 'Berlin', 709, 2, 9, 'Failed'),
(246, 'Forensic Lab Lockdown', 'Istanbul', 41, 2, 2, 'Pending'),
(247, 'Intersect Protection', 'Cape Town', 7, 2, 18, 'Failed'),
(248, 'Pantheon Take Down', 'Vienna', 685, 2, 40, 'In Progress'),
(249, 'Gormogon Investigation', 'Cape Town', 783, 2, 9, 'Pending'),
(250, 'Operation Skyfall', 'New York', 440, 2, 12, 'Failed'),
(251, 'The Golden Circle', 'London', 68, 2, 9, 'In Progress'),
(252, 'Parallel Universe Bridge', 'Dubai', 529, 2, 26, 'Pending'),
(253, 'Shibumi Extraction', 'Paris', 571, 2, 9, 'In Progress'),
(254, 'Rule 51 Enforcement', 'Tokyo', 6, 2, 36, 'Completed'),
(255, 'Deep Cover', 'London', 536, 2, 12, 'In Progress'),
(256, 'MTAC Security Breach', 'Paris', 113, 2, 44, 'Failed'),
(257, 'Project Sentinel', 'New York', 369, 2, 25, 'Pending'),
(258, 'Oil Pipeline Sabotage', 'New York', 5, 2, 19, 'Completed'),
(259, 'Mission Nightfall', 'Vienna', 36, 2, 29, 'In Progress'),
(260, 'Cold City', 'London', 923, 2, 32, 'In Progress'),
(261, 'Operation Skyfall', 'Rome', 710, 2, 23, 'In Progress'),
(262, 'Operation Thunderball', 'Beijing', 24, 2, 9, 'In Progress'),
(263, 'Operation Tinker Tailor', 'Madrid', 531, 2, 27, 'Pending'),
(264, 'Operation Silent Night', 'Cape Town', 112, 2, 9, 'Failed'),
(265, 'The Higgins Case', 'Paris', 724, 2, 9, 'In Progress'),
(266, 'Operation Skyfall', 'New York', 43, 2, 31, 'Pending'),
(267, '3XK Killer Chase', 'Dubai', 917, 2, 9, 'Failed'),
(268, 'Chimera Virus Recovery', 'Madrid', 794, 2, 26, 'In Progress'),
(269, 'Operation Salt and Pepper', 'Rio de Janeiro', 183, 2, 8, 'In Progress'),
(270, 'Spy Undercover', 'Chicago', 455, 2, 14, 'Completed'),
(271, 'Daughter Rescue', 'Toronto', 384, 2, 13, 'Failed'),
(272, 'Parallel Universe Bridge', 'Istanbul', 972, 2, 20, 'Pending'),
(273, 'Mission White Noise', 'Rio de Janeiro', 263, 2, 9, 'In Progress'),
(274, 'Project Quantum', 'Sydney', 624, 2, 9, 'Pending'),
(275, 'Casino Royale Sting', 'London', 129, 2, 27, 'In Progress'),
(276, 'Music Box Mystery', 'Dubai', 27, 2, 9, 'Completed'),
(277, 'Pelant Pursuit', 'Tokyo', 649, 2, 42, 'Failed'),
(278, 'Red October', 'Tokyo', 830, 2, 15, 'Failed'),
(279, 'Cybernauts Neutralization', 'Chicago', 636, 2, 9, 'Failed'),
(280, 'The Yin Yang Trilogy', 'Paris', 420, 2, 9, 'In Progress'),
(281, 'Rainbow Six Formation', 'Cape Town', 166, 2, 30, 'In Progress'),
(282, 'SSR Infiltration', 'Berlin', 798, 2, 27, 'In Progress'),
(283, '3XK Killer Chase', 'Rome', 459, 2, 9, 'In Progress'),
(284, 'Anarchy 99 Infiltration', 'Rio de Janeiro', 288, 2, 31, 'Pending'),
(285, 'Arms Dealer Infiltration', 'Rome', 949, 2, 18, 'Failed'),
(286, 'Daughter Rescue', 'Tokyo', 703, 2, 9, 'In Progress'),
(287, 'Arms Dealer Infiltration', 'London', 586, 2, 9, 'Failed'),
(288, 'Casino Royale Sting', 'Chicago', 243, 2, 8, 'Completed'),
(289, 'Quantico Mole Hunt', 'Vienna', 605, 2, 13, 'Completed'),
(290, 'Section One Initiation', 'Beijing', 642, 2, 42, 'Pending'),
(291, 'Spy Undercover', 'Tokyo', 492, 2, 9, 'Failed'),
(292, 'Mission Nightfall', 'Prague', 335, 2, 9, 'In Progress'),
(293, 'Arms Dealer Infiltration', 'London', 852, 2, 9, 'In Progress'),
(294, 'Cold City', 'Buenos Aires', 527, 2, 4, 'Pending'),
(295, 'Mission Eclipse', 'Toronto', 97, 2, 37, 'Pending'),
(296, 'Teen Agent', 'Toronto', 823, 2, 9, 'In Progress'),
(297, 'Operation Skyfall', 'Rio de Janeiro', 94, 2, 9, 'Failed'),
(298, 'Hellfire Club Infiltration', 'Vienna', 118, 2, 34, 'In Progress'),
(299, 'The Acropolis Assignment', 'Madrid', 53, 2, 38, 'Completed'),
(300, 'Shibumi Extraction', 'Tokyo', 201, 2, 1, 'In Progress'),
(301, 'Samaritan Evasion', 'Madrid', 380, 2, 9, 'Pending'),
(302, 'Deep Cover', 'Prague', 560, 2, 28, 'Failed'),
(303, 'Operation Red Dawn', 'Buenos Aires', 221, 2, 43, 'In Progress'),
(304, 'Shibumi Extraction', 'Dubai', 220, 2, 15, 'In Progress'),
(305, 'Villanelle Pursuit', 'Istanbul', 990, 2, 8, 'In Progress'),
(306, 'Shadow Moses Incident', 'Rio de Janeiro', 355, 2, 9, 'Pending'),
(307, 'Deep Cover', 'Paris', 944, 2, 4, 'Pending'),
(308, 'Operation Thunderball', 'London', 108, 2, 9, 'Completed'),
(309, 'Operation Thunderbolt', 'Sydney', 113, 2, 9, 'In Progress'),
(310, 'Pelant Pursuit', 'Toronto', 310, 2, 23, 'In Progress'),
(311, 'Phoenix Foundation Crisis', 'Sydney', 247, 2, 21, 'Failed'),
(312, 'Operation Ghost Hunt', 'Dubai', 940, 2, 13, 'Failed'),
(313, 'Brideshead Revisited', 'Istanbul', 239, 2, 16, 'Failed'),
(314, 'Management Dismantling', 'Istanbul', 949, 2, 18, 'Failed'),
(315, 'Operation Shadowbox', 'Rome', 440, 2, 21, 'In Progress'),
(316, 'MTAC Security Breach', 'Sydney', 538, 2, 26, 'Completed'),
(317, 'Outcome Elimination', 'Chicago', 993, 2, 36, 'In Progress'),
(318, 'Wine Cellar Rendezvous', 'Beijing', 930, 2, 12, 'In Progress'),
(319, 'Project Quantum', 'Berlin', 878, 2, 34, 'Failed'),
(320, 'Operation Shadowbox', 'Buenos Aires', 575, 2, 9, 'Failed'),
(321, 'Rainbow Six Formation', 'Paris', 878, 2, 9, 'Pending'),
(322, 'Parallel Universe Bridge', 'Berlin', 325, 2, 9, 'Failed'),
(323, 'Port-to-Port Killer Hunt', 'Toronto', 611, 2, 9, 'In Progress'),
(324, 'Hellfire Club Infiltration', 'Madrid', 772, 2, 41, 'Failed'),
(325, 'Project Sentinel', 'Chicago', 307, 2, 9, 'Completed'),
(326, 'Mission Blackout', 'Prague', 582, 2, 5, 'Completed'),
(327, 'Operation Desert Scorpion', 'Rome', 244, 2, 9, 'Failed'),
(328, 'Samaritan Evasion', 'Rome', 10, 2, 25, 'In Progress'),
(329, 'KAOS Takedown', 'New York', 92, 2, 34, 'In Progress'),
(330, 'Deep Cover', 'Moscow', 808, 2, 9, 'Failed'),
(331, 'Alien Conspiracy Investigation', 'Cape Town', 897, 2, 9, 'Failed'),
(332, 'Project Nemesis', 'Moscow', 67, 2, 30, 'Failed'),
(333, 'Teen Agent', 'Istanbul', 731, 2, 37, 'Failed'),
(334, 'Operation Thunderball', 'Tokyo', 760, 2, 9, 'Failed'),
(335, 'Project Nemesis', 'Vienna', 821, 2, 17, 'In Progress'),
(336, 'Operation Golden Eye', 'Vienna', 992, 2, 9, 'Completed'),
(337, 'Ipcress File Recovery', 'Chicago', 467, 2, 10, 'In Progress'),
(338, 'Section One Initiation', 'Istanbul', 394, 2, 9, 'Completed'),
(339, 'Operation Tinker Tailor', 'Tokyo', 117, 2, 16, 'In Progress'),
(340, 'Operation Valkyrie', 'Madrid', 562, 2, 40, 'In Progress'),
(341, 'Mr. Monk Goes to the Asylum', 'Chicago', 294, 2, 14, 'In Progress'),
(342, 'MTAC Security Breach', 'New York', 256, 2, 9, 'In Progress'),
(343, 'Burn Notice Reversal', 'Vienna', 853, 2, 9, 'Pending'),
(344, 'Intersect Protection', 'New York', 883, 2, 41, 'Pending'),
(345, 'Project Quantum', 'Chicago', 801, 2, 14, 'In Progress'),
(346, 'Covert Affairs in Russia', 'Paris', 529, 2, 12, 'In Progress'),
(347, 'Management Dismantling', 'New York', 53, 2, 31, 'Completed'),
(348, 'Ipcress File Recovery', 'Cape Town', 332, 2, 21, 'Failed'),
(349, 'Shadow Moses Incident', 'Berlin', 681, 2, 9, 'In Progress'),
(350, 'Quantico Mole Hunt', 'Vienna', 893, 2, 7, 'Pending'),
(351, 'Operation Shadowbox', 'London', 584, 2, 9, 'Failed'),
(352, 'Management Dismantling', 'Dubai', 865, 2, 11, 'Pending'),
(353, 'Operation Ghost Hunt', 'Toronto', 937, 2, 24, 'In Progress'),
(354, 'Parallel Universe Bridge', 'Madrid', 920, 2, 40, 'Completed'),
(355, 'Deep Cover', 'Cape Town', 218, 2, 13, 'Failed'),
(356, 'Forensic Lab Lockdown', 'Prague', 194, 2, 9, 'Pending'),
(357, 'Mission Blackout', 'Chicago', 206, 2, 21, 'Pending'),
(358, 'Project Cobra', 'Sydney', 77, 2, 9, 'Pending'),
(359, 'Black Widow Ops', 'Los Angeles', 516, 2, 26, 'Failed'),
(360, 'Deep Cover', 'London', 872, 2, 32, 'Completed'),
(361, 'Mr. Monk Goes to the Asylum', 'Prague', 513, 2, 20, 'Failed'),
(362, 'Operation Skyfall', 'New York', 439, 2, 8, 'In Progress'),
(363, 'Phoenix Foundation Crisis', 'Rio de Janeiro', 865, 2, 9, 'Pending'),
(364, 'MTAC Security Breach', 'Sydney', 736, 2, 24, 'Completed'),
(365, 'Anarchy 99 Infiltration', 'Toronto', 38, 2, 9, 'Failed'),
(366, 'Mr. Monk Goes to the Asylum', 'Chicago', 862, 2, 15, 'Pending'),
(367, 'The Acropolis Assignment', 'Dubai', 960, 2, 5, 'In Progress'),
(368, 'Ipcress File Recovery', 'Dubai', 140, 2, 40, 'Failed'),
(369, 'Relevant Number Ops', 'Madrid', 547, 2, 40, 'In Progress'),
(370, 'Pantheon Take Down', 'Prague', 877, 2, 30, 'Pending'),
(371, 'Mission Nightfall', 'Berlin', 309, 2, 9, 'Failed'),
(372, 'Operation Silent Night', 'Moscow', 538, 2, 33, 'Failed'),
(373, 'Cold City', 'Madrid', 517, 2, 42, 'Failed'),
(374, 'Teen Agent', 'Buenos Aires', 118, 2, 9, 'In Progress'),
(375, 'U.N.C.L.E. Infiltration', 'Moscow', 550, 2, 33, 'Completed'),
(376, 'SSR Infiltration', 'Los Angeles', 769, 2, 9, 'In Progress'),
(377, 'Pantheon Take Down', 'Dubai', 511, 2, 26, 'Failed'),
(378, 'Treadstone Takedown', 'Chicago', 723, 2, 17, 'Pending'),
(379, 'Ghost Protocol', 'New York', 338, 2, 9, 'Pending'),
(380, 'Black Widow Ops', 'Rio de Janeiro', 603, 2, 4, 'In Progress'),
(381, 'Teen Agent', 'Sydney', 912, 2, 9, 'Completed'),
(382, 'Groovy Infiltration', 'New York', 105, 2, 9, 'In Progress'),
(383, 'Chimera Virus Recovery', 'Rome', 179, 2, 15, 'In Progress'),
(384, 'Operation Skyfall', 'Berlin', 566, 2, 39, 'Failed'),
(385, 'Intersect Protection', 'New York', 97, 2, 38, 'Pending'),
(386, 'Mission White Noise', 'Rome', 447, 2, 9, 'Failed'),
(387, 'The Istanbul Affair', 'Toronto', 222, 2, 9, 'Failed'),
(388, 'Forensic Lab Lockdown', 'Prague', 84, 2, 6, 'Failed'),
(389, 'Operation Skyfall', 'Beijing', 503, 2, 10, 'Completed'),
(390, 'Daughter Rescue', 'Buenos Aires', 939, 2, 8, 'Failed'),
(391, 'Operation Silent Night', 'Cape Town', 148, 2, 7, 'Failed'),
(392, 'Intersect Protection', 'Los Angeles', 283, 2, 5, 'In Progress'),
(393, 'Covert Affairs in Russia', 'Istanbul', 93, 2, 9, 'Failed'),
(394, '3XK Killer Chase', 'Toronto', 380, 2, 21, 'In Progress'),
(395, 'Mission Nightfall', 'Paris', 838, 2, 10, 'Pending'),
(396, 'Covert Affairs in Russia', 'Buenos Aires', 995, 2, 9, 'Failed'),
(397, 'The Acropolis Assignment', 'Madrid', 278, 2, 41, 'Failed'),
(398, 'Quantico Mole Hunt', 'Los Angeles', 70, 2, 5, 'Failed'),
(399, 'Operation Salt and Pepper', 'New York', 712, 2, 9, 'In Progress'),
(400, 'Covert Affairs in Russia', 'Buenos Aires', 841, 2, 41, 'Failed'),
(401, 'Burn Notice Reversal', 'Rome', 812, 2, 43, 'Completed'),
(402, 'Operation Thunderbolt', 'Madrid', 876, 2, 9, 'Completed'),
(403, 'SSR Infiltration', 'Madrid', 165, 2, 3, 'In Progress'),
(404, 'Spy Undercover', 'Istanbul', 885, 2, 37, 'Failed'),
(405, 'Ipcress File Recovery', 'Rome', 21, 2, 8, 'In Progress'),
(406, 'Alien Conspiracy Investigation', 'Chicago', 301, 2, 31, 'In Progress'),
(407, 'Operation Red Dawn', 'Rio de Janeiro', 927, 2, 25, 'Failed'),
(408, 'Chimera Virus Recovery', 'Tokyo', 48, 2, 41, 'In Progress'),
(409, 'Operation Ghost Hunt', 'Prague', 440, 2, 16, 'In Progress'),
(410, 'Forensic Lab Lockdown', 'Paris', 696, 2, 15, 'Failed'),
(411, '3XK Killer Chase', 'Cape Town', 133, 2, 15, 'In Progress'),
(412, 'U.N.C.L.E. Infiltration', 'Dubai', 236, 2, 30, 'In Progress'),
(413, 'Black Widow Ops', 'Beijing', 500, 2, 13, 'In Progress'),
(414, 'Operation Shadowbox', 'Cape Town', 78, 2, 30, 'In Progress'),
(415, 'Kingsman Recruitment', 'Madrid', 667, 2, 29, 'Completed'),
(416, 'Mission Nightfall', 'Chicago', 679, 2, 9, 'Failed'),
(417, 'Ghost Protocol', 'Los Angeles', 646, 2, 40, 'Completed'),
(418, 'Arms Dealer Infiltration', 'Tokyo', 378, 2, 35, 'In Progress'),
(419, 'Music Box Mystery', 'Tokyo', 541, 2, 2, 'In Progress'),
(420, 'Groovy Infiltration', 'Tokyo', 387, 2, 9, 'In Progress'),
(421, 'Mr. Monk Goes to the Asylum', 'Madrid', 480, 2, 9, 'Pending'),
(422, 'Music Box Mystery', 'Vienna', 847, 2, 1, 'In Progress'),
(423, 'SSR Infiltration', 'Rome', 327, 2, 26, 'Pending'),
(424, 'Project Phoenix', 'Dubai', 801, 2, 36, 'Failed'),
(425, 'Gormogon Investigation', 'Cape Town', 792, 2, 22, 'Pending'),
(426, 'Chimera Virus Recovery', 'Los Angeles', 571, 2, 15, 'Failed'),
(427, 'Rule 51 Enforcement', 'Chicago', 532, 2, 36, 'Completed'),
(428, 'Operation Red Dawn', 'London', 324, 2, 9, 'Failed'),
(429, 'Teen Agent', 'Vienna', 520, 2, 9, 'Completed'),
(430, 'Parallel Universe Bridge', 'Paris', 221, 2, 9, 'Failed'),
(431, 'Operation Salt and Pepper', 'Los Angeles', 49, 2, 20, 'In Progress'),
(432, 'Project Sentinel', 'Chicago', 780, 2, 31, 'Completed'),
(433, 'Operation Golden Eye', 'Rome', 459, 2, 6, 'Failed'),
(434, 'Relevant Number Ops', 'Rome', 831, 2, 9, 'Pending'),
(435, 'The Acropolis Assignment', 'London', 717, 2, 29, 'Pending'),
(436, 'Operation Ironclad', 'Dubai', 661, 2, 9, 'Completed'),
(437, 'Project Shadow', 'Dubai', 735, 2, 13, 'Failed'),
(438, 'Shibumi Extraction', 'Rio de Janeiro', 479, 2, 9, 'Completed'),
(439, 'Operation Golden Eye', 'Chicago', 59, 2, 38, 'Failed'),
(440, 'Arms Dealer Infiltration', 'Rome', 214, 2, 21, 'In Progress'),
(441, 'Operation Desert Scorpion', 'Rome', 196, 2, 25, 'Failed'),
(442, 'Operation Red Dawn', 'Prague', 862, 2, 3, 'Failed'),
(443, 'Brideshead Revisited', 'Los Angeles', 280, 2, 12, 'Failed'),
(444, 'Operation Shadowbox', 'Buenos Aires', 993, 2, 9, 'Failed'),
(445, 'Burn Notice Reversal', 'Moscow', 375, 2, 9, 'Completed'),
(446, 'Mr. Monk Goes to the Asylum', 'Paris', 152, 2, 20, 'In Progress'),
(447, 'Shibumi Extraction', 'London', 15, 2, 9, 'Failed'),
(448, 'Gormogon Investigation', 'Sydney', 984, 2, 44, 'Completed'),
(449, 'Treadstone Takedown', 'Rio de Janeiro', 133, 2, 30, 'In Progress'),
(450, 'Treadstone Takedown', 'New York', 470, 2, 9, 'In Progress'),
(451, 'Management Dismantling', 'Madrid', 917, 2, 9, 'Completed'),
(452, 'Brideshead Revisited', 'London', 543, 2, 34, 'Completed'),
(453, 'The Yin Yang Trilogy', 'Chicago', 536, 2, 24, 'Pending'),
(454, 'Phoenix Foundation Crisis', 'Chicago', 399, 2, 2, 'Failed'),
(455, 'Project Omega', 'Madrid', 970, 2, 35, 'Pending'),
(456, 'The Acropolis Assignment', 'Paris', 924, 2, 9, 'In Progress'),
(457, 'Shibumi Extraction', 'Dubai', 590, 2, 11, 'In Progress'),
(458, 'Red October', 'Sydney', 664, 2, 36, 'In Progress'),
(459, 'Anarchy 99 Infiltration', 'Paris', 657, 2, 8, 'Failed'),
(460, 'Operation Red Dawn', 'Madrid', 322, 2, 9, 'Failed'),
(461, 'Teen Agent', 'London', 47, 2, 9, 'In Progress'),
(462, 'Red October', 'London', 613, 2, 41, 'In Progress'),
(463, 'Black Widow Ops', 'Dubai', 188, 2, 42, 'In Progress'),
(464, 'Outcome Elimination', 'Cape Town', 283, 2, 9, 'In Progress'),
(465, 'Project Shadow', 'Cape Town', 579, 2, 9, 'In Progress'),
(466, 'Section One Initiation', 'Istanbul', 722, 2, 36, 'In Progress'),
(467, 'Cybernauts Neutralization', 'Toronto', 823, 2, 17, 'In Progress'),
(468, 'Anarchy 99 Infiltration', 'Los Angeles', 728, 2, 37, 'Pending'),
(469, 'Alien Conspiracy Investigation', 'London', 413, 2, 29, 'Failed'),
(470, 'Brideshead Revisited', 'Cape Town', 772, 2, 44, 'In Progress'),
(471, 'Operation Shadowbox', 'Sydney', 553, 2, 27, 'In Progress'),
(472, 'Ghost Protocol', 'Dubai', 101, 2, 30, 'Failed'),
(473, 'Forensic Lab Lockdown', 'Vienna', 827, 2, 9, 'Failed'),
(474, 'Port-to-Port Killer Hunt', 'Rio de Janeiro', 382, 2, 3, 'Failed'),
(475, 'Intersect Protection', 'Istanbul', 71, 2, 9, 'Pending'),
(476, 'MTAC Security Breach', 'Rio de Janeiro', 323, 2, 29, 'Failed'),
(477, 'Deep Cover', 'Buenos Aires', 256, 2, 12, 'Failed'),
(478, 'Relevant Number Ops', 'Vienna', 174, 2, 14, 'In Progress'),
(479, 'Operation Golden Eye', 'Rome', 740, 2, 33, 'Pending'),
(480, 'Operation Desert Scorpion', 'Prague', 773, 2, 2, 'Failed'),
(481, 'Project Christmas', 'Dubai', 686, 2, 9, 'In Progress'),
(482, 'Spy Undercover', 'Tokyo', 386, 2, 9, 'In Progress'),
(483, 'Port-to-Port Killer Hunt', 'Rio de Janeiro', 250, 2, 41, 'In Progress'),
(484, 'Operation Ironclad', 'Cape Town', 32, 2, 10, 'In Progress'),
(485, 'Covert Affairs in Russia', 'Beijing', 874, 2, 36, 'Failed'),
(486, 'Villanelle Pursuit', 'Istanbul', 296, 2, 23, 'Completed'),
(487, 'Operation Silent Night', 'Rome', 439, 2, 9, 'Failed'),
(488, 'Operation Ghost Hunt', 'Vienna', 466, 2, 9, 'Completed'),
(489, 'Operation Tinker Tailor', 'Paris', 294, 2, 9, 'Completed'),
(490, 'Nikki Heat Protection', 'Rio de Janeiro', 189, 2, 9, 'Completed'),
(491, 'Teen Agent', 'Los Angeles', 650, 2, 9, 'Failed'),
(492, 'Rainbow Six Formation', 'Rio de Janeiro', 22, 2, 9, 'Completed'),
(493, 'Phoenix Foundation Crisis', 'Beijing', 301, 2, 9, 'Failed'),
(494, 'Operation Mojito', 'Rome', 431, 2, 9, 'Failed'),
(495, 'Project Quantum', 'Dubai', 670, 2, 5, 'Completed'),
(496, 'Hellfire Club Infiltration', 'New York', 523, 2, 35, 'Failed'),
(497, 'Intersect Protection', 'Paris', 144, 2, 27, 'Failed'),
(498, 'Spy Undercover', 'Buenos Aires', 677, 2, 9, 'Failed'),
(499, 'The Golden Circle', 'Los Angeles', 40, 2, 9, 'Failed'),
(500, 'Casino Royale Sting', 'Cape Town', 793, 2, 25, 'Failed');

-- --------------------------------------------------------

--
-- Cấu trúc bảng cho bảng `securityclearance`
--

CREATE TABLE `securityclearance` (
  `sc_id` int(11) NOT NULL,
  `sc_level` varchar(50) DEFAULT NULL,
  `description` text DEFAULT NULL
) ENGINE=InnoDB DEFAULT CHARSET=utf8mb4 COLLATE=utf8mb4_general_ci;

--
-- Đang đổ dữ liệu cho bảng `securityclearance`
--

INSERT INTO `securityclearance` (`sc_id`, `sc_level`, `description`) VALUES
(1, 'Confidential', 'Access to sensitive information that could cause minor damage if disclosed'),
(2, 'Secret', 'Access to information that could cause serious damage to national security if disclosed'),
(3, 'Top Secret', 'Access to information that could cause exceptionally grave damage to national security if disclosed'),
(4, 'Top Secret - SCI', 'Access to Top Secret information that is compartmentalized for specific projects or operations'),
(5, 'Restricted', 'Access to information that should not be freely available to the public'),
(6, 'Public Trust', 'Access to information that involves positions of significant public trust but is not classified');

-- --------------------------------------------------------

--
-- Cấu trúc bảng cho bảng `skill`
--

CREATE TABLE `skill` (
  `skill_id` int(11) NOT NULL,
  `skill_name` varchar(255) DEFAULT NULL
) ENGINE=InnoDB DEFAULT CHARSET=utf8mb4 COLLATE=utf8mb4_general_ci;

--
-- Đang đổ dữ liệu cho bảng `skill`
--

INSERT INTO `skill` (`skill_id`, `skill_name`) VALUES
(1, 'Counter-Surveillance'),
(2, 'Counterintelligence'),
(3, 'Athletics'),
(4, 'Deep Cover Maintenance'),
(5, 'Stealth'),
(6, 'Cyber Warfare'),
(7, 'Dead Drop Techniques'),
(8, 'Forgery'),
(9, 'Facial Recognition Evasion'),
(10, 'Deception Detection'),
(11, 'Interrogation'),
(12, 'Marksmanship'),
(13, 'Psychological Manipulation'),
(14, 'Covert Entry'),
(15, 'Social Engineering'),
(16, 'Improvised Explosives Detection'),
(17, 'Tactical Driving'),
(18, 'Signal Interception'),
(19, 'Underwater Operations'),
(20, 'Explosives'),
(21, 'Wilderness Survival'),
(22, 'Negotiation'),
(23, 'Micro Expression Reading'),
(24, 'Cryptography'),
(25, 'Acoustic Analysis'),
(26, 'Thermal Imaging Interpretation'),
(27, 'Eidetic Recall'),
(28, 'Hacking'),
(29, 'Digital Forensics'),
(30, 'Disguise'),
(31, 'Driving'),
(32, 'Improvised Weaponry'),
(33, 'Lip Reading'),
(34, 'Lockpicking'),
(35, 'Biometric Bypass'),
(36, 'Poison Resistance'),
(37, 'Threat Assessment'),
(38, 'Speed Reading'),
(39, 'Psychological Profiling'),
(40, 'Surveillance'),
(41, 'Parkour'),
(42, 'Escape Artistry'),
(43, 'Photographic Memory'),
(44, 'Reverse Engineering'),
(45, 'Asset Recruitment'),
(46, 'First Aid'),
(47, 'Languages'),
(48, 'Hand-to-Hand Combat'),
(49, 'Geopolitical Analysis'),
(50, 'Information Extraction'),
(51, 'Satellite Imagery Analysis'),
(52, 'Hostage Negotiation'),
(53, 'Chemical Warfare Defense'),
(54, 'Asset Management'),
(55, 'Strategy');

-- --------------------------------------------------------

--
-- Cấu trúc bảng cho bảng `skillrel`
--

CREATE TABLE `skillrel` (
  `agent_id` int(11) NOT NULL,
  `skill_id` int(11) NOT NULL
) ENGINE=InnoDB DEFAULT CHARSET=utf8mb4 COLLATE=utf8mb4_general_ci;

--
-- Đang đổ dữ liệu cho bảng `skillrel`
--

INSERT INTO `skillrel` (`agent_id`, `skill_id`) VALUES
(1, 7),
(1, 12),
(1, 17),
(1, 18),
(1, 27),
(1, 30),
(1, 32),
(1, 36),
(1, 37),
(1, 41),
(1, 48),
(2, 1),
(2, 3),
(2, 5),
(2, 7),
(2, 11),
(2, 15),
(2, 18),
(2, 20),
(2, 22),
(2, 38),
(2, 39),
(2, 50),
(3, 1),
(3, 11),
(3, 12),
(3, 16),
(3, 18),
(3, 29),
(3, 32),
(3, 48),
(3, 55),
(4, 2),
(4, 4),
(4, 6),
(4, 19),
(4, 24),
(4, 34),
(4, 39),
(4, 55),
(5, 4),
(5, 13),
(5, 20),
(5, 27),
(5, 28),
(5, 37),
(5, 44),
(5, 50),
(5, 51),
(6, 6),
(6, 12),
(6, 29),
(6, 45),
(7, 4),
(7, 10),
(7, 14),
(7, 27),
(7, 28),
(7, 31),
(7, 33),
(7, 36),
(7, 41),
(7, 45),
(7, 51),
(7, 55),
(8, 3),
(8, 7),
(8, 10),
(8, 11),
(8, 15),
(8, 37),
(8, 38),
(8, 39),
(8, 43),
(9, 1),
(9, 2),
(9, 9),
(9, 10),
(9, 11),
(9, 14),
(9, 29),
(9, 32),
(9, 41),
(9, 46),
(9, 50),
(10, 4),
(10, 7),
(10, 15),
(10, 19),
(10, 33),
(10, 34),
(10, 35),
(10, 39),
(10, 40),
(10, 41),
(10, 52),
(10, 55),
(11, 3),
(11, 4),
(11, 14),
(11, 20),
(11, 30),
(11, 32),
(11, 34),
(11, 47),
(11, 53),
(12, 11),
(12, 12),
(12, 15),
(12, 20),
(12, 22),
(12, 23),
(12, 24),
(12, 26),
(12, 34),
(12, 37),
(12, 41),
(12, 52),
(13, 7),
(13, 13),
(13, 21),
(13, 34),
(13, 35),
(13, 36),
(13, 48),
(13, 50),
(13, 51),
(13, 54),
(14, 9),
(14, 24),
(14, 27),
(14, 34),
(14, 36),
(14, 37),
(14, 41),
(14, 47),
(14, 50),
(15, 2),
(15, 7),
(15, 10),
(15, 12),
(15, 15),
(15, 19),
(15, 24),
(15, 28),
(15, 30),
(15, 34),
(15, 35),
(15, 36),
(15, 44),
(15, 47),
(15, 49),
(15, 50),
(15, 54),
(15, 55),
(16, 2),
(16, 12),
(16, 13),
(16, 14),
(16, 18),
(16, 25),
(16, 27),
(16, 32),
(16, 37),
(16, 44),
(17, 4),
(17, 5),
(17, 14),
(17, 15),
(17, 21),
(17, 26),
(17, 27),
(17, 30),
(17, 32),
(17, 33),
(17, 38),
(17, 41),
(17, 43),
(17, 52),
(17, 53),
(18, 12),
(18, 21),
(18, 27),
(18, 35),
(18, 38),
(18, 41),
(18, 42),
(18, 46),
(18, 48),
(18, 51),
(19, 2),
(19, 3),
(19, 6),
(19, 10),
(19, 11),
(19, 12),
(19, 17),
(19, 20),
(19, 36),
(19, 45),
(19, 46),
(20, 1),
(20, 6),
(20, 10),
(20, 15),
(20, 17),
(20, 18),
(20, 28),
(20, 36),
(20, 37),
(20, 46),
(20, 47),
(20, 53),
(21, 3),
(21, 8),
(21, 9),
(21, 11),
(21, 19),
(21, 20),
(21, 21),
(21, 26),
(21, 31),
(21, 32),
(21, 34),
(21, 35),
(21, 39),
(21, 40),
(21, 43),
(21, 48),
(22, 10),
(22, 15),
(22, 25),
(22, 27),
(22, 30),
(22, 31),
(22, 32),
(22, 40),
(22, 47),
(22, 49),
(22, 51),
(23, 2),
(23, 8),
(23, 9),
(23, 12),
(23, 18),
(23, 27),
(23, 32),
(23, 34),
(23, 36),
(23, 48),
(23, 54),
(24, 2),
(24, 30),
(24, 36),
(24, 37),
(24, 40),
(24, 41),
(24, 43),
(24, 44),
(24, 45),
(24, 46),
(24, 47),
(24, 50),
(24, 51),
(25, 1),
(25, 5),
(25, 6),
(25, 8),
(25, 16),
(25, 20),
(25, 21),
(25, 24),
(25, 26),
(25, 31),
(25, 34),
(25, 37),
(25, 45),
(25, 48),
(26, 5),
(26, 8),
(26, 10),
(26, 11),
(26, 13),
(26, 16),
(26, 20),
(26, 21),
(26, 25),
(26, 26),
(26, 28),
(26, 32),
(26, 50),
(26, 51),
(27, 2),
(27, 12),
(27, 20),
(27, 21),
(27, 23),
(27, 29),
(27, 35),
(27, 40),
(27, 44),
(27, 46),
(27, 47),
(27, 48),
(27, 52),
(27, 53),
(27, 54),
(28, 1),
(28, 3),
(28, 10),
(28, 21),
(28, 24),
(28, 33),
(28, 40),
(28, 49),
(29, 11),
(29, 13),
(29, 19),
(29, 22),
(29, 23),
(29, 35),
(29, 37),
(29, 39),
(29, 45),
(29, 50),
(30, 9),
(30, 10),
(30, 11),
(30, 15),
(30, 17),
(30, 32),
(30, 36),
(30, 37),
(30, 40),
(31, 17),
(31, 26),
(31, 32),
(31, 34),
(31, 36),
(31, 46),
(31, 49),
(31, 55),
(32, 3),
(32, 8),
(32, 18),
(32, 20),
(32, 21),
(32, 22),
(32, 34),
(32, 48),
(32, 49),
(33, 4),
(33, 5),
(33, 15),
(33, 16),
(33, 28),
(33, 34),
(33, 36),
(33, 38),
(33, 42),
(33, 45),
(33, 51),
(33, 55),
(34, 7),
(34, 15),
(34, 22),
(34, 26),
(34, 29),
(34, 35),
(34, 43),
(34, 50),
(34, 53),
(35, 2),
(35, 7),
(35, 11),
(35, 13),
(35, 16),
(35, 17),
(35, 18),
(35, 23),
(35, 28),
(35, 31),
(35, 34),
(35, 41),
(35, 44),
(35, 51),
(36, 6),
(36, 13),
(36, 14),
(36, 15),
(36, 19),
(36, 20),
(36, 34),
(36, 50),
(36, 51),
(37, 1),
(37, 10),
(37, 15),
(37, 20),
(37, 23),
(37, 25),
(37, 49),
(37, 54),
(38, 4),
(38, 12),
(38, 32),
(38, 34),
(38, 39),
(38, 42),
(39, 3),
(39, 8),
(39, 9),
(39, 11),
(39, 12),
(39, 18),
(39, 22),
(39, 26),
(39, 33),
(39, 34),
(39, 37),
(39, 38),
(39, 40),
(39, 42),
(39, 43),
(39, 45),
(39, 46),
(40, 1),
(40, 8),
(40, 20),
(40, 23),
(40, 25),
(40, 34),
(40, 44),
(40, 49),
(40, 51),
(40, 52),
(41, 4),
(41, 6),
(41, 10),
(41, 11),
(41, 15),
(41, 24),
(41, 27),
(41, 31),
(41, 45),
(42, 4),
(42, 13),
(42, 16),
(42, 18),
(42, 24),
(42, 39),
(42, 44),
(42, 46),
(42, 55),
(43, 5),
(43, 9),
(43, 15),
(43, 17),
(43, 23),
(43, 32),
(43, 40),
(43, 46),
(43, 52),
(44, 6),
(44, 7),
(44, 11),
(44, 21),
(44, 26),
(44, 27),
(44, 28),
(44, 36),
(44, 37),
(44, 38),
(44, 55),
(45, 4),
(45, 6),
(45, 11),
(45, 19),
(45, 28),
(45, 32),
(45, 41),
(45, 50),
(45, 51),
(45, 53),
(46, 1),
(46, 8),
(46, 13),
(46, 15),
(46, 18),
(46, 20),
(46, 23),
(46, 35),
(46, 37),
(46, 40),
(46, 44),
(46, 52),
(46, 54),
(47, 1),
(47, 6),
(47, 8),
(47, 29),
(47, 31),
(47, 34),
(47, 38),
(47, 44),
(47, 52),
(48, 1),
(48, 6),
(48, 10),
(48, 22),
(48, 24),
(48, 30),
(48, 42),
(49, 4),
(49, 16),
(49, 17),
(49, 34),
(49, 38),
(49, 44),
(49, 45),
(49, 46),
(50, 4),
(50, 19),
(50, 24),
(50, 28),
(50, 30),
(50, 36),
(50, 42),
(50, 48),
(50, 51),
(50, 53),
(50, 55),
(51, 7),
(51, 14),
(51, 24),
(51, 28),
(51, 37),
(51, 44),
(51, 46),
(51, 52),
(52, 4),
(52, 6),
(52, 8),
(52, 9),
(52, 10),
(52, 14),
(52, 18),
(52, 20),
(52, 22),
(52, 30),
(52, 33),
(52, 36),
(52, 38),
(52, 40),
(52, 47),
(52, 50),
(53, 2),
(53, 6),
(53, 7),
(53, 10),
(53, 14),
(53, 16),
(53, 28),
(53, 36),
(53, 40),
(53, 42),
(53, 44),
(53, 46),
(53, 47),
(53, 48),
(54, 4),
(54, 7),
(54, 8),
(54, 9),
(54, 12),
(54, 13),
(54, 18),
(54, 29),
(54, 35),
(54, 40),
(54, 43),
(54, 46),
(54, 48),
(54, 51),
(54, 54),
(55, 1),
(55, 5),
(55, 6),
(55, 16),
(55, 31),
(55, 33),
(55, 37),
(55, 42),
(55, 44),
(55, 52),
(55, 54),
(56, 10),
(56, 12),
(56, 14),
(56, 15),
(56, 23),
(56, 27),
(56, 30),
(56, 35),
(56, 45),
(56, 51),
(56, 55),
(57, 6),
(57, 10),
(57, 12),
(57, 15),
(57, 18),
(57, 23),
(57, 26),
(57, 28),
(57, 31),
(57, 40),
(57, 44),
(57, 46),
(57, 50),
(57, 53),
(58, 3),
(58, 11),
(58, 19),
(58, 26),
(58, 29),
(58, 33),
(58, 36),
(58, 46),
(59, 2),
(59, 3),
(59, 10),
(59, 14),
(59, 20),
(59, 26),
(59, 34),
(59, 35),
(59, 37),
(59, 39),
(59, 41),
(59, 50),
(59, 52),
(59, 54),
(60, 5),
(60, 6),
(60, 12),
(60, 13),
(60, 14),
(60, 21),
(60, 29),
(60, 34),
(60, 43),
(60, 49),
(60, 55),
(61, 6),
(61, 19),
(61, 34),
(61, 41),
(61, 43),
(61, 44),
(61, 50),
(61, 54),
(62, 5),
(62, 6),
(62, 11),
(62, 12),
(62, 15),
(62, 19),
(62, 22),
(62, 26),
(62, 27),
(62, 33),
(62, 37),
(62, 45),
(62, 46),
(62, 47),
(63, 10),
(63, 15),
(63, 17),
(63, 19),
(63, 25),
(63, 29),
(63, 32),
(63, 41),
(63, 51),
(63, 54),
(64, 2),
(64, 15),
(64, 24),
(64, 26),
(64, 33),
(64, 40),
(64, 48),
(64, 49),
(65, 3),
(65, 6),
(65, 16),
(65, 21),
(65, 22),
(65, 25),
(65, 33),
(65, 38),
(65, 40),
(65, 43),
(65, 47),
(65, 50),
(65, 52),
(65, 55),
(66, 1),
(66, 5),
(66, 9),
(66, 10),
(66, 16),
(66, 24),
(66, 34),
(66, 36),
(66, 40),
(66, 49),
(67, 1),
(67, 2),
(67, 4),
(67, 6),
(67, 13),
(67, 22),
(67, 29),
(67, 35),
(67, 36),
(67, 38),
(67, 46),
(67, 55),
(68, 8),
(68, 12),
(68, 14),
(68, 15),
(68, 24),
(68, 26),
(68, 40),
(68, 44),
(68, 48),
(68, 52),
(68, 53),
(69, 3),
(69, 6),
(69, 11),
(69, 14),
(69, 16),
(69, 28),
(69, 35),
(69, 39),
(69, 46),
(70, 5),
(70, 15),
(70, 34),
(70, 42),
(70, 51),
(70, 52),
(70, 53),
(71, 5),
(71, 16),
(71, 18),
(71, 19),
(71, 34),
(71, 36),
(71, 41),
(71, 46),
(71, 47),
(71, 50),
(71, 52),
(72, 6),
(72, 7),
(72, 14),
(72, 16),
(72, 19),
(72, 32),
(72, 39),
(72, 44),
(72, 45),
(72, 47),
(72, 49),
(72, 50),
(72, 55),
(73, 4),
(73, 6),
(73, 18),
(73, 19),
(73, 21),
(73, 35),
(73, 48),
(73, 49),
(73, 51),
(73, 54),
(74, 1),
(74, 9),
(74, 11),
(74, 12),
(74, 15),
(74, 20),
(74, 37),
(74, 40),
(74, 45),
(74, 47),
(75, 2),
(75, 3),
(75, 4),
(75, 22),
(75, 30),
(75, 33),
(75, 43),
(75, 44),
(75, 55),
(76, 7),
(76, 11),
(76, 12),
(76, 14),
(76, 26),
(76, 33),
(76, 35),
(76, 42),
(76, 47),
(77, 2),
(77, 8),
(77, 21),
(77, 24),
(77, 29),
(77, 31),
(77, 38),
(77, 39),
(77, 45),
(77, 51),
(78, 7),
(78, 9),
(78, 10),
(78, 20),
(78, 34),
(78, 46),
(78, 48),
(79, 20),
(79, 25),
(79, 40),
(79, 42),
(79, 45),
(79, 46),
(79, 48),
(79, 50),
(80, 4),
(80, 5),
(80, 8),
(80, 9),
(80, 18),
(80, 23),
(80, 35),
(80, 38),
(80, 43),
(80, 48),
(80, 51),
(80, 55),
(81, 1),
(81, 3),
(81, 8),
(81, 13),
(81, 22),
(81, 27),
(81, 34),
(81, 36),
(81, 42),
(81, 47),
(81, 48),
(82, 1),
(82, 2),
(82, 6),
(82, 7),
(82, 10),
(82, 11),
(82, 12),
(82, 14),
(82, 15),
(82, 16),
(82, 17),
(82, 21),
(82, 28),
(82, 40),
(82, 45),
(82, 47),
(83, 2),
(83, 6),
(83, 17),
(83, 20),
(83, 21),
(83, 24),
(83, 33),
(83, 36),
(83, 44),
(83, 45),
(83, 46),
(83, 53),
(84, 1),
(84, 6),
(84, 7),
(84, 9),
(84, 11),
(84, 12),
(84, 17),
(84, 19),
(84, 20),
(84, 23),
(84, 28),
(84, 40),
(84, 41),
(84, 49),
(85, 11),
(85, 13),
(85, 15),
(85, 16),
(85, 23),
(85, 33),
(85, 40),
(85, 42),
(85, 43),
(85, 50),
(86, 1),
(86, 9),
(86, 19),
(86, 29),
(86, 30),
(86, 32),
(86, 36),
(86, 40),
(86, 41),
(86, 42),
(86, 51),
(86, 54),
(87, 1),
(87, 10),
(87, 23),
(88, 2),
(88, 14),
(88, 15),
(88, 16),
(88, 18),
(88, 21),
(88, 23),
(88, 25),
(88, 32),
(88, 33),
(88, 35),
(88, 41),
(88, 42),
(88, 44),
(88, 45),
(88, 46),
(88, 52),
(88, 55),
(89, 6),
(89, 10),
(89, 11),
(89, 12),
(89, 19),
(89, 26),
(89, 31),
(89, 33),
(89, 36),
(89, 39),
(89, 40),
(89, 44),
(89, 46),
(89, 47),
(89, 48),
(89, 54),
(89, 55),
(90, 3),
(90, 5),
(90, 8),
(90, 14),
(90, 24),
(90, 25),
(90, 43),
(90, 44),
(90, 54),
(91, 1),
(91, 8),
(91, 9),
(91, 18),
(91, 23),
(91, 27),
(91, 29),
(91, 49),
(91, 55),
(92, 2),
(92, 5),
(92, 6),
(92, 10),
(92, 17),
(92, 19),
(92, 28),
(92, 29),
(92, 36),
(92, 39),
(92, 44),
(93, 9),
(93, 11),
(93, 12),
(93, 17),
(93, 19),
(93, 24),
(93, 26),
(93, 27),
(93, 31),
(93, 39),
(93, 41),
(93, 53),
(94, 5),
(94, 7),
(94, 10),
(94, 11),
(94, 15),
(94, 17),
(94, 18),
(94, 19),
(94, 22),
(94, 26),
(94, 28),
(94, 37),
(94, 41),
(94, 42),
(94, 45),
(94, 47),
(94, 49),
(95, 3),
(95, 4),
(95, 15),
(95, 16),
(95, 18),
(95, 20),
(95, 30),
(95, 34),
(95, 40),
(95, 44),
(95, 45),
(95, 46),
(95, 54),
(96, 1),
(96, 3),
(96, 7),
(96, 8),
(96, 21),
(96, 22),
(96, 34),
(96, 35),
(96, 41),
(96, 46),
(96, 50),
(97, 3),
(97, 18),
(97, 33),
(97, 38),
(97, 41),
(97, 47),
(97, 49),
(97, 50),
(98, 5),
(98, 13),
(98, 18),
(98, 20),
(98, 24),
(98, 25),
(98, 37),
(98, 40),
(98, 41),
(98, 47),
(98, 52),
(98, 53),
(99, 3),
(99, 6),
(99, 9),
(99, 10),
(99, 29),
(99, 36),
(99, 40),
(99, 45),
(99, 50),
(100, 11),
(100, 18),
(100, 26),
(100, 36),
(100, 44),
(101, 1),
(101, 9),
(101, 12),
(101, 15),
(101, 22),
(101, 25),
(101, 28),
(101, 35),
(101, 43),
(101, 55),
(102, 1),
(102, 2),
(102, 13),
(102, 16),
(102, 17),
(102, 19),
(102, 31),
(102, 36),
(102, 37),
(102, 42),
(102, 50),
(103, 2),
(103, 4),
(103, 5),
(103, 6),
(103, 13),
(103, 18),
(103, 20),
(103, 24),
(103, 26),
(103, 27),
(103, 31),
(103, 35),
(103, 36),
(103, 45),
(103, 52),
(103, 54),
(103, 55),
(104, 1),
(104, 10),
(104, 17),
(104, 26),
(104, 28),
(104, 32),
(104, 35),
(104, 36),
(104, 37),
(104, 38),
(104, 40),
(104, 45),
(104, 54),
(105, 1),
(105, 2),
(105, 4),
(105, 5),
(105, 6),
(105, 7),
(105, 12),
(105, 13),
(105, 15),
(105, 22),
(105, 25),
(105, 28),
(105, 54),
(106, 7),
(106, 10),
(106, 12),
(106, 26),
(106, 28),
(106, 31),
(106, 33),
(106, 34),
(106, 42),
(106, 43),
(106, 45),
(106, 50),
(107, 4),
(107, 5),
(107, 6),
(107, 8),
(107, 11),
(107, 12),
(107, 14),
(107, 17),
(107, 21),
(107, 23),
(107, 25),
(107, 40),
(108, 1),
(108, 16),
(108, 17),
(108, 25),
(108, 37),
(108, 53),
(108, 54),
(108, 55),
(109, 5),
(109, 9),
(109, 14),
(109, 19),
(109, 20),
(109, 33),
(109, 40),
(109, 41),
(109, 42),
(110, 4),
(110, 15),
(110, 30),
(110, 36),
(110, 37),
(110, 39),
(110, 45),
(110, 50),
(111, 2),
(111, 10),
(111, 12),
(111, 14),
(111, 22),
(111, 32),
(111, 35),
(111, 37),
(111, 38),
(111, 39),
(111, 49),
(112, 3),
(112, 4),
(112, 21),
(112, 23),
(112, 24),
(112, 25),
(112, 34),
(112, 39),
(112, 43),
(112, 45),
(112, 50),
(112, 52),
(112, 53),
(112, 55),
(113, 11),
(113, 14),
(113, 16),
(113, 24),
(113, 25),
(113, 29),
(113, 35),
(113, 38),
(113, 46),
(113, 49),
(113, 51),
(113, 55),
(114, 1),
(114, 8),
(114, 14),
(114, 18),
(114, 24),
(114, 47),
(115, 6),
(115, 8),
(115, 16),
(115, 20),
(115, 30),
(115, 31),
(115, 36),
(115, 45),
(115, 46),
(115, 48),
(115, 54),
(116, 2),
(116, 4),
(116, 12),
(116, 15),
(116, 18),
(116, 19),
(116, 33),
(116, 38),
(116, 48),
(116, 50),
(117, 1),
(117, 10),
(117, 35),
(117, 36),
(117, 39),
(118, 4),
(118, 9),
(118, 20),
(118, 25),
(118, 27),
(118, 44),
(118, 46),
(118, 48),
(119, 3),
(119, 5),
(119, 8),
(119, 16),
(119, 18),
(119, 26),
(119, 29),
(119, 31),
(119, 36),
(119, 37),
(119, 42),
(119, 44),
(119, 47),
(119, 53),
(120, 13),
(120, 19),
(120, 24),
(120, 28),
(120, 31),
(120, 35),
(120, 43),
(120, 44),
(120, 45),
(120, 46),
(120, 47),
(121, 3),
(121, 11),
(121, 19),
(121, 24),
(121, 36),
(121, 54),
(122, 10),
(122, 24),
(122, 25),
(122, 27),
(122, 33),
(122, 34),
(122, 42),
(122, 43),
(122, 49),
(122, 51),
(122, 53),
(123, 4),
(123, 5),
(123, 13),
(123, 16),
(123, 24),
(123, 27),
(123, 47),
(124, 1),
(124, 2),
(124, 8),
(124, 16),
(124, 25),
(124, 30),
(124, 32),
(124, 39),
(125, 4),
(125, 8),
(125, 21),
(125, 25),
(125, 28),
(125, 35),
(125, 40),
(125, 49),
(125, 55),
(126, 3),
(126, 4),
(126, 8),
(126, 23),
(126, 24),
(126, 42),
(126, 46),
(127, 1),
(127, 16),
(127, 25),
(127, 26),
(127, 29),
(127, 35),
(127, 36),
(127, 37),
(127, 43),
(127, 45),
(127, 50),
(128, 3),
(128, 9),
(128, 17),
(128, 22),
(128, 24),
(128, 34),
(128, 45),
(128, 46),
(128, 49),
(128, 52),
(129, 8),
(129, 16),
(129, 22),
(129, 24),
(129, 30),
(129, 31),
(129, 33),
(129, 37),
(129, 39),
(129, 40),
(129, 42),
(129, 50),
(129, 55),
(130, 7),
(130, 10),
(130, 17),
(130, 20),
(130, 22),
(130, 43),
(130, 49),
(131, 4),
(131, 5),
(131, 9),
(131, 21),
(131, 35),
(131, 36),
(131, 44),
(131, 49),
(131, 50),
(131, 54),
(132, 4),
(132, 8),
(132, 12),
(132, 14),
(132, 20),
(132, 32),
(132, 40),
(132, 43),
(133, 7),
(133, 12),
(133, 15),
(133, 16),
(133, 20),
(133, 24),
(133, 25),
(133, 29),
(133, 37),
(134, 3),
(134, 6),
(134, 13),
(134, 20),
(134, 31),
(134, 33),
(134, 35),
(134, 43),
(134, 53),
(134, 55),
(135, 4),
(135, 12),
(135, 17),
(135, 20),
(135, 30),
(135, 33),
(135, 34),
(135, 35),
(135, 49),
(135, 53),
(135, 54),
(136, 10),
(136, 21),
(136, 22),
(136, 24),
(136, 29),
(136, 31),
(136, 34),
(136, 50),
(137, 7),
(137, 9),
(137, 11),
(137, 13),
(137, 26),
(137, 27),
(137, 47),
(137, 53),
(138, 3),
(138, 5),
(138, 7),
(138, 13),
(138, 15),
(138, 20),
(138, 26),
(138, 30),
(138, 32),
(138, 51),
(138, 53),
(138, 54),
(139, 1),
(139, 3),
(139, 5),
(139, 6),
(139, 11),
(139, 13),
(139, 15),
(139, 21),
(139, 22),
(139, 30),
(139, 34),
(139, 39),
(139, 43),
(139, 53),
(140, 5),
(140, 6),
(140, 9),
(140, 11),
(140, 14),
(140, 15),
(140, 19),
(140, 21),
(140, 23),
(140, 28),
(140, 40),
(140, 42),
(140, 43),
(140, 51),
(141, 5),
(141, 10),
(141, 12),
(141, 14),
(141, 15),
(141, 19),
(141, 26),
(141, 27),
(141, 28),
(141, 29),
(141, 30),
(141, 32),
(141, 45),
(141, 46),
(141, 50),
(141, 53),
(142, 5),
(142, 7),
(142, 8),
(142, 22),
(142, 25),
(142, 38),
(142, 46),
(142, 54),
(142, 55),
(143, 1),
(143, 3),
(143, 9),
(143, 11),
(143, 15),
(143, 16),
(143, 17),
(143, 18),
(143, 41),
(143, 43),
(143, 45),
(143, 51),
(143, 52),
(144, 4),
(144, 9),
(144, 11),
(144, 18),
(144, 32),
(144, 34),
(144, 38),
(144, 43),
(144, 44),
(144, 49),
(144, 51),
(145, 5),
(145, 6),
(145, 8),
(145, 13),
(145, 22),
(145, 23),
(145, 25),
(145, 28),
(145, 30),
(145, 31),
(145, 37),
(145, 46),
(145, 50),
(145, 51),
(145, 53),
(146, 1),
(146, 12),
(146, 15),
(146, 16),
(146, 20),
(146, 25),
(146, 26),
(146, 36),
(146, 38),
(146, 39),
(146, 41),
(146, 44),
(146, 54),
(147, 3),
(147, 6),
(147, 12),
(147, 13),
(147, 24),
(147, 36),
(147, 39),
(147, 41),
(147, 47),
(147, 49),
(148, 4),
(148, 6),
(148, 10),
(148, 13),
(148, 19),
(148, 24),
(148, 25),
(148, 37),
(148, 40),
(148, 41),
(148, 43),
(148, 53),
(149, 1),
(149, 3),
(149, 9),
(149, 10),
(149, 14),
(149, 15),
(149, 18),
(149, 22),
(149, 23),
(149, 26),
(149, 33),
(149, 37),
(149, 44),
(150, 3),
(150, 12),
(150, 24),
(150, 33),
(150, 34),
(150, 36),
(150, 38),
(150, 39),
(150, 42),
(150, 44),
(150, 52),
(150, 54),
(150, 55),
(151, 5),
(151, 8),
(151, 15),
(151, 22),
(151, 29),
(151, 30),
(151, 36),
(152, 2),
(152, 12),
(152, 16),
(152, 21),
(152, 22),
(152, 26),
(152, 30),
(152, 31),
(152, 41),
(152, 53),
(153, 4),
(153, 11),
(153, 15),
(153, 17),
(153, 22),
(153, 29),
(153, 32),
(153, 44),
(153, 49),
(153, 51),
(154, 2),
(154, 3),
(154, 6),
(154, 10),
(154, 13),
(154, 19),
(154, 20),
(154, 26),
(154, 32),
(154, 34),
(154, 37),
(154, 39),
(154, 44),
(154, 50),
(154, 53),
(155, 8),
(155, 13),
(155, 15),
(155, 18),
(155, 24),
(155, 26),
(155, 35),
(155, 40),
(155, 41),
(155, 42),
(155, 44),
(155, 45),
(155, 46),
(156, 3),
(156, 5),
(156, 19),
(156, 23),
(156, 25),
(156, 32),
(156, 43),
(156, 46),
(156, 53),
(156, 55),
(157, 5),
(157, 12),
(157, 17),
(157, 21),
(157, 28),
(157, 34),
(157, 39),
(157, 43),
(158, 3),
(158, 4),
(158, 7),
(158, 8),
(158, 12),
(158, 17),
(158, 20),
(158, 24),
(158, 25),
(158, 30),
(158, 45),
(158, 48),
(159, 5),
(159, 9),
(159, 16),
(159, 22),
(159, 34),
(159, 40),
(159, 43),
(159, 55),
(160, 1),
(160, 14),
(160, 15),
(160, 16),
(160, 23),
(160, 34),
(160, 37),
(160, 39),
(160, 41),
(160, 47),
(160, 52),
(160, 53),
(161, 6),
(161, 8),
(161, 9),
(161, 19),
(161, 23),
(161, 30),
(161, 33),
(161, 35),
(161, 36),
(161, 37),
(161, 38),
(161, 40),
(161, 43),
(162, 9),
(162, 26),
(162, 29),
(162, 30),
(162, 37),
(162, 49),
(162, 51),
(163, 1),
(163, 5),
(163, 14),
(163, 19),
(163, 39),
(163, 46),
(163, 49),
(163, 53),
(163, 55),
(164, 4),
(164, 6),
(164, 12),
(164, 18),
(164, 23),
(164, 29),
(164, 30),
(164, 36),
(164, 39),
(164, 43),
(164, 47),
(165, 7),
(165, 11),
(165, 12),
(165, 15),
(165, 18),
(165, 22),
(165, 23),
(165, 27),
(165, 28),
(165, 33),
(165, 36),
(165, 41),
(165, 43),
(165, 44),
(165, 48),
(166, 1),
(166, 3),
(166, 6),
(166, 8),
(166, 10),
(166, 11),
(166, 14),
(166, 18),
(166, 32),
(166, 34),
(166, 39),
(166, 40),
(166, 52),
(167, 7),
(167, 20),
(167, 23),
(167, 24),
(167, 27),
(167, 39),
(167, 43),
(167, 45),
(167, 49),
(167, 51),
(167, 53),
(168, 5),
(168, 6),
(168, 9),
(168, 22),
(168, 23),
(168, 25),
(168, 26),
(168, 28),
(168, 34),
(168, 38),
(168, 39),
(168, 42),
(168, 44),
(168, 47),
(168, 48),
(169, 2),
(169, 3),
(169, 9),
(169, 20),
(169, 26),
(169, 32),
(169, 35),
(169, 47),
(169, 48),
(169, 50),
(170, 2),
(170, 5),
(170, 8),
(170, 10),
(170, 18),
(170, 22),
(170, 24),
(170, 33),
(170, 37),
(170, 41),
(170, 42),
(170, 44),
(170, 47),
(170, 51),
(170, 55),
(171, 4),
(171, 5),
(171, 8),
(171, 15),
(171, 18),
(171, 25),
(171, 29),
(171, 30),
(171, 40),
(171, 42),
(171, 44),
(171, 48),
(171, 51),
(172, 2),
(172, 3),
(172, 6),
(172, 8),
(172, 9),
(172, 10),
(172, 12),
(172, 16),
(172, 19),
(172, 21),
(172, 23),
(172, 34),
(172, 35),
(172, 38),
(172, 45),
(172, 49),
(172, 53),
(173, 6),
(173, 8),
(173, 12),
(173, 33),
(173, 39),
(173, 44),
(173, 49),
(174, 3),
(174, 22),
(174, 25),
(174, 38),
(174, 46),
(174, 49),
(174, 53),
(175, 8),
(175, 9),
(175, 12),
(175, 14),
(175, 16),
(175, 23),
(175, 39),
(175, 42),
(175, 43),
(175, 48),
(175, 52),
(176, 5),
(176, 7),
(176, 8),
(176, 14),
(176, 16),
(176, 22),
(176, 24),
(176, 25),
(176, 31),
(176, 42),
(176, 43),
(176, 49),
(176, 50),
(177, 3),
(177, 4),
(177, 7),
(177, 11),
(177, 21),
(177, 24),
(177, 35),
(177, 37),
(177, 43),
(177, 44),
(177, 52),
(177, 54),
(178, 3),
(178, 4),
(178, 5),
(178, 7),
(178, 10),
(178, 12),
(178, 15),
(178, 23),
(178, 25),
(178, 30),
(178, 31),
(178, 35),
(178, 39),
(178, 47),
(179, 4),
(179, 9),
(179, 12),
(179, 17),
(179, 18),
(179, 23),
(179, 24),
(179, 38),
(179, 39),
(179, 44),
(179, 48),
(179, 49),
(179, 55),
(180, 1),
(180, 4),
(180, 7),
(180, 9),
(180, 11),
(180, 13),
(180, 15),
(180, 17),
(180, 26),
(180, 27),
(180, 44),
(180, 48),
(180, 51),
(181, 5),
(181, 20),
(181, 25),
(181, 26),
(181, 36),
(181, 37),
(181, 40),
(181, 44),
(181, 45),
(181, 46),
(182, 2),
(182, 15),
(182, 21),
(182, 28),
(182, 29),
(182, 30),
(182, 38),
(182, 46),
(182, 51),
(183, 6),
(183, 11),
(183, 16),
(183, 24),
(183, 27),
(183, 28),
(183, 30),
(183, 37),
(183, 40),
(183, 46),
(183, 50),
(183, 52),
(184, 13),
(184, 19),
(184, 26),
(184, 31),
(184, 33),
(184, 41),
(184, 43),
(184, 45),
(184, 48),
(184, 54),
(185, 3),
(185, 14),
(185, 24),
(185, 29),
(185, 39),
(185, 43),
(186, 1),
(186, 2),
(186, 5),
(186, 8),
(186, 11),
(186, 14),
(186, 16),
(186, 19),
(186, 24),
(186, 26),
(186, 29),
(186, 32),
(186, 33),
(186, 35),
(186, 37),
(186, 43),
(186, 44),
(186, 46),
(187, 4),
(187, 8),
(187, 9),
(187, 20),
(187, 23),
(187, 25),
(187, 46),
(187, 47),
(187, 51),
(187, 55),
(188, 5),
(188, 10),
(188, 14),
(188, 17),
(188, 18),
(188, 20),
(188, 21),
(188, 24),
(188, 43),
(188, 46),
(188, 50),
(189, 1),
(189, 3),
(189, 4),
(189, 9),
(189, 10),
(189, 14),
(189, 17),
(189, 23),
(189, 26),
(189, 29),
(189, 30),
(189, 31),
(189, 33),
(189, 35),
(189, 36),
(189, 44),
(189, 49),
(189, 52),
(190, 7),
(190, 16),
(190, 19),
(190, 28),
(190, 30),
(190, 35),
(190, 39),
(190, 42),
(190, 44),
(190, 45),
(190, 46),
(190, 51),
(191, 17),
(191, 18),
(191, 21),
(191, 22),
(191, 23),
(191, 25),
(191, 26),
(191, 30),
(191, 34),
(191, 36),
(191, 48),
(191, 49),
(192, 20),
(192, 21),
(192, 27),
(192, 40),
(192, 46),
(192, 52),
(193, 4),
(193, 10),
(193, 16),
(193, 26),
(193, 31),
(193, 34),
(193, 36),
(193, 55),
(194, 6),
(194, 7),
(194, 14),
(194, 23),
(194, 27),
(194, 35),
(194, 36),
(194, 38),
(194, 46),
(194, 49),
(194, 52),
(195, 1),
(195, 4),
(195, 5),
(195, 10),
(195, 11),
(195, 16),
(195, 18),
(195, 27),
(195, 28),
(195, 39),
(195, 40),
(195, 51),
(195, 52),
(195, 53),
(196, 3),
(196, 6),
(196, 8),
(196, 13),
(196, 27),
(196, 37),
(196, 54),
(197, 2),
(197, 3),
(197, 20),
(197, 24),
(197, 34),
(197, 35),
(197, 54),
(198, 6),
(198, 8),
(198, 12),
(198, 18),
(198, 21),
(198, 26),
(198, 31),
(198, 36),
(198, 43),
(198, 44),
(198, 50),
(198, 51),
(199, 1),
(199, 2),
(199, 7),
(199, 12),
(199, 14),
(199, 16),
(199, 28),
(199, 33),
(199, 44),
(199, 46),
(199, 49),
(199, 51),
(200, 4),
(200, 7),
(200, 12),
(200, 14),
(200, 21),
(200, 34),
(200, 39),
(200, 42),
(200, 44),
(200, 45),
(200, 54),
(201, 6),
(201, 14),
(201, 15),
(201, 19),
(201, 25),
(201, 31),
(201, 36),
(201, 38),
(201, 48),
(201, 53),
(202, 6),
(202, 18),
(202, 27),
(202, 31),
(202, 37),
(202, 41),
(202, 46),
(202, 48),
(203, 4),
(203, 5),
(203, 10),
(203, 16),
(203, 20),
(203, 21),
(203, 38),
(203, 40),
(203, 50),
(204, 7),
(204, 9),
(204, 15),
(204, 17),
(204, 19),
(204, 22),
(204, 28),
(204, 30),
(204, 31),
(204, 38),
(205, 2),
(205, 4),
(205, 13),
(205, 17),
(205, 24),
(205, 37),
(205, 40),
(205, 43),
(205, 50),
(205, 55),
(206, 1),
(206, 16),
(206, 22),
(206, 31),
(206, 38),
(206, 42),
(206, 46),
(206, 53),
(206, 55),
(207, 3),
(207, 9),
(207, 13),
(207, 22),
(207, 33),
(207, 42),
(207, 43),
(207, 45),
(207, 55),
(208, 7),
(208, 8),
(208, 9),
(208, 21),
(208, 31),
(208, 45),
(208, 51),
(209, 10),
(209, 12),
(209, 19),
(209, 20),
(209, 26),
(209, 35),
(210, 1),
(210, 3),
(210, 9),
(210, 12),
(210, 20),
(210, 21),
(210, 26),
(210, 40),
(210, 44),
(210, 45),
(211, 6),
(211, 7),
(211, 9),
(211, 13),
(211, 29),
(211, 32),
(211, 38),
(211, 51),
(211, 53),
(211, 54),
(212, 5),
(212, 16),
(212, 23),
(212, 29),
(212, 33),
(212, 35),
(212, 37),
(212, 39),
(212, 43),
(212, 44),
(212, 46),
(212, 49),
(212, 50),
(213, 9),
(213, 17),
(213, 18),
(213, 24),
(213, 25),
(213, 27),
(213, 31),
(213, 33),
(213, 42),
(214, 8),
(214, 13),
(214, 16),
(214, 39),
(214, 40),
(214, 43),
(214, 46),
(214, 49),
(214, 52),
(214, 53),
(215, 5),
(215, 7),
(215, 9),
(215, 19),
(215, 22),
(215, 23),
(215, 26),
(215, 33),
(215, 37),
(215, 46),
(215, 49),
(215, 51),
(216, 1),
(216, 7),
(216, 20),
(216, 22),
(216, 23),
(216, 30),
(216, 31),
(216, 34),
(216, 38),
(216, 49),
(216, 55),
(217, 1),
(217, 4),
(217, 13),
(217, 21),
(217, 33),
(217, 34),
(217, 44),
(217, 54),
(218, 4),
(218, 5),
(218, 12),
(218, 14),
(218, 20),
(218, 21),
(218, 24),
(218, 27),
(218, 29),
(218, 41),
(218, 42),
(219, 1),
(219, 3),
(219, 20),
(219, 22),
(219, 23),
(219, 26),
(219, 27),
(219, 28),
(219, 40),
(219, 43),
(219, 45),
(219, 50),
(220, 1),
(220, 4),
(220, 5),
(220, 8),
(220, 10),
(220, 13),
(220, 14),
(220, 25),
(220, 32),
(220, 39),
(220, 40),
(220, 48),
(220, 52),
(220, 54),
(220, 55),
(221, 4),
(221, 7),
(221, 8),
(221, 9),
(221, 10),
(221, 12),
(221, 13),
(221, 17),
(221, 19),
(221, 26),
(221, 37),
(221, 39),
(221, 40),
(221, 48),
(221, 49),
(221, 55),
(222, 4),
(222, 14),
(222, 17),
(222, 21),
(222, 22),
(222, 24),
(222, 26),
(222, 28),
(222, 32),
(222, 36),
(222, 37),
(222, 39),
(222, 42),
(222, 43),
(222, 44),
(222, 46),
(223, 6),
(223, 13),
(223, 18),
(223, 35),
(223, 40),
(223, 48),
(224, 12),
(224, 13),
(224, 19),
(224, 24),
(224, 25),
(224, 31),
(224, 33),
(225, 3),
(225, 4),
(225, 13),
(225, 22),
(225, 24),
(225, 30),
(225, 40),
(225, 48),
(226, 1),
(226, 3),
(226, 9),
(226, 11),
(226, 23),
(226, 35),
(226, 39),
(226, 41),
(226, 47),
(227, 1),
(227, 10),
(227, 17),
(227, 37),
(227, 47),
(227, 49),
(227, 55),
(228, 1),
(228, 4),
(228, 6),
(228, 12),
(228, 18),
(228, 28),
(228, 32),
(228, 34),
(228, 39),
(228, 41),
(228, 51),
(229, 1),
(229, 7),
(229, 10),
(229, 16),
(229, 21),
(229, 24),
(229, 30),
(229, 33),
(229, 34),
(229, 40),
(229, 44),
(229, 47),
(230, 6),
(230, 11),
(230, 14),
(230, 16),
(230, 30),
(230, 31),
(230, 41),
(230, 45),
(231, 3),
(231, 4),
(231, 12),
(231, 14),
(231, 18),
(231, 26),
(231, 41),
(232, 2),
(232, 3),
(232, 14),
(232, 26),
(232, 28),
(232, 31),
(232, 35),
(232, 40),
(232, 42),
(232, 46),
(232, 48),
(233, 9),
(233, 13),
(233, 20),
(233, 21),
(233, 23),
(233, 26),
(233, 28),
(233, 30),
(233, 35),
(233, 37),
(233, 45),
(233, 48),
(233, 52),
(233, 55),
(234, 4),
(234, 22),
(234, 24),
(234, 42),
(234, 43),
(234, 47),
(235, 5),
(235, 9),
(235, 10),
(235, 13),
(235, 27),
(235, 32),
(235, 35),
(235, 41),
(235, 48),
(235, 49),
(236, 2),
(236, 5),
(236, 6),
(236, 17),
(236, 19),
(236, 23),
(236, 28),
(236, 39),
(236, 41),
(236, 43),
(236, 49),
(236, 53),
(236, 55),
(237, 3),
(237, 5),
(237, 8),
(237, 15),
(237, 22),
(237, 25),
(237, 27),
(237, 29),
(237, 35),
(237, 46),
(237, 47),
(237, 53),
(238, 6),
(238, 14),
(238, 15),
(238, 16),
(238, 29),
(238, 47),
(238, 50),
(238, 52),
(239, 1),
(239, 21),
(239, 22),
(239, 26),
(239, 28),
(239, 29),
(239, 39),
(239, 40),
(239, 44),
(239, 46),
(239, 49),
(240, 5),
(240, 9),
(240, 10),
(240, 11),
(240, 12),
(240, 15),
(240, 24),
(240, 32),
(240, 36),
(240, 40),
(240, 43),
(240, 46),
(240, 47),
(240, 55),
(241, 1),
(241, 5),
(241, 7),
(241, 8),
(241, 18),
(241, 20),
(241, 24),
(241, 28),
(241, 32),
(241, 38),
(241, 43),
(241, 45),
(241, 46),
(241, 49),
(241, 50),
(242, 9),
(242, 17),
(242, 18),
(242, 20),
(242, 21),
(242, 23),
(242, 28),
(242, 30),
(242, 31),
(242, 35),
(242, 37),
(242, 43),
(242, 47),
(243, 9),
(243, 15),
(243, 16),
(243, 17),
(243, 18),
(243, 24),
(243, 25),
(243, 28),
(243, 38),
(243, 44),
(243, 49),
(243, 51),
(243, 52),
(244, 9),
(244, 13),
(244, 21),
(244, 23),
(244, 29),
(244, 41),
(244, 49),
(244, 51),
(245, 1),
(245, 8),
(245, 14),
(245, 16),
(245, 23),
(245, 26),
(245, 30),
(245, 36),
(245, 38),
(245, 39),
(245, 44),
(245, 47),
(245, 52),
(246, 2),
(246, 8),
(246, 16),
(246, 19),
(246, 22),
(246, 34),
(246, 35),
(246, 36),
(246, 48),
(246, 53),
(247, 4),
(247, 14),
(247, 16),
(247, 19),
(247, 43),
(247, 54),
(248, 8),
(248, 10),
(248, 13),
(248, 18),
(248, 22),
(248, 29),
(248, 33),
(248, 37),
(248, 38),
(248, 39),
(248, 47),
(248, 51),
(249, 4),
(249, 6),
(249, 20),
(249, 21),
(249, 25),
(249, 36),
(249, 43),
(249, 46),
(249, 47),
(249, 49),
(249, 51),
(249, 53),
(250, 3),
(250, 8),
(250, 16),
(250, 26),
(250, 30),
(250, 31),
(250, 37),
(250, 38),
(250, 39),
(250, 41),
(250, 42),
(250, 51),
(250, 52),
(250, 53),
(251, 3),
(251, 5),
(251, 7),
(251, 13),
(251, 16),
(251, 20),
(251, 22),
(251, 24),
(251, 26),
(251, 48),
(251, 52),
(251, 55),
(252, 9),
(252, 15),
(252, 17),
(252, 20),
(252, 22),
(252, 24),
(252, 26),
(252, 27),
(252, 36),
(252, 39),
(252, 40),
(252, 45),
(252, 46),
(253, 2),
(253, 7),
(253, 10),
(253, 27),
(253, 30),
(253, 31),
(253, 34),
(253, 35),
(253, 38),
(253, 40),
(253, 41),
(253, 53),
(254, 3),
(254, 4),
(254, 5),
(254, 7),
(254, 9),
(254, 14),
(254, 17),
(254, 23),
(254, 24),
(254, 35),
(254, 42),
(254, 44),
(254, 45),
(254, 48),
(254, 52),
(254, 53),
(255, 6),
(255, 20),
(255, 26),
(255, 28),
(255, 30),
(255, 38),
(255, 41),
(255, 43),
(255, 54),
(256, 2),
(256, 4),
(256, 5),
(256, 6),
(256, 11),
(256, 21),
(256, 25),
(256, 27),
(256, 28),
(256, 29),
(256, 31),
(256, 43),
(256, 46),
(256, 53),
(257, 16),
(257, 21),
(257, 23),
(257, 24),
(257, 36),
(257, 38),
(258, 2),
(258, 10),
(258, 11),
(258, 13),
(258, 22),
(258, 27),
(258, 32),
(258, 36),
(258, 39),
(258, 43),
(258, 47),
(258, 49),
(258, 53),
(259, 1),
(259, 2),
(259, 12),
(259, 14),
(259, 30),
(259, 33),
(259, 34),
(259, 37),
(259, 41),
(259, 47),
(259, 55),
(260, 2),
(260, 3),
(260, 5),
(260, 19),
(260, 21),
(260, 22),
(260, 24),
(260, 34),
(260, 36),
(260, 49),
(261, 4),
(261, 9),
(261, 10),
(261, 13),
(261, 15),
(261, 16),
(261, 17),
(261, 26),
(261, 28),
(261, 38),
(261, 45),
(261, 51),
(262, 10),
(262, 12),
(262, 13),
(262, 17),
(262, 23),
(262, 26),
(262, 28),
(262, 34),
(262, 50),
(262, 52),
(263, 5),
(263, 7),
(263, 12),
(263, 17),
(263, 20),
(263, 22),
(263, 25),
(263, 29),
(263, 30),
(263, 31),
(263, 38),
(263, 39),
(263, 47),
(263, 51),
(263, 53),
(264, 12),
(264, 15),
(264, 16),
(264, 18),
(264, 22),
(264, 27),
(264, 28),
(264, 35),
(264, 42),
(264, 50),
(264, 52),
(265, 3),
(265, 5),
(265, 6),
(265, 12),
(265, 14),
(265, 16),
(265, 22),
(265, 26),
(265, 38),
(265, 39),
(265, 40),
(265, 41),
(265, 42),
(265, 43),
(265, 46),
(266, 1),
(266, 4),
(266, 11),
(266, 34),
(266, 54),
(267, 1),
(267, 4),
(267, 7),
(267, 19),
(267, 39),
(267, 48),
(267, 50),
(267, 54),
(267, 55),
(268, 2),
(268, 5),
(268, 11),
(268, 22),
(268, 24),
(268, 30),
(268, 33),
(268, 34),
(268, 37),
(268, 38),
(268, 41),
(268, 50),
(268, 51),
(268, 53),
(268, 54),
(269, 12),
(269, 14),
(269, 24),
(269, 31),
(269, 38),
(269, 41),
(269, 50),
(269, 51),
(269, 54),
(270, 1),
(270, 9),
(270, 15),
(270, 16),
(270, 20),
(270, 35),
(270, 39),
(270, 43),
(270, 44),
(270, 47),
(270, 52),
(271, 2),
(271, 6),
(271, 9),
(271, 11),
(271, 20),
(271, 21),
(271, 25),
(271, 26),
(271, 27),
(271, 29),
(271, 36),
(271, 43),
(271, 48),
(271, 49),
(272, 3),
(272, 12),
(272, 28),
(272, 30),
(272, 34),
(272, 37),
(272, 41),
(272, 44),
(272, 47),
(272, 48),
(272, 55),
(273, 1),
(273, 3),
(273, 5),
(273, 10),
(273, 12),
(273, 13),
(273, 15),
(273, 22),
(273, 23),
(273, 25),
(273, 28),
(273, 29),
(273, 41),
(273, 42),
(273, 43),
(273, 44),
(273, 49),
(273, 52),
(274, 5),
(274, 7),
(274, 12),
(274, 14),
(274, 16),
(274, 18),
(274, 21),
(274, 37),
(274, 38),
(274, 39),
(274, 40),
(274, 44),
(274, 51),
(275, 1),
(275, 13),
(275, 24),
(275, 25),
(275, 26),
(275, 44),
(275, 47),
(275, 49),
(275, 52),
(276, 4),
(276, 5),
(276, 11),
(276, 20),
(276, 24),
(276, 29),
(276, 53),
(277, 1),
(277, 14),
(277, 24),
(277, 32),
(277, 45),
(277, 47),
(277, 54),
(278, 3),
(278, 5),
(278, 12),
(278, 26),
(278, 30),
(278, 33),
(278, 47),
(278, 48),
(278, 50),
(278, 55),
(279, 13),
(279, 15),
(279, 17),
(279, 33),
(279, 37),
(279, 43),
(279, 47),
(279, 50),
(280, 7),
(280, 9),
(280, 13),
(280, 14),
(280, 22),
(280, 27),
(280, 49),
(280, 50),
(280, 55),
(281, 9),
(281, 14),
(281, 15),
(281, 19),
(281, 25),
(281, 27),
(281, 38),
(281, 41),
(281, 47),
(281, 48),
(282, 3),
(282, 4),
(282, 11),
(282, 19),
(282, 22),
(282, 26),
(282, 28),
(282, 29),
(282, 32),
(282, 37),
(282, 43),
(282, 44),
(282, 46),
(282, 47),
(282, 51),
(282, 55),
(283, 1),
(283, 3),
(283, 9),
(283, 10),
(283, 18),
(283, 27),
(283, 31),
(283, 37),
(283, 39),
(283, 41),
(283, 43),
(283, 44),
(283, 47),
(283, 53),
(283, 54),
(284, 5),
(284, 7),
(284, 9),
(284, 10),
(284, 15),
(284, 21),
(284, 23),
(284, 33),
(284, 42),
(284, 43),
(284, 47),
(284, 52),
(285, 3),
(285, 6),
(285, 8),
(285, 9),
(285, 10),
(285, 12),
(285, 21),
(285, 27),
(285, 33),
(285, 48),
(285, 49),
(285, 53),
(286, 4),
(286, 5),
(286, 6),
(286, 11),
(286, 12),
(286, 13),
(286, 18),
(286, 21),
(286, 31),
(286, 41),
(286, 43),
(286, 46),
(286, 51),
(286, 53),
(287, 1),
(287, 6),
(287, 10),
(287, 12),
(287, 16),
(287, 17),
(287, 18),
(287, 26),
(287, 28),
(287, 33),
(287, 36),
(287, 40),
(287, 44),
(287, 48),
(287, 49),
(287, 50),
(287, 52),
(287, 53),
(288, 1),
(288, 4),
(288, 9),
(288, 10),
(288, 11),
(288, 17),
(288, 30),
(288, 43),
(288, 45),
(288, 48),
(288, 50),
(289, 1),
(289, 8),
(289, 9),
(289, 20),
(289, 34),
(289, 35),
(289, 38),
(289, 42),
(289, 48),
(290, 1),
(290, 2),
(290, 4),
(290, 7),
(290, 10),
(290, 13),
(290, 14),
(290, 16),
(290, 31),
(290, 36),
(290, 40),
(290, 42),
(290, 44),
(290, 47),
(291, 12),
(291, 13),
(291, 15),
(291, 16),
(291, 23),
(291, 28),
(291, 38),
(291, 53),
(291, 55),
(292, 2),
(292, 3),
(292, 7),
(292, 20),
(292, 35),
(292, 36),
(292, 37),
(292, 48),
(292, 50),
(293, 11),
(293, 12),
(293, 18),
(293, 21),
(293, 22),
(293, 23),
(293, 28),
(293, 29),
(293, 32),
(293, 33),
(293, 37),
(293, 40),
(293, 50),
(293, 52),
(293, 55),
(294, 5),
(294, 11),
(294, 15),
(294, 19),
(294, 24),
(294, 25),
(294, 28),
(294, 31),
(294, 35),
(294, 43),
(294, 46),
(294, 47),
(294, 49),
(294, 54),
(295, 2),
(295, 3),
(295, 11),
(295, 16),
(295, 32),
(295, 40),
(295, 50),
(296, 4),
(296, 5),
(296, 23),
(296, 24),
(296, 34),
(296, 35),
(296, 37),
(296, 38),
(296, 39),
(296, 47),
(296, 53),
(297, 1),
(297, 2),
(297, 5),
(297, 11),
(297, 18),
(297, 23),
(297, 25),
(297, 31),
(297, 37),
(297, 41),
(297, 47),
(297, 53),
(297, 55),
(298, 1),
(298, 2),
(298, 6),
(298, 9),
(298, 12),
(298, 20),
(298, 28),
(298, 30),
(298, 36),
(298, 38),
(298, 40),
(298, 45),
(298, 49),
(298, 53),
(299, 1),
(299, 2),
(299, 4),
(299, 8),
(299, 11),
(299, 19),
(299, 24),
(299, 26),
(299, 33),
(299, 35),
(299, 36),
(299, 37),
(299, 39),
(299, 42),
(299, 43),
(299, 46),
(299, 48),
(299, 54),
(300, 11),
(300, 13),
(300, 16),
(300, 18),
(300, 26),
(300, 27),
(300, 32),
(300, 33),
(300, 37),
(300, 38),
(300, 44),
(300, 49),
(300, 54),
(301, 4),
(301, 6),
(301, 9),
(301, 18),
(301, 21),
(301, 26),
(301, 28),
(301, 37),
(301, 45),
(301, 50),
(302, 3),
(302, 5),
(302, 11),
(302, 12),
(302, 15),
(302, 19),
(302, 21),
(302, 25),
(302, 27),
(302, 28),
(302, 32),
(302, 35),
(302, 37),
(302, 39),
(302, 40),
(302, 52),
(302, 53),
(303, 5),
(303, 13),
(303, 14),
(303, 16),
(303, 18),
(303, 27),
(303, 31),
(303, 32),
(303, 37),
(303, 41),
(303, 43),
(303, 50),
(303, 55),
(304, 4),
(304, 8),
(304, 9),
(304, 16),
(304, 18),
(304, 22),
(304, 25),
(304, 26),
(304, 30),
(304, 36),
(304, 39),
(304, 44),
(304, 49),
(304, 53),
(305, 5),
(305, 6),
(305, 10),
(305, 22),
(305, 27),
(305, 30),
(305, 34),
(305, 38),
(305, 41),
(305, 43),
(305, 53),
(305, 54),
(305, 55),
(306, 12),
(306, 28),
(306, 33),
(306, 38),
(306, 39),
(306, 42),
(306, 46),
(306, 54),
(307, 9),
(307, 15),
(307, 20),
(307, 21),
(307, 23),
(307, 30),
(307, 33),
(307, 35),
(307, 36),
(307, 38),
(307, 41),
(307, 47),
(307, 50),
(307, 53),
(308, 12),
(308, 21),
(308, 22),
(308, 24),
(308, 29),
(308, 31),
(308, 33),
(308, 38),
(308, 41),
(308, 52),
(308, 55),
(309, 2),
(309, 7),
(309, 15),
(309, 17),
(309, 18),
(309, 20),
(309, 22),
(309, 23),
(309, 27),
(309, 29),
(309, 37),
(309, 40),
(309, 44),
(309, 46),
(309, 49),
(310, 4),
(310, 5),
(310, 8),
(310, 9),
(310, 21),
(310, 28),
(310, 32),
(310, 41),
(310, 44),
(310, 46),
(310, 49),
(310, 51),
(311, 3),
(311, 5),
(311, 12),
(311, 13),
(311, 15),
(311, 19),
(311, 21),
(311, 23),
(311, 29),
(311, 38),
(311, 49),
(311, 50),
(312, 12),
(312, 22),
(312, 24),
(312, 32),
(312, 44),
(312, 53),
(313, 17),
(313, 19),
(313, 20),
(313, 26),
(313, 28),
(313, 33),
(313, 38),
(313, 48),
(313, 49),
(313, 52),
(314, 1),
(314, 5),
(314, 14),
(314, 20),
(314, 29),
(314, 33),
(314, 36),
(314, 49),
(314, 51),
(314, 54),
(314, 55),
(315, 1),
(315, 5),
(315, 8),
(315, 10),
(315, 15),
(315, 20),
(315, 26),
(315, 31),
(315, 33),
(315, 42),
(315, 43),
(316, 1),
(316, 6),
(316, 7),
(316, 12),
(316, 22),
(316, 23),
(316, 24),
(316, 32),
(316, 35),
(316, 38),
(316, 47),
(316, 52),
(317, 14),
(317, 18),
(317, 19),
(317, 25),
(317, 27),
(317, 30),
(317, 32),
(317, 35),
(317, 40),
(317, 42),
(317, 48),
(318, 2),
(318, 5),
(318, 22),
(318, 32),
(318, 37),
(318, 53),
(318, 55),
(319, 7),
(319, 8),
(319, 11),
(319, 13),
(319, 15),
(319, 29),
(319, 34),
(319, 37),
(319, 44),
(319, 53),
(319, 54),
(320, 3),
(320, 9),
(320, 12),
(320, 32),
(320, 35),
(320, 38),
(320, 41),
(320, 43),
(320, 46),
(320, 48),
(320, 52),
(321, 5),
(321, 6),
(321, 10),
(321, 12),
(321, 20),
(321, 35),
(321, 38),
(321, 40),
(321, 52),
(322, 2),
(322, 7),
(322, 8),
(322, 9),
(322, 18),
(322, 22),
(322, 36),
(322, 50),
(322, 52),
(323, 1),
(323, 6),
(323, 9),
(323, 22),
(323, 24),
(323, 28),
(323, 29),
(323, 30),
(323, 31),
(323, 34),
(323, 35),
(323, 40),
(323, 43),
(323, 46),
(323, 51),
(323, 53),
(323, 54),
(324, 4),
(324, 9),
(324, 12),
(324, 16),
(324, 21),
(324, 22),
(324, 23),
(324, 37),
(324, 45),
(324, 47),
(324, 51),
(325, 1),
(325, 3),
(325, 5),
(325, 6),
(325, 8),
(325, 12),
(325, 13),
(325, 14),
(325, 15),
(325, 20),
(325, 27),
(325, 34),
(325, 35),
(325, 47),
(325, 52),
(326, 3),
(326, 9),
(326, 11),
(326, 25),
(326, 34),
(326, 35),
(326, 37),
(326, 40),
(326, 41),
(326, 42),
(326, 43),
(326, 53),
(326, 54),
(327, 2),
(327, 8),
(327, 9),
(327, 10),
(327, 17),
(327, 18),
(327, 23),
(327, 31),
(327, 36),
(327, 40),
(327, 43),
(327, 50),
(327, 55),
(328, 3),
(328, 5),
(328, 6),
(328, 9),
(328, 17),
(328, 18),
(328, 19),
(328, 20),
(328, 28),
(328, 43),
(328, 45),
(328, 50),
(328, 55),
(329, 10),
(329, 19),
(329, 20),
(329, 21),
(329, 23),
(329, 24),
(329, 26),
(329, 32),
(329, 50),
(330, 6),
(330, 12),
(330, 16),
(330, 21),
(330, 32),
(330, 35),
(330, 38),
(330, 39),
(330, 41),
(330, 44),
(330, 45),
(330, 49),
(330, 51),
(330, 55),
(331, 2),
(331, 18),
(331, 20),
(331, 25),
(331, 27),
(331, 37),
(331, 38),
(331, 40),
(331, 42),
(331, 45),
(331, 46),
(332, 7),
(332, 12),
(332, 29),
(332, 39),
(332, 44),
(332, 54),
(333, 5),
(333, 12),
(333, 19),
(333, 22),
(333, 26),
(333, 27),
(333, 29),
(333, 33),
(333, 34),
(333, 35),
(333, 42),
(333, 45),
(334, 3),
(334, 5),
(334, 7),
(334, 8),
(334, 11),
(334, 17),
(334, 26),
(334, 34),
(334, 38),
(334, 42),
(334, 43),
(334, 44),
(334, 49),
(334, 51),
(335, 8),
(335, 10),
(335, 14),
(335, 18),
(335, 20),
(335, 27),
(335, 33),
(335, 39),
(335, 43),
(335, 51),
(335, 52),
(336, 3),
(336, 7),
(336, 15),
(336, 21),
(336, 27),
(336, 29),
(336, 31),
(336, 38),
(336, 39),
(336, 41),
(336, 45),
(336, 54),
(337, 5),
(337, 6),
(337, 14),
(337, 15),
(337, 17),
(337, 29),
(337, 32),
(337, 35),
(337, 36),
(337, 42),
(337, 50),
(338, 1),
(338, 6),
(338, 17),
(338, 20),
(338, 24),
(338, 27),
(338, 33),
(338, 34),
(338, 39),
(338, 41),
(338, 44),
(338, 54),
(338, 55),
(339, 15),
(339, 23),
(339, 28),
(339, 32),
(339, 37),
(339, 39),
(339, 50),
(339, 55),
(340, 6),
(340, 13),
(340, 17),
(340, 22),
(340, 26),
(340, 31),
(340, 33),
(340, 38),
(340, 47),
(341, 2),
(341, 5),
(341, 7),
(341, 11),
(341, 14),
(341, 24),
(341, 37),
(341, 40),
(341, 44),
(341, 45),
(342, 9),
(342, 10),
(342, 15),
(342, 21),
(342, 24),
(342, 38),
(342, 40),
(343, 8),
(343, 10),
(343, 14),
(343, 16),
(343, 17),
(343, 21),
(343, 29),
(343, 37),
(343, 38),
(343, 42),
(344, 9),
(344, 12),
(344, 22),
(344, 23),
(344, 25),
(344, 28),
(344, 30),
(344, 33),
(344, 36),
(344, 38),
(344, 40),
(344, 47),
(345, 7),
(345, 18),
(345, 22),
(345, 23),
(345, 24),
(345, 29),
(345, 48),
(345, 49),
(346, 1),
(346, 2),
(346, 9),
(346, 11),
(346, 14),
(346, 17),
(346, 24),
(346, 26),
(346, 27),
(346, 35),
(346, 37),
(346, 39),
(346, 43),
(346, 46),
(346, 55),
(347, 4),
(347, 11),
(347, 25),
(347, 31),
(347, 33),
(347, 40),
(347, 52),
(347, 53),
(348, 2),
(348, 8),
(348, 12),
(348, 17),
(348, 21),
(348, 28),
(348, 31),
(348, 32),
(348, 36),
(348, 38),
(348, 42),
(349, 6),
(349, 12),
(349, 19),
(349, 23),
(349, 36),
(349, 46),
(349, 47),
(349, 51),
(349, 53),
(349, 55),
(350, 1),
(350, 2),
(350, 12),
(350, 15),
(350, 20),
(350, 22),
(350, 26),
(350, 41),
(350, 42),
(350, 45),
(351, 4),
(351, 5),
(351, 7),
(351, 8),
(351, 10),
(351, 11),
(351, 28),
(351, 30),
(351, 31),
(351, 32),
(351, 34),
(351, 43),
(351, 44),
(351, 49),
(351, 50),
(351, 52),
(352, 1),
(352, 2),
(352, 3),
(352, 6),
(352, 14),
(352, 16),
(352, 18),
(352, 24),
(352, 28),
(352, 33),
(352, 38),
(352, 41),
(352, 44),
(352, 52),
(352, 53),
(353, 3),
(353, 4),
(353, 7),
(353, 14),
(353, 15),
(353, 21),
(353, 24),
(353, 40),
(353, 43),
(353, 44),
(353, 50),
(354, 15),
(354, 18),
(354, 20),
(354, 23),
(354, 33),
(354, 41),
(354, 42),
(354, 43),
(354, 47),
(354, 50),
(355, 5),
(355, 19),
(355, 24),
(355, 27),
(355, 31),
(355, 34),
(355, 40),
(355, 48),
(355, 55),
(356, 6),
(356, 7),
(356, 10),
(356, 11),
(356, 21),
(356, 25),
(356, 37),
(356, 40),
(356, 42),
(356, 46),
(357, 3),
(357, 5),
(357, 6),
(357, 15),
(357, 25),
(357, 26),
(357, 30),
(357, 36),
(357, 37),
(357, 42),
(357, 48),
(357, 49),
(357, 50),
(357, 53),
(358, 6),
(358, 8),
(358, 12),
(358, 22),
(358, 23),
(358, 26),
(358, 28),
(358, 35),
(358, 36),
(358, 39),
(358, 40),
(358, 50),
(358, 55),
(359, 8),
(359, 16),
(359, 19),
(359, 25),
(359, 33),
(359, 53),
(360, 2),
(360, 13),
(360, 16),
(360, 18),
(360, 20),
(360, 23),
(360, 28),
(360, 31),
(360, 33),
(360, 35),
(360, 45),
(360, 50),
(360, 54),
(361, 2),
(361, 17),
(361, 20),
(361, 24),
(361, 30),
(361, 33),
(361, 42),
(361, 46),
(362, 8),
(362, 12),
(362, 14),
(362, 17),
(362, 18),
(362, 21),
(362, 22),
(362, 31),
(362, 34),
(362, 37),
(362, 44),
(363, 2),
(363, 3),
(363, 6),
(363, 7),
(363, 8),
(363, 12),
(363, 14),
(363, 34),
(363, 43),
(363, 47),
(363, 52),
(363, 53),
(364, 5),
(364, 6),
(364, 10),
(364, 23),
(364, 27),
(364, 34),
(364, 35),
(364, 37),
(364, 45),
(364, 47),
(364, 51),
(364, 52),
(365, 4),
(365, 6),
(365, 10),
(365, 20),
(365, 30),
(365, 37),
(365, 44),
(365, 49),
(365, 51),
(365, 52),
(366, 4),
(366, 16),
(366, 23),
(366, 27),
(366, 33),
(366, 35),
(366, 41),
(366, 42),
(366, 49),
(366, 55),
(367, 4),
(367, 5),
(367, 6),
(367, 10),
(367, 12),
(367, 14),
(367, 24),
(367, 30),
(367, 32),
(367, 34),
(367, 41),
(367, 47),
(367, 50),
(367, 52),
(368, 2),
(368, 16),
(368, 17),
(368, 24),
(368, 25),
(368, 32),
(368, 38),
(368, 44),
(368, 46),
(369, 1),
(369, 2),
(369, 12),
(369, 15),
(369, 27),
(369, 31),
(369, 33),
(369, 44),
(369, 46),
(369, 48),
(369, 49),
(369, 51),
(370, 4),
(370, 11),
(370, 13),
(370, 16),
(370, 17),
(370, 20),
(370, 22),
(370, 28),
(370, 38),
(370, 46),
(370, 49),
(370, 50),
(370, 51),
(370, 53),
(371, 2),
(371, 9),
(371, 20),
(371, 22),
(371, 28),
(371, 29),
(371, 32),
(371, 38),
(371, 40),
(371, 46),
(371, 50),
(371, 51),
(371, 52),
(371, 54),
(371, 55),
(372, 2),
(372, 3),
(372, 8),
(372, 14),
(372, 25),
(372, 26),
(372, 34),
(372, 40),
(372, 42),
(372, 54),
(372, 55),
(373, 7),
(373, 8),
(373, 10),
(373, 14),
(373, 18),
(373, 29),
(373, 34),
(373, 36),
(373, 41),
(373, 51),
(374, 3),
(374, 10),
(374, 14),
(374, 15),
(374, 31),
(374, 32),
(374, 37),
(374, 44),
(374, 45),
(374, 47),
(374, 51),
(375, 11),
(375, 12),
(375, 45),
(375, 47),
(375, 53),
(375, 54),
(376, 13),
(376, 16),
(376, 18),
(376, 21),
(376, 32),
(376, 33),
(376, 35),
(376, 40),
(376, 41),
(376, 44),
(376, 49),
(377, 5),
(377, 8),
(377, 15),
(377, 25),
(377, 27),
(377, 45),
(377, 47),
(377, 48),
(377, 51),
(377, 52),
(378, 4),
(378, 5),
(378, 9),
(378, 10),
(378, 13),
(378, 14),
(378, 17),
(378, 20),
(378, 21),
(378, 23),
(378, 28),
(378, 29),
(378, 32),
(378, 35),
(378, 46),
(378, 48),
(378, 50),
(379, 7),
(379, 8),
(379, 19),
(379, 20),
(379, 21),
(379, 35),
(379, 43),
(379, 45),
(379, 47),
(380, 2),
(380, 8),
(380, 9),
(380, 18),
(380, 22),
(380, 27),
(380, 32),
(380, 34),
(380, 42),
(380, 52),
(380, 55),
(381, 6),
(381, 13),
(381, 15),
(381, 17),
(381, 24),
(381, 28),
(381, 29),
(381, 31),
(381, 32),
(381, 39),
(382, 1),
(382, 4),
(382, 6),
(382, 7),
(382, 13),
(382, 27),
(382, 36),
(382, 42),
(382, 46),
(382, 51),
(382, 54),
(383, 1),
(383, 21),
(383, 24),
(383, 26),
(383, 40),
(384, 1),
(384, 2),
(384, 11),
(384, 13),
(384, 16),
(384, 32),
(384, 37),
(384, 52),
(385, 4),
(385, 6),
(385, 8),
(385, 21),
(385, 26),
(385, 27),
(385, 28),
(385, 32),
(385, 36),
(385, 55),
(386, 1),
(386, 8),
(386, 13),
(386, 14),
(386, 22),
(386, 26),
(386, 27),
(386, 30),
(386, 31),
(386, 33),
(386, 38),
(386, 41),
(386, 51),
(387, 2),
(387, 3),
(387, 4),
(387, 6),
(387, 8),
(387, 19),
(387, 20),
(387, 23),
(387, 24),
(387, 27),
(387, 28),
(387, 36),
(387, 40),
(387, 41),
(387, 55),
(388, 25),
(388, 28),
(388, 32),
(388, 44),
(388, 51),
(388, 55),
(389, 5),
(389, 13),
(389, 17),
(389, 22),
(389, 25),
(389, 27),
(389, 46),
(389, 47),
(389, 50),
(390, 1),
(390, 3),
(390, 4),
(390, 6),
(390, 18),
(390, 32),
(390, 35),
(390, 36),
(390, 38),
(390, 44),
(390, 48),
(391, 2),
(391, 3),
(391, 4),
(391, 9),
(391, 10),
(391, 14),
(391, 20),
(391, 24),
(391, 36),
(391, 37),
(391, 41),
(391, 48),
(392, 9),
(392, 12),
(392, 16),
(392, 27),
(392, 30),
(392, 31),
(392, 34),
(392, 48),
(392, 49),
(392, 52),
(393, 4),
(393, 11),
(393, 17),
(393, 41),
(393, 50),
(394, 23),
(394, 28),
(394, 40),
(394, 44),
(394, 46),
(394, 47),
(394, 52),
(395, 1),
(395, 6),
(395, 9),
(395, 13),
(395, 15),
(395, 17),
(395, 18),
(395, 38),
(395, 39),
(395, 40),
(395, 41),
(395, 42),
(395, 43),
(395, 44),
(395, 52),
(395, 54),
(396, 8),
(396, 9),
(396, 21),
(396, 23),
(396, 24),
(396, 29),
(396, 32),
(396, 35),
(396, 43),
(396, 51),
(396, 54),
(397, 6),
(397, 7),
(397, 18),
(397, 25),
(397, 26),
(397, 38),
(397, 50),
(398, 5),
(398, 6),
(398, 8),
(398, 24),
(398, 25),
(398, 35),
(398, 36),
(398, 40),
(398, 43),
(398, 46),
(398, 47),
(398, 54),
(399, 4),
(399, 6),
(399, 13),
(399, 19),
(399, 22),
(399, 25),
(399, 30),
(399, 33),
(399, 34),
(399, 42),
(399, 45),
(399, 55),
(400, 6),
(400, 15),
(400, 17),
(400, 19),
(400, 27),
(400, 39),
(400, 40),
(400, 42),
(400, 44),
(400, 50),
(401, 5),
(401, 16),
(401, 25),
(401, 34),
(401, 37),
(401, 45),
(402, 3),
(402, 4),
(402, 5),
(402, 6),
(402, 8),
(402, 10),
(402, 12),
(402, 17),
(402, 24),
(402, 27),
(402, 28),
(402, 35),
(402, 38),
(402, 45),
(402, 52),
(403, 1),
(403, 3),
(403, 6),
(403, 9),
(403, 11),
(403, 13),
(403, 14),
(403, 18),
(403, 25),
(403, 33),
(403, 37),
(403, 38),
(403, 42),
(403, 49),
(403, 52),
(403, 53),
(404, 7),
(404, 9),
(404, 10),
(404, 15),
(404, 21),
(404, 23),
(404, 25),
(404, 31),
(404, 34),
(404, 36),
(404, 40),
(404, 41),
(404, 42),
(404, 48),
(404, 53),
(405, 10),
(405, 20),
(405, 23),
(405, 35),
(405, 36),
(405, 37),
(405, 38),
(405, 46),
(405, 48),
(405, 53),
(405, 54),
(406, 1),
(406, 9),
(406, 11),
(406, 13),
(406, 14),
(406, 17),
(406, 19),
(406, 29),
(406, 30),
(406, 34),
(406, 41),
(406, 43),
(406, 48),
(406, 54),
(407, 3),
(407, 7),
(407, 10),
(407, 11),
(407, 17),
(407, 18),
(407, 20),
(407, 27),
(407, 32),
(407, 39),
(407, 46),
(407, 50),
(408, 1),
(408, 5),
(408, 10),
(408, 12),
(408, 13),
(408, 20),
(408, 22),
(408, 29),
(408, 31),
(408, 36),
(408, 40),
(408, 47),
(409, 10),
(409, 12),
(409, 13),
(409, 25),
(409, 29),
(409, 37),
(409, 42),
(409, 45),
(409, 54),
(410, 7),
(410, 10),
(410, 11),
(410, 16),
(410, 17),
(410, 22),
(410, 23),
(410, 24),
(410, 25),
(410, 27),
(410, 28),
(410, 30),
(410, 40),
(410, 50),
(411, 9),
(411, 13),
(411, 15),
(411, 19),
(411, 20),
(411, 30),
(411, 32),
(411, 45),
(411, 54),
(412, 2),
(412, 8),
(412, 11),
(412, 15),
(412, 18),
(412, 19),
(412, 23),
(412, 28),
(412, 34),
(412, 36),
(412, 49),
(413, 1),
(413, 5),
(413, 6),
(413, 12),
(413, 21),
(413, 39),
(413, 42),
(413, 47),
(413, 49),
(413, 50),
(413, 55),
(414, 6),
(414, 9),
(414, 14),
(414, 16),
(414, 19),
(414, 23),
(414, 24),
(414, 30),
(414, 36),
(414, 52),
(414, 53),
(414, 55),
(415, 17),
(415, 21),
(415, 28),
(415, 33),
(415, 43),
(415, 45),
(415, 46),
(415, 47),
(415, 51),
(415, 54),
(416, 3),
(416, 9),
(416, 10),
(416, 16),
(416, 27),
(416, 35),
(416, 39),
(416, 43),
(417, 3),
(417, 4),
(417, 5),
(417, 13),
(417, 17),
(417, 33),
(417, 45),
(418, 3),
(418, 7),
(418, 10),
(418, 11),
(418, 19),
(418, 22),
(418, 24),
(418, 32),
(418, 48),
(418, 52),
(418, 54),
(418, 55),
(419, 10),
(419, 28),
(419, 31),
(419, 35),
(419, 36),
(419, 37),
(419, 39),
(419, 42),
(419, 44),
(419, 49),
(419, 54),
(420, 7),
(420, 9),
(420, 12),
(420, 13),
(420, 16),
(420, 22),
(420, 29),
(420, 32),
(420, 37),
(420, 41),
(420, 43),
(420, 44),
(420, 49),
(420, 51),
(420, 52),
(420, 53),
(421, 5),
(421, 6),
(421, 10),
(421, 13),
(421, 14),
(421, 20),
(421, 21),
(421, 25),
(421, 28),
(421, 29),
(421, 31),
(421, 33),
(421, 36),
(421, 38),
(421, 42),
(421, 44),
(421, 52),
(421, 54),
(422, 4),
(422, 7),
(422, 8),
(422, 12),
(422, 15),
(422, 17),
(422, 22),
(422, 29),
(422, 31),
(422, 35),
(422, 36),
(422, 37),
(422, 42),
(422, 45),
(422, 53),
(423, 16),
(423, 28),
(423, 30),
(423, 32),
(423, 34),
(423, 35),
(423, 44),
(423, 50),
(423, 53),
(424, 3),
(424, 6),
(424, 9),
(424, 10),
(424, 12),
(424, 22),
(424, 23),
(424, 24),
(424, 26),
(424, 28),
(424, 30),
(424, 31),
(424, 36),
(424, 37),
(424, 38),
(425, 4),
(425, 9),
(425, 20),
(425, 29),
(425, 35),
(425, 36),
(425, 39),
(425, 43),
(425, 50),
(426, 2),
(426, 6),
(426, 10),
(426, 12),
(426, 20),
(426, 22),
(426, 26),
(426, 27),
(426, 36),
(426, 39),
(427, 3),
(427, 4),
(427, 5),
(427, 7),
(427, 9),
(427, 30),
(427, 41),
(427, 43),
(427, 51),
(427, 52),
(427, 53),
(428, 1),
(428, 7),
(428, 10),
(428, 21),
(428, 26),
(428, 31),
(428, 34),
(428, 35),
(428, 43),
(428, 48),
(428, 49),
(428, 53),
(429, 13),
(429, 16),
(429, 27),
(429, 31),
(429, 39),
(430, 2),
(430, 18),
(430, 21),
(430, 32),
(430, 34),
(430, 38),
(430, 45),
(430, 51),
(431, 5),
(431, 22),
(431, 25),
(431, 27),
(431, 37),
(431, 53),
(431, 54),
(431, 55),
(432, 5),
(432, 14),
(432, 18),
(432, 19),
(432, 23),
(432, 24),
(432, 25),
(432, 27),
(432, 28),
(432, 34),
(432, 37),
(432, 41),
(432, 44),
(432, 46),
(432, 47),
(432, 48),
(433, 13),
(433, 14),
(433, 19),
(433, 24),
(433, 28),
(433, 36),
(433, 55),
(434, 1),
(434, 2),
(434, 4),
(434, 6),
(434, 8),
(434, 10),
(434, 15),
(434, 19),
(434, 23),
(434, 40),
(434, 46),
(434, 53),
(434, 54),
(434, 55),
(435, 5),
(435, 6),
(435, 8),
(435, 9),
(435, 13),
(435, 15),
(435, 18),
(435, 20),
(435, 29),
(435, 32),
(435, 39),
(435, 40),
(435, 42),
(435, 44),
(435, 48),
(435, 49),
(435, 50),
(435, 52),
(435, 53),
(435, 55),
(436, 9),
(436, 17),
(436, 20),
(436, 23),
(436, 24),
(436, 29),
(436, 30),
(436, 41),
(436, 42),
(436, 47),
(437, 3),
(437, 6),
(437, 7),
(437, 8),
(437, 16),
(437, 17),
(437, 20),
(437, 21),
(437, 34),
(438, 7),
(438, 9),
(438, 21),
(438, 25),
(438, 28),
(438, 29),
(438, 30),
(438, 33),
(438, 37),
(439, 1),
(439, 7),
(439, 9),
(439, 10),
(439, 15),
(439, 19),
(439, 24),
(439, 29),
(439, 34),
(439, 40),
(439, 41),
(439, 48),
(439, 50),
(439, 54),
(440, 8),
(440, 14),
(440, 15),
(440, 23),
(440, 25),
(440, 40),
(440, 51),
(440, 52),
(441, 6),
(441, 18),
(441, 24),
(441, 34),
(441, 37),
(441, 39),
(441, 40),
(441, 45),
(441, 46),
(441, 52),
(441, 54),
(442, 17),
(442, 28),
(442, 30),
(442, 34),
(442, 43),
(442, 46),
(442, 53),
(442, 54),
(443, 27),
(443, 31),
(443, 32),
(443, 34),
(443, 41),
(443, 45),
(443, 46),
(443, 47),
(443, 52),
(443, 54),
(444, 5),
(444, 30),
(444, 36),
(444, 38),
(444, 43),
(444, 48),
(444, 51),
(444, 55),
(445, 8),
(445, 14),
(445, 21),
(445, 31),
(445, 41),
(445, 47),
(445, 50),
(445, 53),
(446, 1),
(446, 13),
(446, 15),
(446, 16),
(446, 18),
(446, 43),
(446, 51),
(447, 10),
(447, 34),
(447, 37),
(447, 38),
(447, 45),
(447, 47),
(447, 48),
(447, 50),
(448, 12),
(448, 21),
(448, 23),
(448, 25),
(448, 31),
(448, 32),
(448, 34),
(448, 38),
(448, 44),
(448, 52),
(448, 53),
(449, 1),
(449, 4),
(449, 5),
(449, 13),
(449, 19),
(449, 21),
(449, 26),
(449, 29),
(449, 37),
(449, 39),
(449, 41),
(449, 54),
(449, 55),
(450, 3),
(450, 4),
(450, 7),
(450, 15),
(450, 18),
(450, 22),
(450, 26),
(450, 29),
(450, 36),
(450, 37),
(450, 39),
(450, 41),
(450, 45),
(450, 48),
(450, 51),
(450, 54),
(451, 11),
(451, 21),
(451, 23),
(451, 27),
(451, 28),
(451, 31),
(451, 37),
(451, 38),
(451, 43),
(451, 54),
(452, 3),
(452, 5),
(452, 17),
(452, 25),
(452, 30),
(452, 41),
(452, 45),
(453, 1),
(453, 7),
(453, 13),
(453, 14),
(453, 15);

-- --------------------------------------------------------

--
-- Cấu trúc bảng cho bảng `team`
--

CREATE TABLE `team` (
  `team_id` int(11) NOT NULL,
  `team_name` varchar(255) DEFAULT NULL,
  `meeting_frequency` varchar(50) DEFAULT NULL
) ENGINE=InnoDB DEFAULT CHARSET=utf8mb4 COLLATE=utf8mb4_general_ci;

--
-- Đang đổ dữ liệu cho bảng `team`
--

INSERT INTO `team` (`team_id`, `team_name`, `meeting_frequency`) VALUES
(1, 'Hydra Network', 'Monthly'),
(2, 'Labyrinth Group', 'Monthly'),
(3, 'Charlie Team', 'Annually'),
(4, 'Cipher Squad', 'Monthly'),
(5, 'Cerberus Unit', 'Monthly'),
(6, 'Chimera Syndicate', 'Annually'),
(7, 'Phantom Unit', 'Monthly'),
(8, 'Foxtrot Team', 'Monthly'),
(9, 'Vanguard Squad', 'Annually'),
(10, 'Obsidian Cell', 'Monthly'),
(11, 'Avalon Initiative', 'Monthly'),
(12, 'Prometheus Team', 'Annually'),
(13, 'Spectre Cell', 'Monthly'),
(14, 'Golf Team', 'Monthly'),
(15, 'Omega Division', 'Annually'),
(16, 'India Team', 'Monthly'),
(17, 'Enigma Operatives', 'Monthly'),
(18, 'Vortex Ensemble', 'Annually'),
(19, 'Zenith Crew', 'Monthly'),
(20, 'Horizon Crew', 'Monthly'),
(21, 'Phoenix Contingent', 'Annually'),
(22, 'Specter Division', 'Monthly'),
(23, 'Polaris Division', 'Monthly'),
(24, 'Juliet Team', 'Annually'),
(25, 'Delta Team', 'Monthly'),
(26, 'Sentinel Unit', 'Monthly'),
(27, 'Team Biafra', 'Annually'),
(28, 'Echo Team', 'Monthly'),
(29, 'Titan Taskforce', 'Monthly'),
(30, 'Eclipse Ensemble', 'Annually'),
(31, 'Shadow Operatives', 'Monthly'),
(32, 'Nebula Operatives', 'Monthly'),
(33, 'Alpha Team', 'Annually'),
(34, 'Bravo Team', 'Monthly'),
(35, 'Aegis Collective', 'Monthly'),
(36, 'November Team', 'Annually'),
(37, 'Tempest Squad', 'Monthly'),
(38, 'Nexus Group', 'Monthly'),
(39, 'Erebus Contingent', 'Annually'),
(40, 'Helios Taskforce', 'Monthly'),
(41, 'Mike Team', 'Monthly'),
(42, 'Lima Team', 'Annually'),
(43, 'Mirage Detachment', 'Monthly'),
(44, 'Oscar Team', 'Monthly');

-- --------------------------------------------------------

--
-- Cấu trúc bảng cho bảng `teamrel`
--

CREATE TABLE `teamrel` (
  `agent_id` int(11) NOT NULL,
  `team_id` int(11) NOT NULL
) ENGINE=InnoDB DEFAULT CHARSET=utf8mb4 COLLATE=utf8mb4_general_ci;

--
-- Đang đổ dữ liệu cho bảng `teamrel`
--

INSERT INTO `teamrel` (`agent_id`, `team_id`) VALUES
(1, 7),
(1, 8),
(1, 10),
(1, 13),
(1, 14),
(1, 17),
(1, 22),
(1, 32),
(1, 44),
(2, 11),
(2, 13),
(2, 26),
(2, 28),
(2, 37),
(3, 13),
(3, 20),
(4, 5),
(4, 11),
(4, 16),
(4, 19),
(4, 31),
(4, 33),
(4, 41),
(4, 44),
(5, 3),
(5, 5),
(5, 8),
(5, 13),
(5, 16),
(5, 19),
(5, 37),
(5, 38),
(5, 41),
(6, 1),
(6, 5),
(6, 7),
(6, 8),
(6, 16),
(6, 21),
(6, 24),
(6, 27),
(6, 38),
(7, 14),
(7, 17),
(7, 24),
(7, 27),
(7, 32),
(7, 39),
(7, 41),
(8, 1),
(8, 8),
(8, 16),
(8, 17),
(8, 20),
(8, 26),
(8, 27),
(8, 39),
(9, 4),
(9, 17),
(9, 23),
(9, 24),
(9, 38),
(9, 44),
(10, 25),
(10, 33),
(11, 2),
(11, 32),
(12, 3),
(12, 7),
(12, 12),
(12, 23),
(13, 4),
(13, 12),
(13, 20),
(13, 26),
(13, 36),
(14, 7),
(14, 20),
(14, 31),
(15, 26),
(15, 27),
(15, 39),
(15, 44),
(16, 1),
(16, 9),
(16, 12),
(16, 14),
(16, 26),
(16, 36),
(17, 5),
(17, 11),
(17, 19),
(17, 42),
(18, 21),
(18, 29),
(19, 1),
(19, 35),
(19, 41),
(20, 24),
(20, 30),
(20, 34),
(20, 36),
(20, 44),
(21, 34),
(21, 40),
(22, 8),
(22, 12),
(22, 27),
(22, 43),
(23, 6),
(23, 12),
(23, 19),
(23, 28),
(23, 40),
(24, 10),
(24, 13),
(24, 14),
(24, 20),
(24, 25),
(24, 32),
(24, 39),
(24, 43),
(25, 17),
(25, 32),
(25, 38),
(26, 3),
(26, 18),
(27, 1),
(27, 8),
(27, 20),
(28, 18),
(28, 27),
(28, 33),
(29, 13),
(29, 16),
(29, 27),
(29, 35),
(30, 13),
(30, 25),
(30, 28),
(30, 32),
(30, 35),
(30, 42),
(30, 44),
(31, 8),
(31, 17),
(31, 24),
(31, 43),
(32, 12),
(32, 17),
(32, 26),
(32, 27),
(32, 40),
(33, 7),
(33, 11),
(33, 21),
(33, 24),
(33, 43),
(34, 15),
(34, 26),
(34, 43),
(35, 20),
(35, 36),
(35, 37),
(35, 39),
(36, 10),
(36, 29),
(36, 38),
(37, 6),
(37, 29),
(37, 38),
(37, 42),
(38, 1),
(38, 14),
(38, 29),
(38, 31),
(38, 39),
(39, 2),
(39, 5),
(39, 10),
(39, 19),
(40, 3),
(40, 4),
(40, 8),
(40, 29),
(40, 42),
(41, 18),
(41, 37),
(41, 38),
(41, 39),
(41, 42),
(41, 43),
(42, 5),
(42, 18),
(42, 24),
(42, 29),
(42, 36),
(43, 5),
(43, 11),
(43, 21),
(43, 25),
(43, 31),
(43, 40),
(43, 42),
(44, 4),
(44, 15),
(44, 20),
(44, 21),
(44, 22),
(44, 28),
(44, 29),
(44, 39),
(44, 44),
(45, 2),
(45, 5),
(45, 17),
(45, 25),
(46, 25),
(46, 30),
(46, 39),
(47, 1),
(47, 8),
(47, 19),
(47, 27),
(47, 38),
(47, 43),
(48, 1),
(48, 11),
(48, 21),
(48, 31),
(48, 41),
(49, 13),
(49, 20),
(49, 25),
(49, 35),
(49, 44),
(50, 4),
(50, 7),
(50, 11),
(50, 15),
(50, 42),
(50, 44),
(51, 27),
(51, 34),
(52, 4),
(52, 20),
(52, 21),
(52, 31),
(52, 34),
(52, 37),
(52, 41),
(53, 39),
(53, 41),
(54, 2),
(54, 23),
(55, 8),
(55, 19),
(55, 24),
(55, 44),
(56, 12),
(56, 22),
(56, 23),
(56, 26),
(56, 40),
(57, 3),
(57, 5),
(57, 18),
(57, 31),
(57, 44),
(58, 2),
(58, 9),
(58, 33),
(58, 35),
(58, 43),
(59, 11),
(59, 26),
(59, 30),
(60, 26),
(60, 30),
(60, 31),
(60, 40),
(61, 19),
(61, 22),
(61, 23),
(61, 32),
(61, 36),
(62, 11),
(62, 13),
(62, 25),
(62, 27),
(62, 32),
(62, 42),
(62, 44),
(63, 3),
(63, 6),
(63, 15),
(63, 30),
(63, 31),
(63, 41),
(64, 1),
(64, 4),
(64, 17),
(64, 26),
(64, 28),
(64, 34),
(65, 13),
(65, 20),
(65, 44),
(66, 6),
(66, 14),
(66, 22),
(66, 29),
(66, 33),
(66, 35),
(67, 1),
(67, 21),
(67, 29),
(67, 30),
(67, 31),
(67, 39),
(68, 28),
(68, 36),
(68, 44),
(69, 8),
(69, 12),
(69, 16),
(69, 25),
(69, 35),
(69, 38),
(69, 43),
(70, 2),
(70, 5),
(70, 6),
(70, 35),
(70, 44),
(71, 9),
(71, 23),
(71, 25),
(72, 14),
(72, 19),
(73, 5),
(73, 15),
(73, 30),
(73, 39),
(73, 41),
(74, 12),
(74, 33),
(75, 1),
(75, 2),
(75, 12),
(75, 14),
(75, 15),
(75, 43),
(76, 18),
(76, 22),
(76, 23),
(76, 25),
(76, 36),
(76, 40),
(76, 41),
(77, 4),
(77, 6),
(77, 11),
(77, 25),
(77, 33),
(77, 37),
(77, 39),
(77, 40),
(78, 9),
(78, 35),
(79, 7),
(79, 8),
(79, 35),
(79, 38),
(80, 18),
(80, 20),
(80, 25),
(81, 13),
(81, 23),
(81, 32),
(82, 16),
(82, 30),
(82, 35),
(83, 9),
(83, 12),
(83, 15),
(83, 19),
(84, 2),
(84, 5),
(84, 7),
(84, 14),
(84, 25),
(84, 30),
(85, 5),
(85, 11),
(85, 25),
(85, 39),
(85, 41),
(86, 7),
(86, 32),
(86, 36),
(87, 22),
(87, 32),
(87, 36),
(87, 39),
(87, 42),
(87, 43),
(88, 36),
(88, 44),
(89, 3),
(89, 11),
(89, 19),
(89, 25),
(89, 29),
(89, 31),
(90, 10),
(90, 13),
(90, 17),
(90, 29),
(90, 40),
(90, 42),
(91, 5),
(91, 34),
(91, 37),
(91, 38),
(92, 9),
(92, 11),
(92, 19),
(92, 24),
(92, 28),
(92, 36),
(93, 12),
(93, 21),
(93, 29),
(93, 38),
(93, 41),
(93, 43),
(94, 3),
(94, 38),
(95, 30),
(95, 37),
(96, 2),
(96, 5),
(96, 12),
(96, 19),
(96, 22),
(97, 14),
(97, 18),
(97, 37),
(97, 40),
(98, 3),
(98, 14),
(98, 37),
(98, 43),
(99, 3),
(99, 5),
(99, 7),
(99, 9),
(99, 26),
(100, 10),
(100, 20),
(100, 27),
(100, 44),
(101, 4),
(101, 7),
(101, 21),
(101, 33),
(102, 6),
(102, 13),
(102, 14),
(103, 3),
(103, 17),
(103, 23),
(103, 25),
(103, 33),
(104, 4),
(104, 18),
(104, 20),
(105, 14),
(105, 15),
(105, 22),
(106, 12),
(106, 16),
(106, 21),
(106, 38),
(106, 40),
(107, 19),
(107, 22),
(107, 40),
(107, 42),
(108, 13),
(108, 38),
(108, 39),
(109, 10),
(109, 14),
(109, 19),
(109, 31),
(110, 3),
(110, 6),
(110, 14),
(110, 16),
(110, 28),
(110, 29),
(110, 30),
(110, 34),
(111, 5),
(111, 6),
(111, 18),
(111, 21),
(111, 29),
(111, 37),
(112, 17),
(113, 22),
(113, 25),
(114, 13),
(114, 17),
(114, 40),
(114, 44),
(115, 3),
(115, 16),
(116, 19),
(116, 27),
(116, 29),
(116, 33),
(116, 35),
(117, 10),
(117, 34),
(117, 43),
(118, 37),
(119, 2),
(119, 23),
(119, 29),
(119, 44),
(120, 8),
(120, 14),
(120, 16),
(120, 30),
(120, 36),
(121, 3),
(121, 37),
(122, 21),
(122, 23),
(122, 36),
(122, 38),
(122, 44),
(123, 2),
(123, 12),
(123, 17),
(123, 19),
(123, 39),
(124, 4),
(124, 13),
(124, 22),
(124, 29),
(124, 31),
(124, 42),
(125, 7),
(125, 20),
(125, 27),
(126, 15),
(126, 18),
(126, 26),
(126, 28),
(126, 29),
(126, 42),
(127, 2),
(127, 9),
(127, 18),
(127, 24),
(127, 37),
(128, 7),
(128, 13),
(128, 17),
(128, 30),
(128, 38),
(128, 42),
(129, 9),
(129, 11),
(129, 14),
(129, 29),
(129, 44),
(130, 7),
(130, 17),
(130, 30),
(130, 33),
(130, 39),
(131, 2),
(131, 10),
(131, 21),
(132, 2),
(132, 12),
(132, 24),
(132, 35),
(132, 38),
(133, 7),
(133, 17),
(133, 21),
(134, 3),
(134, 8),
(134, 16),
(134, 27),
(134, 28),
(134, 42),
(135, 3),
(135, 13),
(135, 15),
(135, 29),
(136, 28),
(136, 33),
(136, 36),
(136, 41),
(137, 28),
(137, 33),
(138, 1),
(138, 13),
(138, 16),
(138, 31),
(138, 34),
(138, 38),
(138, 40),
(138, 44),
(139, 9),
(139, 11),
(139, 16),
(140, 4),
(140, 40),
(141, 18),
(141, 35),
(141, 38),
(142, 11),
(142, 23),
(142, 28),
(142, 36),
(142, 39),
(143, 4),
(143, 10),
(143, 20),
(143, 23),
(143, 32),
(144, 5),
(144, 11),
(144, 16),
(144, 26),
(144, 28),
(144, 29),
(144, 31),
(144, 38),
(145, 7),
(145, 16),
(145, 19),
(145, 26),
(146, 7),
(146, 14),
(146, 17),
(146, 19),
(146, 30),
(147, 4),
(147, 31),
(148, 2),
(148, 5),
(148, 9),
(148, 15),
(148, 24),
(149, 10),
(149, 11),
(150, 11),
(150, 12),
(150, 31),
(150, 33),
(150, 41),
(150, 43),
(151, 1),
(151, 9),
(151, 17),
(151, 19),
(151, 22),
(151, 40),
(152, 2),
(152, 13),
(152, 31),
(152, 37),
(153, 3),
(153, 8),
(153, 18),
(153, 30),
(154, 5),
(154, 13),
(154, 24),
(154, 25),
(155, 1),
(155, 2),
(155, 4),
(155, 10),
(155, 23),
(155, 44),
(156, 2),
(156, 24),
(156, 25),
(156, 33),
(157, 1),
(157, 8),
(157, 15),
(157, 21),
(158, 11),
(158, 16),
(158, 25),
(158, 29),
(158, 37),
(159, 17),
(159, 32),
(159, 40),
(160, 10),
(160, 23),
(160, 34),
(160, 39),
(161, 10),
(161, 12),
(161, 15),
(161, 27),
(162, 25),
(162, 26),
(162, 31),
(162, 38),
(164, 7),
(164, 10),
(164, 16),
(164, 25),
(164, 38),
(165, 21),
(165, 39),
(166, 21),
(166, 32),
(167, 7),
(167, 12),
(167, 14),
(167, 27),
(167, 31),
(168, 15),
(168, 34),
(168, 37),
(169, 10),
(169, 30),
(169, 31),
(169, 43),
(170, 16),
(170, 19),
(170, 23),
(170, 37),
(170, 41),
(170, 44),
(171, 5),
(171, 8),
(171, 12),
(171, 21),
(171, 32),
(171, 33),
(171, 35),
(171, 43),
(172, 13),
(172, 14),
(172, 17),
(172, 33),
(172, 36),
(173, 14),
(173, 22),
(173, 27),
(173, 37),
(173, 44),
(174, 2),
(174, 11),
(174, 25),
(174, 35),
(175, 3),
(175, 7),
(175, 11),
(175, 13),
(175, 18),
(175, 22),
(175, 29),
(176, 8),
(176, 17),
(176, 35),
(176, 38),
(176, 39),
(176, 44),
(177, 9),
(177, 39),
(178, 4),
(178, 5),
(178, 12),
(178, 35),
(178, 36),
(179, 1),
(179, 3),
(179, 7),
(179, 10),
(179, 23),
(179, 27),
(179, 42),
(180, 12),
(180, 15),
(180, 23),
(180, 24),
(180, 31),
(180, 34),
(181, 25),
(181, 37),
(182, 1),
(182, 2),
(182, 6),
(182, 9),
(182, 12),
(182, 31),
(182, 40),
(182, 41),
(182, 43),
(183, 1),
(183, 3),
(183, 9),
(183, 17),
(183, 30),
(183, 40),
(184, 15),
(184, 21),
(184, 25),
(184, 34),
(185, 2),
(185, 15),
(185, 17),
(185, 20),
(185, 21),
(185, 30),
(185, 44),
(186, 7),
(186, 20),
(186, 31),
(186, 40),
(187, 7),
(187, 9),
(187, 13),
(187, 17),
(187, 22),
(187, 26),
(187, 37),
(188, 42),
(189, 2),
(189, 8),
(189, 9),
(189, 15),
(189, 18),
(189, 22),
(189, 26),
(190, 39),
(191, 2),
(191, 7),
(191, 10),
(191, 15),
(191, 17),
(191, 25),
(191, 29),
(191, 30),
(191, 31),
(192, 8),
(192, 9),
(192, 24),
(192, 44),
(193, 19),
(193, 41),
(194, 7),
(194, 21),
(194, 24),
(194, 41),
(195, 8),
(195, 9),
(195, 16),
(195, 25),
(195, 29),
(196, 3),
(196, 8),
(196, 13),
(196, 16),
(196, 28),
(196, 30),
(196, 34),
(196, 37),
(197, 2),
(197, 4),
(197, 12),
(197, 19),
(197, 35),
(197, 39),
(198, 28),
(198, 33),
(198, 36),
(199, 5),
(199, 6),
(199, 15),
(199, 36),
(200, 6),
(200, 11),
(200, 21),
(201, 12),
(202, 3),
(202, 21),
(203, 18),
(203, 30),
(204, 9),
(204, 15),
(204, 37),
(204, 44),
(205, 14),
(206, 22),
(206, 28),
(206, 36),
(206, 42),
(207, 44),
(208, 4),
(208, 5),
(208, 8),
(208, 22),
(208, 28),
(208, 41),
(208, 44),
(209, 2),
(209, 4),
(209, 11),
(209, 30),
(210, 43),
(211, 10),
(211, 13),
(211, 16),
(211, 27),
(211, 38),
(212, 8),
(212, 15),
(212, 35),
(213, 3),
(213, 16),
(213, 21),
(213, 23),
(213, 28),
(214, 2),
(214, 29),
(214, 41),
(215, 3),
(215, 11),
(215, 14),
(215, 17),
(215, 24),
(215, 40),
(216, 6),
(216, 15),
(216, 23),
(216, 26),
(216, 31),
(217, 10),
(217, 12),
(217, 37),
(217, 43),
(218, 9),
(218, 24),
(218, 25),
(218, 27),
(218, 30),
(219, 1),
(219, 13),
(219, 27),
(219, 34),
(219, 44),
(220, 4),
(220, 11),
(220, 15),
(220, 25),
(220, 44),
(221, 1),
(221, 24),
(221, 32),
(221, 41),
(221, 43),
(222, 2),
(222, 27),
(222, 42),
(223, 8),
(223, 10),
(223, 16),
(223, 24),
(223, 31),
(223, 33),
(223, 41),
(224, 7),
(224, 11),
(224, 25),
(224, 31),
(225, 6),
(225, 10),
(225, 18),
(225, 31),
(226, 2),
(226, 17),
(226, 23),
(226, 29),
(227, 4),
(227, 6),
(228, 23),
(228, 25),
(228, 33),
(228, 38),
(228, 40),
(229, 4),
(229, 5),
(229, 11),
(229, 40),
(230, 18),
(231, 28),
(231, 29),
(231, 34),
(231, 39),
(231, 43),
(232, 4),
(232, 28),
(233, 2),
(233, 6),
(233, 14),
(233, 21),
(233, 26),
(234, 3),
(234, 16),
(234, 31),
(234, 42),
(234, 44),
(235, 2),
(235, 15),
(235, 19),
(235, 43),
(236, 3),
(236, 14),
(236, 41),
(237, 6),
(237, 17),
(237, 30),
(237, 42),
(238, 2),
(238, 9),
(238, 11),
(238, 21),
(239, 31),
(239, 32),
(239, 38),
(239, 41),
(240, 18),
(240, 21),
(241, 28),
(241, 31),
(241, 44),
(242, 1),
(242, 6),
(242, 9),
(242, 12),
(242, 20),
(242, 21),
(242, 24),
(242, 35),
(243, 6),
(243, 16),
(243, 28),
(243, 35),
(244, 22),
(244, 26),
(244, 30),
(245, 32),
(245, 33),
(245, 44),
(246, 3),
(246, 4),
(246, 14),
(246, 35),
(246, 44),
(247, 30),
(247, 38),
(248, 25),
(248, 43),
(249, 18),
(249, 35),
(250, 2),
(250, 10),
(250, 11),
(250, 13),
(250, 26),
(250, 27),
(250, 32),
(250, 43),
(251, 9),
(251, 15),
(251, 23),
(251, 31),
(251, 34),
(252, 22),
(252, 44),
(253, 7),
(253, 24),
(253, 32),
(253, 35),
(254, 1),
(254, 4),
(254, 14),
(254, 17),
(254, 28),
(254, 32),
(254, 42),
(255, 3),
(255, 6),
(255, 20),
(255, 27),
(255, 34),
(256, 1),
(256, 12),
(256, 19),
(256, 33),
(256, 36),
(257, 10),
(258, 11),
(258, 19),
(258, 34),
(259, 1),
(259, 8),
(259, 42),
(259, 44),
(260, 23),
(260, 30),
(260, 31),
(260, 41),
(261, 12),
(261, 17),
(261, 25),
(261, 43),
(262, 25),
(262, 34),
(262, 36),
(262, 43),
(262, 44),
(263, 20),
(263, 30),
(263, 39),
(263, 42),
(263, 43),
(264, 1),
(264, 3),
(264, 7),
(264, 30),
(264, 32),
(265, 7),
(265, 10),
(265, 11),
(265, 15),
(265, 19),
(265, 22),
(266, 5),
(266, 25),
(266, 42),
(267, 9),
(267, 21),
(267, 28),
(268, 5),
(269, 19),
(269, 21),
(269, 33),
(270, 4),
(270, 9),
(270, 11),
(270, 36),
(270, 42),
(271, 15),
(271, 18),
(271, 21),
(271, 23),
(271, 32),
(272, 8),
(272, 44),
(273, 19),
(273, 43),
(274, 4),
(274, 12),
(274, 22),
(274, 32),
(275, 6),
(275, 17),
(275, 25),
(275, 26),
(275, 27),
(275, 32),
(275, 42),
(276, 3),
(276, 5),
(276, 10),
(276, 20),
(276, 25),
(276, 39),
(277, 1),
(277, 23),
(278, 7),
(278, 10),
(278, 20),
(278, 33),
(278, 35),
(279, 12),
(279, 25),
(279, 41),
(279, 44),
(280, 4),
(280, 12),
(280, 22),
(280, 28),
(280, 32),
(281, 9),
(281, 29),
(281, 32),
(281, 33),
(282, 7),
(282, 8),
(282, 18),
(283, 14),
(283, 20),
(283, 27),
(284, 5),
(284, 10),
(284, 24),
(284, 35),
(284, 39),
(284, 43),
(285, 5),
(285, 16),
(285, 25),
(285, 43),
(286, 11),
(286, 19),
(286, 21),
(286, 22),
(286, 35),
(287, 1),
(287, 10),
(288, 13),
(288, 23),
(288, 29),
(288, 30),
(288, 36),
(289, 4),
(289, 19),
(289, 21),
(289, 25),
(289, 31),
(289, 36),
(290, 13),
(290, 18),
(290, 26),
(290, 31),
(290, 37),
(290, 39),
(290, 43),
(291, 5),
(291, 13),
(291, 15),
(291, 23),
(291, 25),
(291, 33),
(292, 17),
(292, 21),
(292, 24),
(293, 11),
(293, 14),
(293, 16),
(294, 18),
(294, 20),
(294, 21),
(294, 28),
(294, 37),
(294, 44),
(295, 1),
(295, 17),
(295, 27),
(295, 32),
(296, 7),
(296, 9),
(296, 10),
(296, 11),
(296, 25),
(296, 37),
(297, 4),
(297, 10),
(297, 13),
(297, 18),
(297, 43),
(298, 4),
(298, 27),
(298, 32),
(299, 1),
(299, 7),
(299, 25),
(299, 32),
(299, 33),
(299, 38),
(300, 6),
(300, 20),
(300, 21),
(300, 30),
(300, 42),
(301, 13),
(302, 11),
(302, 35),
(302, 36),
(302, 39),
(302, 40),
(302, 41),
(303, 2),
(303, 6),
(303, 7),
(303, 11),
(303, 30),
(304, 10),
(304, 12),
(304, 21),
(304, 37),
(305, 12),
(305, 29),
(306, 11),
(306, 20),
(306, 42),
(306, 43),
(307, 23),
(307, 25),
(308, 3),
(308, 7),
(308, 19),
(308, 23),
(308, 40),
(308, 42),
(309, 13),
(309, 20),
(309, 36),
(309, 39),
(310, 1),
(310, 9),
(310, 13),
(310, 20),
(310, 29),
(311, 7),
(311, 9),
(311, 11),
(311, 23),
(311, 32),
(311, 34),
(311, 44),
(312, 11),
(312, 24),
(312, 30),
(313, 6),
(313, 21),
(313, 23),
(313, 39),
(314, 1),
(314, 2),
(314, 18),
(314, 24),
(314, 29),
(314, 33),
(314, 36),
(314, 42),
(315, 9),
(315, 13),
(315, 18),
(315, 21),
(316, 3),
(316, 6),
(316, 20),
(316, 28),
(316, 40),
(317, 30),
(318, 7),
(318, 31),
(318, 32),
(318, 40),
(319, 24),
(319, 27),
(319, 29),
(319, 31),
(319, 32),
(319, 34),
(320, 6),
(320, 12),
(320, 19),
(320, 23),
(320, 24),
(320, 37),
(321, 3),
(321, 11),
(321, 24),
(321, 30),
(322, 2),
(323, 11),
(323, 30),
(323, 36),
(323, 39),
(324, 2),
(324, 22),
(324, 34),
(324, 44),
(325, 3),
(325, 8),
(325, 25),
(325, 31),
(325, 37),
(325, 43),
(326, 3),
(326, 6),
(326, 16),
(326, 33),
(326, 37),
(328, 6),
(328, 7),
(328, 14),
(328, 22),
(328, 27),
(328, 36),
(329, 7),
(329, 30),
(329, 33),
(329, 34),
(329, 42),
(330, 15),
(330, 30),
(331, 5),
(331, 8),
(331, 9),
(331, 18),
(331, 19),
(332, 19),
(332, 44),
(333, 30),
(333, 32),
(333, 35),
(333, 42),
(334, 12),
(334, 24),
(334, 44),
(335, 11),
(335, 27),
(335, 32),
(335, 33),
(335, 36),
(336, 5),
(336, 35),
(337, 5),
(338, 1),
(338, 2),
(338, 26),
(338, 28),
(338, 38),
(338, 39),
(339, 9),
(339, 10),
(340, 12),
(340, 15),
(340, 23),
(340, 37),
(341, 6),
(341, 28),
(341, 29),
(342, 2),
(342, 5),
(342, 10),
(342, 16),
(342, 25),
(342, 29),
(342, 38),
(342, 39),
(343, 35),
(343, 36),
(344, 15),
(344, 29),
(344, 33),
(345, 25),
(345, 31),
(345, 38),
(346, 2),
(346, 26),
(346, 30),
(346, 33),
(346, 35),
(347, 33),
(348, 1),
(348, 5),
(348, 11),
(348, 13),
(348, 17),
(348, 42),
(349, 42),
(350, 5),
(350, 6),
(350, 10),
(350, 15),
(350, 18),
(350, 34),
(351, 12),
(351, 34),
(351, 41),
(352, 1),
(352, 5),
(352, 12),
(352, 19),
(352, 22),
(352, 27),
(352, 39),
(353, 4),
(353, 12),
(353, 13),
(353, 23),
(353, 24),
(353, 25),
(353, 31),
(354, 1),
(354, 30),
(354, 32),
(354, 44),
(355, 13),
(355, 24),
(355, 35),
(355, 36),
(355, 42),
(356, 1),
(356, 6),
(356, 15),
(356, 19),
(356, 22),
(356, 27),
(356, 43),
(357, 9),
(357, 14),
(357, 17),
(357, 35),
(357, 38),
(358, 17),
(358, 23),
(358, 28),
(358, 29),
(359, 1),
(359, 3),
(359, 6),
(359, 30),
(359, 35),
(359, 37),
(360, 7),
(360, 11),
(360, 27),
(360, 32),
(361, 24),
(361, 37),
(361, 43),
(362, 18),
(363, 1),
(363, 8),
(363, 31),
(364, 1),
(364, 9),
(365, 4),
(365, 9),
(365, 11),
(365, 14),
(365, 34),
(366, 11),
(366, 31),
(366, 40),
(366, 43),
(367, 4),
(367, 9),
(367, 28),
(367, 33),
(367, 36),
(368, 9),
(368, 18),
(368, 39),
(369, 17),
(369, 22),
(369, 27),
(369, 36),
(369, 41),
(370, 3),
(370, 11),
(370, 15),
(370, 26),
(370, 35),
(370, 42),
(371, 20),
(371, 22),
(371, 23),
(371, 39),
(371, 40),
(372, 4),
(372, 13),
(372, 16),
(372, 29),
(372, 36),
(372, 44),
(373, 3),
(373, 10),
(373, 11),
(374, 4),
(374, 5),
(374, 6),
(374, 14),
(374, 37),
(375, 12),
(375, 31),
(375, 41),
(375, 44),
(376, 18),
(376, 25),
(377, 4),
(377, 7),
(377, 11),
(377, 29),
(377, 36),
(378, 1),
(378, 9),
(378, 12),
(378, 28),
(379, 10),
(379, 38),
(380, 8),
(380, 10),
(380, 11),
(380, 28),
(380, 39),
(380, 43),
(381, 3),
(381, 29),
(381, 34),
(381, 40),
(381, 41),
(382, 4),
(382, 6),
(382, 19),
(382, 20),
(382, 29),
(382, 43),
(382, 44),
(383, 6),
(383, 18),
(383, 43),
(384, 7),
(384, 29),
(384, 37),
(384, 43),
(385, 12),
(385, 15),
(385, 19),
(385, 26),
(385, 29),
(386, 2),
(386, 3),
(386, 22),
(386, 23),
(386, 28),
(386, 31),
(386, 35),
(387, 8),
(387, 9),
(387, 12),
(387, 21),
(388, 29),
(389, 11),
(389, 32),
(389, 33),
(390, 18),
(390, 36),
(391, 32),
(391, 36),
(392, 7),
(392, 9),
(392, 11),
(392, 13),
(392, 18),
(392, 35),
(393, 6),
(393, 10),
(393, 24),
(393, 25),
(394, 4),
(394, 13),
(394, 16),
(394, 18),
(394, 23),
(394, 30),
(394, 35),
(394, 38),
(395, 2),
(395, 4),
(395, 26),
(395, 30),
(395, 39),
(396, 26),
(396, 34),
(396, 37),
(396, 44),
(397, 2),
(397, 3),
(397, 17),
(397, 36),
(398, 23),
(398, 29),
(398, 40),
(398, 41),
(399, 13),
(399, 16),
(399, 22),
(399, 39),
(400, 1),
(400, 7),
(400, 9),
(400, 18),
(400, 20),
(400, 23),
(400, 38),
(401, 5),
(401, 9),
(401, 22),
(401, 27),
(401, 35),
(402, 16),
(402, 22),
(402, 25),
(402, 26),
(402, 27),
(402, 35),
(403, 8),
(403, 19),
(403, 22),
(403, 37),
(404, 4),
(404, 5),
(404, 10),
(404, 25),
(405, 1),
(405, 23),
(405, 38),
(405, 39),
(406, 18),
(406, 37),
(407, 14),
(407, 18),
(407, 20),
(407, 42),
(408, 1),
(408, 2),
(408, 5),
(408, 7),
(408, 12),
(408, 20),
(408, 23),
(408, 24),
(408, 41),
(409, 15),
(409, 18),
(409, 20),
(409, 26),
(409, 37),
(409, 38),
(410, 40),
(410, 42),
(410, 43),
(411, 17),
(411, 31),
(412, 7),
(412, 21),
(412, 31),
(413, 5),
(413, 9),
(413, 20),
(413, 26),
(414, 15),
(414, 18),
(415, 8),
(415, 14),
(415, 32),
(415, 35),
(416, 29),
(416, 30),
(416, 31),
(416, 41),
(417, 1),
(417, 24),
(417, 34),
(417, 36),
(417, 43),
(418, 7),
(419, 4),
(419, 22),
(419, 23),
(419, 27),
(419, 32),
(419, 42),
(420, 21),
(420, 26),
(420, 32),
(420, 34),
(421, 2),
(421, 4),
(421, 6),
(421, 7),
(421, 8),
(421, 18),
(421, 38),
(422, 2),
(422, 14),
(422, 34),
(423, 15),
(423, 19),
(423, 36),
(424, 1),
(424, 8),
(424, 33),
(424, 34),
(424, 41),
(425, 7),
(425, 31),
(426, 21),
(426, 35),
(426, 38),
(427, 3),
(427, 7),
(427, 9),
(427, 10),
(427, 21),
(427, 32),
(427, 33),
(427, 41),
(428, 1),
(428, 8),
(428, 10),
(428, 17),
(428, 19),
(428, 30),
(428, 42),
(429, 1),
(429, 6),
(429, 10),
(429, 20),
(429, 23),
(429, 37),
(430, 5),
(430, 22),
(430, 42),
(431, 34),
(431, 36),
(431, 44),
(432, 1),
(432, 13),
(432, 17),
(432, 29),
(433, 28),
(433, 34),
(434, 40),
(435, 1),
(435, 18),
(435, 19),
(435, 22),
(435, 33),
(435, 34),
(435, 36),
(435, 37),
(435, 41),
(436, 2),
(436, 11),
(436, 20),
(436, 26),
(436, 29),
(436, 30),
(436, 33),
(437, 2),
(437, 7),
(437, 13),
(437, 15),
(437, 16),
(437, 18),
(437, 20),
(437, 22),
(437, 37),
(438, 1),
(438, 6),
(438, 9),
(438, 12),
(438, 19),
(438, 24),
(438, 27),
(438, 38),
(438, 44),
(439, 19),
(439, 22),
(439, 25),
(439, 26),
(439, 30),
(439, 33),
(440, 21),
(440, 25),
(441, 9),
(441, 39),
(442, 2),
(442, 11),
(442, 12),
(442, 23),
(442, 30),
(442, 34),
(442, 38),
(443, 4),
(443, 15),
(443, 17),
(443, 37),
(443, 40),
(444, 11),
(444, 16),
(444, 34),
(445, 23),
(445, 44),
(446, 14),
(446, 22),
(447, 1),
(447, 2),
(447, 7),
(447, 11),
(447, 43),
(448, 6),
(448, 13),
(448, 32),
(448, 42),
(449, 10),
(449, 34),
(449, 37),
(450, 1),
(450, 4),
(450, 16),
(450, 22),
(450, 25),
(450, 36),
(450, 42),
(450, 44),
(451, 1),
(451, 19),
(451, 24),
(451, 42),
(452, 1),
(452, 12),
(452, 27),
(452, 29),
(452, 34),
(452, 36),
(453, 1),
(453, 3),
(453, 4),
(453, 19),
(453, 20),
(453, 34),
(453, 44),
(454, 19),
(454, 23),
(454, 26),
(454, 40),
(454, 44),
(455, 4),
(455, 12),
(455, 13),
(455, 17),
(455, 27),
(456, 16),
(456, 30),
(456, 43),
(456, 44),
(457, 23),
(457, 37),
(457, 38),
(458, 2),
(458, 7),
(458, 22),
(458, 25),
(459, 17),
(459, 29),
(459, 35),
(459, 42),
(460, 29),
(460, 30),
(460, 34),
(460, 35),
(461, 3),
(461, 23),
(461, 42),
(462, 7),
(462, 9),
(462, 11),
(462, 15),
(462, 28),
(462, 38),
(463, 5),
(463, 30),
(464, 2),
(464, 13),
(464, 30),
(464, 41),
(464, 43),
(465, 5),
(465, 7),
(465, 27),
(466, 4),
(466, 9),
(466, 14),
(466, 22),
(466, 36),
(467, 10),
(467, 15),
(467, 20),
(467, 22),
(467, 26),
(467, 28),
(467, 41),
(468, 14),
(468, 16),
(468, 18),
(468, 25),
(468, 29),
(468, 39),
(469, 1),
(469, 6),
(469, 9),
(469, 15),
(469, 31),
(470, 14),
(470, 16),
(470, 22),
(470, 24),
(470, 30),
(470, 31),
(471, 5),
(471, 19),
(472, 3),
(472, 7),
(472, 8),
(472, 17),
(472, 19),
(472, 20),
(472, 34),
(472, 38),
(472, 40),
(472, 41),
(473, 9),
(473, 16),
(473, 40),
(473, 42),
(474, 8),
(474, 12),
(474, 24),
(474, 27),
(474, 44),
(475, 2),
(475, 10),
(475, 20),
(475, 29),
(475, 30),
(475, 38),
(476, 1),
(476, 14),
(476, 22),
(476, 33),
(476, 39),
(477, 2),
(477, 11),
(477, 16),
(477, 17),
(477, 28),
(477, 29),
(477, 31),
(478, 1),
(478, 7),
(478, 9),
(478, 33),
(478, 34),
(478, 39),
(478, 43),
(479, 9),
(479, 11),
(479, 34),
(479, 41),
(480, 26),
(480, 29),
(481, 2),
(481, 23),
(481, 39),
(481, 44),
(482, 2),
(482, 3),
(482, 8),
(482, 13),
(482, 19),
(482, 23),
(482, 32),
(483, 4),
(483, 14),
(483, 18),
(483, 19),
(483, 30),
(483, 31),
(483, 32),
(484, 5),
(484, 11),
(484, 25),
(484, 28),
(484, 37),
(484, 41),
(485, 9),
(485, 11),
(485, 17),
(485, 22),
(486, 4),
(486, 25),
(486, 32),
(486, 39),
(487, 2),
(487, 12),
(487, 24),
(487, 25),
(488, 4),
(488, 5),
(488, 23),
(488, 26),
(488, 36),
(488, 41),
(489, 3),
(489, 6),
(489, 18),
(489, 19),
(489, 22),
(489, 27),
(490, 5),
(490, 16),
(490, 26),
(490, 27),
(490, 30),
(490, 32),
(490, 36),
(490, 38),
(490, 42),
(490, 44),
(491, 3),
(491, 17),
(491, 19),
(491, 32),
(491, 37),
(491, 43),
(491, 44),
(492, 2),
(492, 7),
(492, 22),
(492, 27),
(492, 28),
(493, 3),
(493, 17),
(493, 21),
(493, 25),
(494, 20),
(494, 27),
(494, 30),
(494, 31),
(494, 34),
(494, 37),
(495, 4),
(495, 16),
(495, 17),
(495, 20),
(495, 29),
(495, 32),
(495, 44),
(496, 1),
(496, 8),
(496, 18),
(496, 36),
(497, 4),
(497, 18),
(497, 21),
(497, 32),
(497, 34),
(497, 38),
(497, 43),
(498, 6),
(498, 9),
(498, 15),
(498, 20),
(498, 23),
(498, 25),
(498, 35),
(498, 37),
(499, 3),
(499, 24),
(499, 28),
(499, 32),
(499, 40),
(500, 3),
(500, 32),
(500, 40),
(501, 5),
(501, 15),
(501, 26),
(502, 28),
(502, 30),
(502, 32),
(502, 33),
(502, 39),
(502, 41),
(503, 10),
(503, 28),
(503, 35),
(503, 42),
(503, 44),
(504, 12),
(504, 18),
(504, 36),
(505, 9),
(505, 15),
(505, 19),
(505, 25),
(505, 27),
(505, 34),
(506, 5),
(506, 15),
(506, 21),
(506, 27),
(506, 41),
(507, 4),
(507, 11),
(507, 18),
(507, 35),
(507, 37),
(507, 38),
(507, 39),
(507, 42),
(508, 10),
(508, 20),
(508, 35),
(508, 37),
(508, 39),
(508, 40),
(508, 44),
(509, 4),
(509, 5),
(509, 21),
(509, 30),
(509, 32),
(509, 34),
(509, 37),
(509, 43),
(510, 5),
(510, 15),
(510, 28),
(510, 29),
(510, 35),
(510, 36),
(511, 3),
(511, 6),
(511, 9),
(511, 17),
(511, 41),
(512, 2),
(512, 4),
(512, 9),
(512, 20),
(512, 27),
(512, 30),
(512, 35),
(512, 37),
(513, 4),
(513, 20),
(513, 27),
(513, 36),
(513, 38),
(514, 2),
(514, 6),
(514, 14),
(515, 1),
(515, 9),
(515, 14),
(515, 36),
(515, 41),
(515, 43),
(516, 20),
(516, 28),
(516, 29),
(516, 38),
(516, 40),
(517, 7),
(517, 14),
(517, 17),
(517, 25),
(517, 39),
(518, 3),
(518, 6),
(518, 8),
(518, 9),
(518, 12),
(518, 26),
(518, 33),
(518, 43),
(519, 9),
(519, 39),
(520, 5),
(520, 30),
(520, 42),
(521, 7),
(522, 1),
(522, 12),
(522, 15),
(522, 21),
(522, 26),
(522, 31),
(522, 33),
(523, 11),
(523, 24),
(524, 2),
(524, 26),
(525, 20),
(525, 23),
(525, 33),
(525, 34),
(525, 38),
(525, 43),
(525, 44),
(526, 1),
(526, 8),
(526, 17),
(526, 21),
(526, 22),
(526, 26),
(527, 3),
(527, 21),
(527, 27),
(527, 32),
(527, 38),
(528, 24),
(529, 6),
(529, 14),
(529, 28),
(529, 37),
(530, 16),
(530, 20),
(530, 22),
(530, 25),
(530, 27),
(530, 29),
(531, 15),
(531, 20),
(531, 41),
(532, 7),
(532, 12),
(532, 16),
(532, 18),
(532, 37),
(532, 43),
(533, 4),
(533, 14),
(533, 35),
(534, 4),
(534, 12),
(534, 21),
(534, 33),
(534, 36),
(534, 38),
(535, 24),
(535, 25),
(535, 30),
(535, 36),
(536, 13),
(536, 18),
(536, 21),
(536, 34),
(536, 37),
(536, 38),
(537, 1),
(537, 17),
(537, 30),
(537, 34),
(537, 44),
(538, 12),
(538, 26),
(538, 27),
(538, 37),
(539, 10),
(539, 25),
(539, 30),
(539, 37),
(539, 39),
(540, 40),
(540, 43),
(541, 14),
(541, 16),
(541, 17),
(541, 22),
(541, 30),
(542, 9),
(542, 12),
(542, 13),
(542, 24),
(542, 36),
(543, 6),
(543, 30),
(543, 34),
(544, 13),
(544, 16),
(544, 33),
(544, 40),
(545, 1),
(545, 5),
(545, 37),
(545, 40),
(545, 41),
(546, 11),
(546, 16),
(546, 26),
(546, 30),
(546, 32),
(546, 34),
(546, 39),
(547, 19),
(547, 37),
(548, 1),
(548, 8),
(548, 15),
(548, 19),
(548, 22),
(548, 25),
(548, 34),
(548, 41),
(549, 19),
(550, 28),
(551, 12),
(551, 15),
(551, 19),
(551, 32),
(551, 42),
(552, 4),
(552, 5),
(552, 11),
(552, 22),
(552, 28),
(552, 39),
(553, 3),
(553, 7),
(553, 9),
(553, 20),
(553, 37),
(554, 15),
(554, 25),
(555, 11),
(555, 17),
(555, 18),
(555, 28),
(555, 31),
(555, 34),
(555, 37),
(555, 39),
(555, 40),
(556, 17),
(556, 35),
(556, 43),
(557, 9),
(557, 15),
(557, 42),
(558, 1),
(558, 43),
(559, 14),
(559, 24),
(559, 26),
(559, 30),
(559, 32),
(560, 5),
(560, 8),
(560, 14),
(560, 28),
(560, 30),
(560, 40),
(561, 4),
(561, 12),
(561, 40),
(562, 12),
(562, 14),
(562, 23),
(562, 32),
(562, 41),
(563, 2),
(563, 9),
(563, 21),
(563, 27),
(563, 40),
(564, 3),
(564, 18),
(564, 20),
(564, 31),
(564, 38),
(565, 21),
(565, 35),
(565, 44),
(566, 2),
(566, 11),
(567, 25),
(567, 35),
(567, 36),
(567, 37),
(568, 1),
(568, 8),
(568, 12),
(568, 22),
(568, 27),
(568, 31),
(569, 4),
(569, 8),
(569, 15),
(569, 19),
(569, 23),
(569, 28),
(569, 43),
(570, 16),
(570, 17),
(570, 20),
(570, 26),
(570, 42),
(571, 14),
(571, 34),
(572, 14),
(572, 33),
(572, 35),
(573, 1),
(573, 5),
(573, 30),
(574, 1),
(574, 3),
(574, 6),
(574, 21),
(574, 29),
(575, 33),
(575, 38),
(576, 1),
(576, 6),
(576, 13),
(576, 15),
(576, 22),
(576, 28),
(576, 34),
(576, 36),
(577, 7),
(577, 21),
(577, 34),
(578, 18),
(578, 26),
(578, 27),
(579, 9),
(579, 10),
(579, 12),
(579, 32),
(580, 18),
(580, 27),
(580, 37),
(582, 12),
(582, 27),
(582, 32),
(582, 33),
(582, 40),
(583, 11),
(583, 17),
(583, 18),
(583, 21),
(583, 32),
(584, 2),
(584, 4),
(584, 15),
(584, 17),
(585, 15),
(585, 20),
(585, 39),
(585, 44),
(586, 12),
(586, 21),
(586, 23),
(587, 3),
(587, 20),
(587, 24),
(587, 31),
(587, 33),
(588, 10),
(588, 23),
(588, 33),
(588, 37),
(589, 10),
(589, 13),
(589, 21),
(589, 25),
(589, 26),
(589, 28),
(590, 2),
(590, 18),
(590, 37),
(591, 1),
(591, 3),
(591, 22),
(591, 27),
(591, 28),
(592, 19),
(592, 21),
(592, 22),
(592, 24),
(592, 31),
(592, 40),
(593, 1),
(593, 6),
(593, 23),
(593, 24),
(593, 29),
(593, 30),
(594, 4),
(594, 6),
(594, 10),
(594, 29),
(594, 40),
(595, 15),
(595, 30),
(596, 6),
(596, 9),
(596, 22),
(597, 10),
(597, 13),
(597, 22),
(597, 35),
(598, 3),
(598, 18),
(598, 19),
(598, 29),
(598, 32),
(599, 8),
(599, 13),
(599, 28),
(599, 31),
(600, 7),
(600, 9),
(600, 12),
(600, 29),
(600, 34),
(600, 43),
(600, 44),
(601, 5),
(601, 23),
(601, 36),
(602, 1),
(602, 14),
(602, 19),
(602, 25),
(602, 33),
(603, 2),
(603, 8),
(603, 11),
(603, 15),
(603, 16),
(604, 1),
(604, 15),
(604, 38),
(604, 43),
(605, 18),
(605, 23),
(605, 27),
(605, 28),
(605, 31),
(605, 37),
(605, 38),
(605, 41),
(606, 3),
(606, 7),
(606, 23),
(606, 33),
(607, 14),
(607, 16),
(607, 19),
(607, 25),
(608, 1),
(608, 19),
(608, 39),
(608, 41),
(609, 7),
(609, 15),
(609, 28),
(609, 32),
(609, 42),
(610, 10),
(610, 23),
(610, 38),
(610, 43),
(611, 7),
(611, 20),
(611, 22),
(611, 35),
(611, 37),
(612, 13),
(612, 14),
(612, 25),
(612, 29),
(612, 31),
(612, 40),
(612, 44),
(613, 10),
(613, 25),
(614, 1),
(614, 20),
(614, 37),
(615, 3),
(615, 11),
(615, 13),
(615, 26),
(615, 27),
(616, 8),
(616, 11),
(616, 12),
(616, 13),
(616, 27),
(616, 32),
(616, 36),
(617, 16),
(618, 36),
(618, 39),
(618, 40),
(619, 1),
(619, 8),
(619, 25),
(619, 29),
(619, 30),
(619, 44),
(620, 19),
(620, 27),
(620, 29),
(620, 35),
(620, 38),
(620, 44),
(621, 15),
(621, 16),
(621, 20),
(621, 29),
(622, 7),
(622, 9),
(622, 14),
(622, 15),
(622, 39),
(623, 8),
(623, 9),
(623, 22),
(623, 23),
(623, 36),
(623, 38),
(623, 44),
(624, 3),
(624, 5),
(624, 19),
(624, 22),
(624, 23),
(624, 33),
(625, 1),
(625, 10),
(625, 16),
(625, 42),
(626, 17),
(626, 25),
(627, 29),
(628, 1),
(628, 5),
(628, 11),
(628, 17),
(628, 22),
(628, 26),
(628, 28),
(628, 39),
(628, 42),
(629, 13),
(629, 19),
(630, 10),
(630, 37),
(631, 5),
(631, 14),
(631, 21),
(631, 36),
(631, 43),
(632, 9),
(632, 11),
(632, 26),
(632, 42),
(633, 5),
(634, 18),
(634, 20),
(635, 14),
(635, 16),
(635, 26),
(635, 31),
(635, 34),
(636, 23),
(636, 27),
(636, 31),
(636, 36),
(636, 41),
(637, 11),
(637, 23),
(637, 24),
(637, 44),
(638, 4),
(638, 15),
(638, 18),
(639, 3),
(639, 22),
(639, 32),
(639, 35),
(639, 41),
(640, 14),
(640, 39),
(640, 40),
(641, 5),
(641, 28),
(641, 33),
(642, 8),
(642, 17),
(642, 23),
(643, 9),
(643, 16),
(643, 34),
(643, 41),
(643, 43),
(644, 17),
(644, 25),
(644, 32),
(644, 33),
(645, 8),
(645, 36),
(645, 37),
(645, 41),
(645, 42),
(645, 44),
(646, 10),
(647, 15),
(647, 23),
(647, 26),
(647, 31),
(647, 44),
(648, 3),
(648, 8),
(648, 13),
(648, 14),
(648, 15),
(648, 36),
(649, 12),
(649, 15),
(649, 31),
(649, 43),
(650, 1),
(650, 8),
(650, 17),
(650, 31),
(650, 33),
(651, 2),
(651, 10),
(651, 13),
(652, 8),
(652, 9),
(652, 30),
(652, 31),
(654, 7),
(654, 10),
(654, 15),
(654, 25),
(654, 31),
(654, 33),
(655, 20),
(655, 22),
(655, 23),
(656, 1),
(656, 5),
(656, 6),
(656, 7),
(656, 29),
(656, 33),
(656, 38),
(657, 10),
(657, 21),
(657, 32),
(657, 37),
(658, 5),
(658, 18),
(658, 20),
(659, 1),
(659, 8),
(659, 13),
(659, 21),
(659, 31),
(660, 12),
(660, 30),
(660, 32),
(660, 33),
(661, 7),
(661, 14),
(661, 25),
(661, 27),
(661, 29),
(662, 12),
(662, 26),
(663, 2),
(663, 4),
(663, 39),
(663, 41),
(664, 1),
(664, 3),
(664, 17),
(664, 24),
(664, 41),
(665, 3),
(665, 6),
(665, 9),
(665, 18),
(665, 22),
(665, 26),
(665, 37),
(666, 9),
(666, 11),
(666, 21),
(666, 31),
(666, 34),
(666, 36),
(666, 40),
(667, 27),
(667, 28),
(667, 30),
(667, 39),
(668, 16),
(668, 18),
(668, 28),
(669, 1),
(669, 2),
(669, 3),
(669, 6),
(669, 8),
(669, 15),
(669, 20),
(669, 28),
(669, 42),
(670, 5),
(670, 17),
(670, 29),
(670, 39),
(670, 40),
(671, 9),
(671, 25),
(671, 26),
(671, 32),
(671, 43),
(672, 6),
(672, 11),
(672, 19),
(672, 21),
(672, 38),
(672, 39),
(672, 42),
(673, 15),
(673, 21),
(673, 22),
(673, 30),
(673, 34),
(674, 2),
(674, 10),
(674, 13),
(674, 27),
(674, 33),
(674, 36),
(675, 14),
(675, 22),
(675, 40),
(675, 43),
(676, 11),
(676, 17),
(676, 33),
(676, 35),
(676, 37),
(676, 43),
(677, 33),
(678, 14),
(678, 19),
(678, 30),
(678, 37),
(679, 8),
(679, 15),
(679, 41),
(680, 12),
(680, 16),
(680, 18),
(680, 39),
(681, 5),
(681, 6),
(681, 8),
(681, 11),
(681, 12),
(681, 16),
(681, 33),
(681, 42),
(682, 4),
(683, 6),
(683, 20),
(683, 25),
(683, 36),
(683, 43),
(684, 11),
(684, 22),
(684, 23),
(684, 27),
(684, 33),
(684, 40),
(685, 6),
(685, 7),
(685, 25),
(685, 27),
(685, 30),
(685, 34),
(686, 7),
(686, 11),
(686, 15),
(686, 28),
(686, 34),
(687, 5),
(687, 14),
(687, 22),
(688, 4),
(688, 7),
(688, 10),
(688, 11),
(688, 18),
(688, 21),
(688, 32),
(688, 40),
(688, 44),
(689, 23),
(689, 32),
(689, 36),
(689, 41),
(690, 2),
(690, 3),
(690, 17),
(690, 28),
(690, 33),
(690, 40),
(691, 1),
(691, 3),
(691, 10),
(691, 18),
(691, 32),
(691, 39),
(691, 42),
(692, 16),
(692, 25),
(692, 26),
(693, 2),
(693, 25),
(693, 39),
(694, 4),
(694, 7),
(694, 8),
(694, 12),
(694, 13),
(694, 36),
(695, 5),
(696, 10),
(696, 31),
(697, 23),
(697, 36),
(698, 19),
(698, 23),
(698, 28),
(698, 30),
(698, 36),
(699, 19),
(699, 22),
(699, 43),
(699, 44),
(700, 1),
(700, 18),
(700, 19),
(700, 20),
(700, 25),
(701, 3),
(701, 6),
(701, 14),
(701, 16),
(701, 24),
(701, 33),
(701, 34),
(701, 37),
(701, 38),
(702, 12),
(702, 22),
(702, 33),
(702, 36),
(702, 37),
(702, 40),
(702, 41),
(702, 44),
(703, 4),
(703, 37),
(704, 8),
(704, 16),
(704, 26),
(704, 31),
(704, 32),
(704, 37),
(705, 2),
(705, 6),
(705, 8),
(705, 14),
(705, 18),
(705, 21),
(705, 28),
(705, 36),
(706, 15),
(706, 23),
(706, 31),
(706, 36),
(706, 37),
(707, 3),
(707, 17),
(707, 18),
(707, 22),
(707, 36),
(708, 7),
(708, 33),
(709, 19),
(709, 34),
(710, 4),
(710, 6),
(710, 14),
(710, 35),
(710, 42),
(711, 24),
(711, 26),
(711, 35),
(712, 19),
(713, 9),
(713, 11),
(713, 40),
(714, 6),
(714, 13),
(714, 16),
(714, 18),
(714, 24),
(715, 3),
(715, 6),
(715, 13),
(715, 17),
(715, 26),
(715, 36),
(716, 12),
(716, 15),
(716, 24),
(716, 31),
(717, 5),
(717, 12),
(717, 16),
(717, 17),
(717, 21),
(717, 24),
(717, 26),
(718, 23),
(718, 28),
(718, 33),
(719, 8),
(719, 13),
(719, 25),
(719, 36),
(719, 44),
(720, 13),
(720, 17),
(720, 26),
(720, 34),
(721, 8),
(721, 18),
(721, 20),
(721, 22),
(722, 6),
(722, 11),
(722, 13),
(722, 42),
(722, 43),
(723, 2),
(723, 15),
(723, 20),
(723, 43),
(724, 7),
(724, 12),
(724, 14),
(724, 19),
(724, 21),
(724, 24),
(724, 26),
(724, 32),
(725, 3),
(725, 4),
(725, 5),
(725, 9),
(725, 12),
(725, 19),
(726, 1),
(726, 3),
(726, 4),
(726, 32),
(726, 43),
(726, 44),
(727, 21),
(727, 25),
(728, 11),
(728, 28),
(728, 36),
(728, 38),
(728, 42),
(729, 5),
(729, 6),
(729, 7),
(729, 30),
(729, 42),
(730, 2),
(730, 17),
(731, 1),
(731, 20),
(731, 21),
(731, 42),
(732, 8),
(732, 10),
(732, 11),
(732, 17),
(732, 24),
(732, 36),
(733, 1),
(733, 12),
(733, 29),
(733, 44),
(734, 20),
(734, 37),
(734, 43),
(735, 6),
(735, 19),
(736, 17),
(736, 23),
(736, 24),
(736, 39),
(737, 6),
(737, 7),
(737, 14),
(737, 18),
(737, 20),
(737, 43),
(738, 4),
(738, 43),
(739, 3),
(739, 4),
(739, 9),
(739, 14),
(739, 15),
(739, 21),
(739, 35),
(739, 39),
(740, 27),
(740, 28),
(740, 34),
(741, 5),
(741, 11),
(741, 14),
(741, 32),
(741, 34),
(741, 39),
(742, 1),
(742, 4),
(742, 32),
(743, 14),
(743, 28),
(743, 29),
(743, 34),
(743, 41),
(743, 42),
(744, 2),
(744, 4),
(744, 9),
(744, 11),
(744, 24),
(745, 5),
(745, 10),
(745, 12),
(745, 18),
(745, 24),
(745, 31),
(745, 34),
(745, 35),
(746, 2),
(746, 15),
(746, 24),
(746, 29),
(746, 41),
(746, 43),
(747, 5),
(747, 18),
(747, 40),
(748, 3),
(748, 11),
(748, 20),
(748, 24),
(749, 9),
(749, 25),
(749, 32),
(749, 33),
(750, 7),
(750, 13),
(750, 19),
(750, 29),
(750, 31),
(750, 39),
(751, 19),
(751, 35),
(751, 37),
(751, 38),
(751, 44),
(752, 20),
(753, 21),
(753, 28),
(753, 43),
(754, 1),
(754, 8),
(754, 16),
(754, 18),
(754, 24),
(754, 41),
(754, 44),
(755, 6),
(755, 43),
(756, 7),
(756, 8),
(756, 31),
(756, 34),
(756, 37),
(756, 39),
(757, 19),
(757, 22),
(757, 32),
(757, 36),
(758, 20),
(758, 22),
(758, 27),
(758, 34),
(758, 43),
(759, 14),
(759, 18),
(759, 23),
(759, 29),
(759, 32),
(759, 40),
(760, 14),
(760, 36),
(761, 6),
(761, 22),
(761, 26),
(761, 29),
(761, 38),
(762, 13),
(762, 15),
(762, 27),
(762, 30),
(762, 40),
(763, 3),
(763, 6),
(763, 11),
(763, 42),
(763, 44),
(764, 9),
(764, 13),
(764, 35),
(764, 38),
(765, 7),
(765, 9),
(765, 17),
(765, 19),
(765, 28),
(765, 33),
(765, 40),
(765, 44),
(766, 5),
(766, 8),
(766, 34),
(766, 39),
(766, 42),
(767, 2),
(767, 8),
(767, 19),
(767, 23),
(767, 32),
(767, 35),
(767, 39),
(768, 11),
(768, 13),
(768, 18),
(768, 23),
(768, 35),
(768, 39),
(769, 1),
(769, 14),
(769, 17),
(769, 19),
(770, 13),
(770, 15),
(770, 20),
(770, 29),
(770, 38),
(771, 4),
(771, 7),
(771, 38),
(771, 39),
(772, 3),
(772, 5),
(772, 9),
(772, 21),
(772, 22),
(772, 28),
(772, 31),
(772, 39),
(772, 44),
(773, 7),
(773, 14),
(773, 21),
(773, 33),
(773, 37),
(774, 13),
(774, 21),
(774, 36),
(775, 3),
(775, 25),
(775, 29),
(775, 32),
(776, 8),
(776, 40),
(777, 35),
(777, 41),
(777, 44),
(778, 29),
(778, 34),
(779, 15),
(779, 25),
(780, 1),
(780, 12),
(780, 18),
(780, 35),
(781, 13),
(781, 15),
(781, 23),
(781, 27),
(782, 1),
(782, 19),
(783, 9),
(783, 15),
(783, 23),
(783, 28),
(783, 32),
(783, 36),
(783, 38),
(784, 1),
(784, 10),
(784, 19),
(785, 17),
(785, 25),
(785, 30),
(785, 40),
(786, 8),
(786, 9),
(786, 14),
(786, 27),
(786, 30),
(786, 39),
(787, 14),
(787, 24),
(787, 26),
(787, 42),
(788, 6),
(788, 20),
(788, 23),
(788, 24),
(788, 31),
(788, 38),
(788, 42),
(789, 4),
(789, 17),
(789, 30),
(790, 5),
(790, 6),
(790, 35),
(790, 39),
(791, 2),
(791, 25),
(791, 26),
(791, 27),
(791, 43),
(792, 3),
(792, 12),
(792, 13),
(792, 28),
(792, 36),
(792, 44),
(793, 6),
(793, 12),
(793, 28),
(793, 41),
(794, 4),
(794, 6),
(794, 7),
(794, 10),
(794, 18),
(794, 37),
(794, 40),
(795, 9),
(795, 18),
(795, 19),
(795, 21),
(795, 30),
(795, 36),
(796, 7),
(796, 12),
(796, 22),
(796, 34),
(796, 37),
(797, 1),
(797, 3),
(797, 9),
(797, 11),
(797, 13),
(797, 17),
(797, 20),
(798, 6),
(798, 9),
(798, 29),
(798, 30),
(799, 27),
(799, 43),
(799, 44),
(800, 9),
(800, 10),
(800, 16),
(800, 20),
(800, 26),
(800, 34),
(800, 35),
(801, 37),
(801, 38),
(801, 44),
(802, 9),
(802, 14),
(802, 15),
(802, 27),
(802, 36),
(803, 11),
(803, 26),
(803, 32),
(804, 2),
(804, 13),
(804, 17),
(804, 43),
(805, 6),
(805, 13),
(805, 19),
(805, 21),
(805, 22),
(805, 30),
(805, 41),
(806, 3),
(806, 13),
(806, 26),
(806, 34),
(806, 38),
(807, 5),
(807, 14),
(807, 16),
(807, 20),
(807, 32),
(807, 33),
(808, 13),
(808, 18),
(808, 20),
(808, 23),
(808, 40),
(808, 42),
(809, 17),
(809, 26),
(810, 26),
(810, 34),
(810, 38),
(810, 41),
(811, 14),
(811, 19),
(811, 21),
(811, 34),
(811, 42),
(812, 3),
(812, 26),
(812, 42),
(813, 18),
(813, 37),
(814, 18),
(814, 34),
(815, 10),
(815, 12),
(815, 18),
(815, 22),
(815, 28),
(816, 4),
(816, 18),
(816, 26),
(816, 30),
(816, 33),
(816, 35),
(817, 3),
(817, 4),
(817, 13),
(817, 16),
(817, 17),
(817, 21),
(817, 23),
(817, 24),
(817, 34),
(817, 38),
(817, 43),
(818, 4),
(818, 24),
(818, 42),
(819, 9),
(819, 33),
(819, 34),
(819, 44),
(820, 14),
(820, 32),
(821, 13),
(821, 14),
(821, 19),
(821, 28),
(821, 43),
(822, 6),
(822, 19),
(822, 26),
(823, 32),
(824, 20),
(824, 26),
(824, 34),
(824, 36),
(824, 40),
(825, 5),
(825, 9),
(825, 12),
(825, 23),
(825, 37),
(825, 40),
(826, 24),
(827, 3),
(827, 5),
(827, 9),
(827, 22),
(827, 29),
(828, 8),
(828, 13),
(828, 20),
(828, 40),
(829, 26),
(829, 28),
(829, 36),
(829, 42),
(830, 6),
(830, 30),
(830, 37),
(830, 39),
(831, 6),
(831, 29),
(831, 30),
(832, 2),
(832, 6),
(832, 10),
(832, 24),
(832, 25),
(832, 28),
(832, 30),
(833, 3),
(833, 13),
(833, 15),
(833, 19),
(833, 23),
(833, 29),
(833, 30),
(833, 31),
(833, 36),
(833, 42),
(834, 6),
(834, 42),
(834, 43),
(835, 22),
(836, 12),
(836, 26),
(836, 37),
(837, 5),
(837, 13),
(837, 38),
(837, 39),
(838, 2),
(838, 12),
(838, 22),
(838, 24),
(838, 37),
(838, 38),
(839, 38),
(839, 39),
(839, 40),
(839, 41),
(840, 2),
(840, 5),
(840, 6),
(840, 13),
(840, 14),
(840, 42),
(840, 43),
(841, 1),
(841, 29),
(841, 31),
(841, 32),
(841, 34),
(841, 44),
(842, 1),
(842, 9),
(842, 14),
(842, 20),
(842, 21),
(842, 32),
(842, 42),
(843, 3),
(843, 10),
(843, 18),
(843, 25),
(843, 34),
(843, 41),
(844, 1),
(844, 22),
(844, 31),
(844, 43),
(845, 6),
(845, 9),
(845, 30),
(845, 34),
(846, 3),
(846, 27),
(847, 3),
(847, 26),
(847, 33),
(848, 5),
(848, 17),
(848, 26),
(848, 41),
(849, 9),
(849, 10),
(849, 18),
(849, 22),
(849, 30),
(849, 36),
(850, 17),
(850, 27),
(851, 12),
(851, 33),
(852, 3),
(852, 6),
(852, 30),
(852, 35),
(852, 38),
(853, 26),
(853, 40),
(853, 42),
(853, 44),
(854, 6),
(854, 12),
(854, 13),
(854, 21),
(854, 28),
(854, 34),
(854, 40),
(854, 41),
(855, 11),
(855, 13),
(855, 26),
(856, 4),
(856, 36),
(857, 9),
(857, 15),
(858, 44),
(859, 1),
(859, 8),
(859, 23),
(859, 44),
(860, 5),
(860, 7),
(860, 23),
(860, 41),
(861, 29),
(861, 34),
(862, 27),
(862, 28),
(862, 38),
(862, 44),
(863, 4),
(863, 11),
(863, 13),
(863, 29),
(863, 39),
(863, 44),
(864, 29),
(865, 6),
(865, 25),
(865, 33),
(865, 41),
(866, 9),
(866, 10),
(866, 25),
(866, 31),
(866, 34),
(867, 11),
(867, 17),
(867, 44),
(868, 15),
(868, 17),
(868, 25),
(869, 12),
(869, 25),
(869, 27),
(870, 13),
(870, 18),
(870, 19),
(870, 39),
(870, 42),
(871, 12),
(871, 23),
(871, 28),
(871, 36),
(871, 40),
(871, 42),
(872, 8),
(872, 12),
(872, 19),
(872, 37),
(872, 39),
(873, 9),
(873, 11),
(873, 13),
(874, 1),
(874, 15),
(874, 25),
(874, 26),
(874, 33),
(874, 34),
(874, 35),
(874, 40),
(875, 17),
(875, 30),
(875, 37),
(875, 38),
(876, 4),
(876, 8),
(876, 21),
(876, 25),
(876, 26),
(876, 38),
(876, 44),
(877, 6),
(877, 11),
(877, 24),
(877, 25),
(877, 33),
(878, 4),
(878, 18),
(878, 23),
(878, 33),
(878, 34),
(878, 43),
(879, 13),
(879, 39),
(880, 1),
(880, 7),
(880, 39),
(881, 10),
(881, 17),
(881, 30),
(881, 38),
(881, 39),
(881, 42),
(881, 44),
(882, 13),
(882, 14),
(882, 30),
(882, 40),
(883, 9),
(883, 12),
(883, 13),
(883, 25),
(883, 31),
(883, 41),
(884, 1),
(884, 7),
(884, 19),
(884, 22),
(884, 23),
(884, 25),
(884, 30),
(884, 32),
(884, 40),
(885, 3),
(885, 8),
(885, 18),
(885, 30),
(886, 4),
(886, 7),
(886, 11),
(886, 25),
(886, 39),
(886, 44),
(887, 9),
(887, 13),
(887, 14),
(887, 19),
(887, 20),
(887, 26),
(887, 38),
(887, 42),
(888, 3),
(888, 10),
(888, 17),
(888, 18),
(888, 33),
(888, 39),
(889, 18),
(889, 43),
(890, 2),
(890, 4),
(890, 24),
(890, 25),
(890, 29),
(890, 35),
(891, 2),
(891, 7),
(891, 13),
(891, 16),
(891, 19),
(891, 27),
(891, 30),
(891, 33),
(891, 34),
(892, 6),
(892, 20),
(893, 5),
(893, 8),
(893, 17),
(893, 27),
(893, 39),
(893, 41),
(894, 22),
(894, 44),
(895, 10),
(895, 22),
(895, 24),
(895, 30),
(895, 33),
(895, 42),
(896, 15),
(896, 20),
(896, 23),
(896, 32),
(897, 15),
(897, 20),
(897, 34),
(898, 5),
(898, 15),
(898, 24),
(898, 28),
(898, 38),
(898, 41),
(899, 31),
(899, 34),
(899, 42),
(900, 2),
(900, 36),
(900, 41),
(901, 7),
(901, 9),
(901, 21),
(901, 38),
(901, 39),
(901, 43),
(902, 7),
(902, 36),
(902, 39),
(902, 41),
(903, 7),
(903, 12),
(903, 31),
(903, 40),
(904, 5),
(904, 10),
(904, 13),
(904, 17),
(904, 23),
(904, 40),
(904, 43),
(905, 3),
(905, 8),
(905, 14),
(905, 19),
(905, 27),
(905, 32),
(905, 40),
(906, 29),
(906, 36),
(907, 3),
(907, 21),
(907, 23),
(907, 31),
(907, 36),
(907, 40),
(907, 42),
(907, 43),
(908, 8),
(908, 12),
(908, 16),
(908, 19),
(908, 20),
(908, 26),
(908, 35),
(908, 37),
(909, 9),
(909, 12),
(909, 14),
(909, 22),
(909, 23),
(909, 25),
(909, 27),
(909, 39),
(909, 43),
(909, 44),
(910, 6),
(910, 10),
(910, 11),
(910, 36),
(910, 43),
(911, 4),
(911, 5),
(911, 13),
(911, 29),
(911, 32),
(912, 6),
(912, 9),
(912, 23),
(912, 38),
(913, 2),
(913, 14),
(913, 30),
(913, 33),
(913, 37),
(913, 38),
(914, 12),
(914, 13),
(914, 30),
(914, 33),
(914, 41),
(915, 5),
(915, 29),
(915, 32),
(916, 13),
(916, 15),
(916, 21),
(916, 36),
(916, 41),
(917, 2),
(917, 15),
(917, 18),
(917, 28),
(917, 29),
(918, 21),
(918, 24),
(918, 34),
(918, 35),
(919, 4),
(919, 7),
(919, 22),
(919, 32),
(919, 33),
(919, 34),
(920, 35),
(920, 36),
(921, 8),
(921, 17),
(921, 33),
(922, 15),
(922, 20),
(923, 4),
(923, 9),
(923, 11),
(923, 14),
(923, 17),
(923, 22),
(923, 29),
(923, 44),
(924, 3),
(924, 9),
(924, 16),
(925, 20),
(925, 37),
(926, 1),
(926, 16),
(926, 25),
(927, 1),
(927, 6),
(927, 10),
(927, 25),
(927, 34),
(927, 43),
(928, 1),
(928, 14),
(928, 18),
(928, 27),
(928, 31),
(928, 34),
(928, 40),
(929, 38),
(929, 40),
(930, 11),
(930, 20),
(930, 30),
(930, 34),
(930, 35),
(930, 36),
(930, 39),
(930, 41),
(931, 28),
(931, 32),
(931, 37),
(931, 44),
(932, 21),
(932, 44),
(933, 4),
(933, 5),
(933, 6),
(933, 8),
(933, 14),
(933, 35),
(933, 44),
(934, 16),
(934, 22),
(934, 30),
(934, 36),
(934, 37),
(935, 6),
(936, 6),
(936, 26),
(936, 29),
(936, 42),
(936, 44),
(937, 14),
(938, 1),
(938, 6),
(938, 16),
(938, 23),
(938, 26),
(938, 33),
(939, 11),
(939, 21),
(939, 29),
(939, 44),
(941, 12),
(941, 13),
(941, 34),
(941, 38),
(941, 40),
(941, 43),
(942, 6),
(942, 9),
(942, 22),
(942, 32),
(942, 35),
(942, 42),
(943, 32),
(943, 42),
(944, 1),
(944, 5),
(944, 23),
(944, 42),
(945, 2),
(945, 5),
(945, 8),
(945, 13),
(945, 43),
(946, 9),
(946, 15),
(946, 24),
(946, 29),
(947, 7),
(947, 21),
(947, 41),
(948, 1),
(948, 2),
(948, 17),
(949, 12),
(949, 29),
(949, 31),
(949, 38),
(950, 4),
(950, 16),
(950, 25),
(950, 26),
(950, 29),
(950, 33),
(950, 35),
(950, 42),
(951, 5),
(951, 7),
(951, 18),
(951, 35),
(951, 36),
(951, 44),
(952, 29),
(952, 32),
(952, 38),
(953, 5),
(953, 14),
(953, 23),
(954, 1),
(954, 10),
(954, 11),
(954, 12),
(954, 36),
(954, 40),
(955, 18),
(955, 22),
(956, 34),
(956, 41),
(956, 43),
(956, 44),
(957, 1),
(957, 17),
(957, 22),
(957, 27),
(957, 43),
(958, 1),
(958, 10),
(958, 12),
(958, 13),
(958, 16),
(958, 25),
(958, 33),
(958, 38),
(959, 16),
(959, 26),
(959, 31),
(960, 1),
(960, 7),
(960, 8),
(960, 12),
(960, 13),
(960, 32),
(960, 34),
(961, 30),
(961, 40),
(962, 13),
(962, 22),
(962, 23),
(962, 34),
(962, 35),
(962, 41),
(963, 5),
(963, 7),
(963, 10),
(963, 13),
(963, 39),
(964, 11),
(964, 16),
(964, 36),
(964, 39),
(964, 41),
(964, 44),
(965, 13),
(965, 33),
(965, 37),
(966, 2),
(966, 7),
(966, 19),
(966, 37),
(967, 28),
(967, 32),
(967, 34),
(968, 6),
(968, 18),
(968, 20),
(968, 22),
(968, 27),
(969, 7),
(969, 22),
(969, 39),
(970, 12),
(970, 30),
(970, 39),
(971, 2),
(971, 12),
(971, 14),
(971, 17),
(971, 32),
(971, 34),
(971, 40),
(972, 6),
(972, 15),
(972, 22),
(972, 26),
(972, 43),
(973, 3),
(973, 7),
(973, 17),
(973, 22),
(973, 32),
(973, 36),
(973, 39),
(974, 7),
(974, 14),
(974, 38),
(974, 40),
(975, 5),
(975, 7),
(975, 12),
(975, 17),
(975, 32),
(976, 1),
(976, 3),
(976, 6),
(976, 40),
(977, 23),
(977, 28),
(977, 30),
(977, 34),
(978, 3),
(978, 14),
(978, 19),
(978, 29),
(978, 33),
(978, 41),
(978, 44),
(979, 22),
(979, 37),
(980, 1),
(980, 3),
(980, 26),
(980, 33),
(981, 40),
(982, 7),
(982, 8),
(982, 9),
(982, 10),
(982, 17),
(982, 27),
(982, 39),
(982, 41),
(983, 2),
(983, 16),
(983, 19),
(983, 30),
(983, 33),
(983, 39),
(984, 10),
(984, 11),
(984, 27),
(985, 1),
(985, 6),
(985, 29),
(985, 41),
(986, 19),
(986, 31),
(986, 35),
(987, 8),
(987, 21),
(987, 22),
(987, 27),
(987, 28),
(987, 32),
(988, 1),
(988, 21),
(988, 43),
(989, 5),
(989, 9),
(989, 17),
(989, 28),
(989, 30),
(989, 32),
(990, 15),
(990, 16),
(990, 19),
(990, 22),
(990, 32),
(990, 41),
(991, 14),
(991, 38),
(992, 12),
(992, 26),
(992, 32),
(992, 33),
(992, 42),
(992, 44),
(993, 8),
(993, 23),
(993, 40),
(994, 17),
(994, 19),
(994, 23),
(994, 24),
(994, 38),
(995, 12),
(995, 27),
(995, 28),
(995, 29),
(995, 35),
(995, 37),
(995, 38),
(995, 40),
(996, 16),
(996, 40),
(997, 6),
(997, 14),
(997, 17),
(997, 20),
(997, 23),
(997, 26),
(997, 30),
(998, 6),
(998, 7),
(998, 22),
(998, 23),
(998, 24),
(998, 38),
(999, 12),
(999, 40),
(999, 41),
(1000, 13),
(1000, 35);

--
-- Chỉ mục cho các bảng đã đổ
--

--
-- Chỉ mục cho bảng `account`
--
ALTER TABLE `account`
  ADD PRIMARY KEY (`username`),
  ADD UNIQUE KEY `gmail` (`gmail`);

--
-- Chỉ mục cho bảng `affiliation`
--
ALTER TABLE `affiliation`
  ADD PRIMARY KEY (`affiliation_id`);

--
-- Chỉ mục cho bảng `affiliationrel`
--
ALTER TABLE `affiliationrel`
  ADD PRIMARY KEY (`agent_id`,`affiliation_id`),
  ADD KEY `affiliation_id` (`affiliation_id`);

--
-- Chỉ mục cho bảng `agent`
--
ALTER TABLE `agent`
  ADD PRIMARY KEY (`agent_id`);

--
-- Chỉ mục cho bảng `language`
--
ALTER TABLE `language`
  ADD PRIMARY KEY (`language_id`);

--
-- Chỉ mục cho bảng `languagerel`
--
ALTER TABLE `languagerel`
  ADD PRIMARY KEY (`agent_id`,`language_id`),
  ADD KEY `language_id` (`language_id`);

--
-- Chỉ mục cho bảng `mission`
--
ALTER TABLE `mission`
  ADD PRIMARY KEY (`mission_id`);

--
-- Chỉ mục cho bảng `securityclearance`
--
ALTER TABLE `securityclearance`
  ADD PRIMARY KEY (`sc_id`);

--
-- Chỉ mục cho bảng `skill`
--
ALTER TABLE `skill`
  ADD PRIMARY KEY (`skill_id`);

--
-- Chỉ mục cho bảng `skillrel`
--
ALTER TABLE `skillrel`
  ADD PRIMARY KEY (`agent_id`,`skill_id`),
  ADD KEY `skill_id` (`skill_id`);

--
-- Chỉ mục cho bảng `team`
--
ALTER TABLE `team`
  ADD PRIMARY KEY (`team_id`);

--
-- Chỉ mục cho bảng `teamrel`
--
ALTER TABLE `teamrel`
  ADD PRIMARY KEY (`agent_id`,`team_id`),
  ADD KEY `team_id` (`team_id`);

--
-- Các ràng buộc cho các bảng đã đổ
--

--
-- Các ràng buộc cho bảng `affiliationrel`
--
ALTER TABLE `affiliationrel`
  ADD CONSTRAINT `affiliationrel_ibfk_1` FOREIGN KEY (`affiliation_id`) REFERENCES `affiliation` (`affiliation_id`);

--
-- Các ràng buộc cho bảng `languagerel`
--
ALTER TABLE `languagerel`
  ADD CONSTRAINT `languagerel_ibfk_1` FOREIGN KEY (`agent_id`) REFERENCES `agent` (`agent_id`),
  ADD CONSTRAINT `languagerel_ibfk_2` FOREIGN KEY (`language_id`) REFERENCES `language` (`language_id`);

--
-- Các ràng buộc cho bảng `skillrel`
--
ALTER TABLE `skillrel`
  ADD CONSTRAINT `skillrel_ibfk_1` FOREIGN KEY (`agent_id`) REFERENCES `agent` (`agent_id`),
  ADD CONSTRAINT `skillrel_ibfk_2` FOREIGN KEY (`skill_id`) REFERENCES `skill` (`skill_id`);

--
-- Các ràng buộc cho bảng `teamrel`
--
ALTER TABLE `teamrel`
  ADD CONSTRAINT `teamrel_ibfk_1` FOREIGN KEY (`agent_id`) REFERENCES `agent` (`agent_id`),
  ADD CONSTRAINT `teamrel_ibfk_2` FOREIGN KEY (`team_id`) REFERENCES `team` (`team_id`);
COMMIT;

/*!40101 SET CHARACTER_SET_CLIENT=@OLD_CHARACTER_SET_CLIENT */;
/*!40101 SET CHARACTER_SET_RESULTS=@OLD_CHARACTER_SET_RESULTS */;
/*!40101 SET COLLATION_CONNECTION=@OLD_COLLATION_CONNECTION */;
